{
"type": "FeatureCollection",
"name": "ahr_catchment",
"crs": { "type": "name", "properties": { "name": "urn:ogc:def:crs:OGC:1.3:CRS84" } },
"features": [
{ "type": "Feature", "properties": { "COMID": 23010851, "unitarea": 47.549767236603863 }, "geometry": { "type": "Polygon", "coordinates": [ [ [ 7.18125, 50.57625 ], [ 7.184583333333329, 50.57625 ], [ 7.184583333333329, 50.575416666666669 ], [ 7.18625, 50.575416666666669 ], [ 7.18625, 50.574583333333337 ], [ 7.189583333333328, 50.574583333333337 ], [ 7.189583333333328, 50.57375 ], [ 7.192916666666662, 50.57375 ], [ 7.192916666666662, 50.572916666666671 ], [ 7.195416666666663, 50.572916666666671 ], [ 7.195416666666663, 50.572083333333339 ], [ 7.19625, 50.572083333333339 ], [ 7.19625, 50.57125 ], [ 7.19875, 50.57125 ], [ 7.19875, 50.570416666666674 ], [ 7.20375, 50.570416666666674 ], [ 7.20375, 50.569583333333334 ], [ 7.204583333333328, 50.569583333333334 ], [ 7.204583333333328, 50.567916666666669 ], [ 7.20875, 50.567916666666669 ], [ 7.20875, 50.56875 ], [ 7.21125, 50.56875 ], [ 7.212083333333329, 50.56875 ], [ 7.212083333333329, 50.569583333333334 ], [ 7.212916666666661, 50.569583333333334 ], [ 7.212916666666661, 50.56875 ], [ 7.21458333333333, 50.56875 ], [ 7.21458333333333, 50.569583333333334 ], [ 7.217916666666664, 50.569583333333334 ], [ 7.217916666666664, 50.56875 ], [ 7.22125, 50.56875 ], [ 7.22125, 50.567083333333336 ], [ 7.225416666666664, 50.567083333333336 ], [ 7.225416666666664, 50.565416666666671 ], [ 7.22625, 50.565416666666671 ], [ 7.22625, 50.564583333333339 ], [ 7.227916666666662, 50.564583333333339 ], [ 7.227916666666662, 50.56375 ], [ 7.229583333333331, 50.56375 ], [ 7.229583333333331, 50.56125 ], [ 7.230416666666663, 50.56125 ], [ 7.230416666666663, 50.560416666666669 ], [ 7.23125, 50.560416666666669 ], [ 7.23125, 50.559583333333336 ], [ 7.232083333333328, 50.559583333333336 ], [ 7.232083333333328, 50.55875 ], [ 7.23375, 50.55875 ], [ 7.23375, 50.559583333333336 ], [ 7.23458333333333, 50.559583333333336 ], [ 7.23458333333333, 50.560416666666669 ], [ 7.235416666666662, 50.560416666666669 ], [ 7.235416666666662, 50.56125 ], [ 7.237083333333331, 50.56125 ], [ 7.237916666666663, 50.56125 ], [ 7.237916666666663, 50.562083333333334 ], [ 7.24125, 50.562083333333334 ], [ 7.24208333333333, 50.562083333333334 ], [ 7.24208333333333, 50.562916666666666 ], [ 7.242916666666662, 50.562916666666666 ], [ 7.242916666666662, 50.562083333333334 ], [ 7.24375, 50.562083333333334 ], [ 7.24375, 50.56125 ], [ 7.244583333333328, 50.56125 ], [ 7.244583333333328, 50.560416666666669 ], [ 7.245416666666664, 50.560416666666669 ], [ 7.245416666666664, 50.559583333333336 ], [ 7.252083333333328, 50.559583333333336 ], [ 7.252083333333328, 50.560416666666669 ], [ 7.252916666666664, 50.560416666666669 ], [ 7.252916666666664, 50.56125 ], [ 7.25375, 50.56125 ], [ 7.25375, 50.562083333333334 ], [ 7.260416666666664, 50.562083333333334 ], [ 7.260416666666664, 50.56125 ], [ 7.26125, 50.56125 ], [ 7.26125, 50.559583333333336 ], [ 7.262083333333329, 50.559583333333336 ], [ 7.262083333333329, 50.55875 ], [ 7.26625, 50.55875 ], [ 7.26625, 50.559583333333336 ], [ 7.267916666666661, 50.559583333333336 ], [ 7.26875, 50.559583333333336 ], [ 7.26875, 50.560416666666669 ], [ 7.270416666666662, 50.560416666666669 ], [ 7.27125, 50.560416666666669 ], [ 7.27125, 50.56125 ], [ 7.272083333333331, 50.56125 ], [ 7.272083333333331, 50.560416666666669 ], [ 7.272916666666664, 50.560416666666669 ], [ 7.272916666666664, 50.55875 ], [ 7.27375, 50.55875 ], [ 7.27375, 50.557916666666671 ], [ 7.27625, 50.557916666666671 ], [ 7.27625, 50.557083333333338 ], [ 7.27875, 50.557083333333338 ], [ 7.27875, 50.55625 ], [ 7.277916666666663, 50.55625 ], [ 7.27625, 50.55625 ], [ 7.27625, 50.555416666666673 ], [ 7.275416666666661, 50.555416666666673 ], [ 7.275416666666661, 50.554583333333341 ], [ 7.27625, 50.554583333333341 ], [ 7.27625, 50.55375 ], [ 7.27708333333333, 50.55375 ], [ 7.27708333333333, 50.552916666666668 ], [ 7.27625, 50.552916666666668 ], [ 7.27375, 50.552916666666668 ], [ 7.27375, 50.552083333333336 ], [ 7.272916666666664, 50.552083333333336 ], [ 7.272916666666664, 50.552916666666668 ], [ 7.270416666666662, 50.552916666666668 ], [ 7.270416666666662, 50.552083333333336 ], [ 7.26958333333333, 50.552083333333336 ], [ 7.26958333333333, 50.55125 ], [ 7.26875, 50.55125 ], [ 7.267083333333328, 50.55125 ], [ 7.267083333333328, 50.549583333333338 ], [ 7.26625, 50.549583333333338 ], [ 7.26625, 50.54875 ], [ 7.267083333333328, 50.54875 ], [ 7.267083333333328, 50.547916666666666 ], [ 7.26625, 50.547916666666666 ], [ 7.265416666666663, 50.547916666666666 ], [ 7.265416666666663, 50.547083333333333 ], [ 7.264583333333331, 50.547083333333333 ], [ 7.262083333333329, 50.547083333333333 ], [ 7.262083333333329, 50.545416666666668 ], [ 7.26125, 50.545416666666668 ], [ 7.26125, 50.544583333333335 ], [ 7.260416666666664, 50.544583333333335 ], [ 7.260416666666664, 50.54375 ], [ 7.259583333333328, 50.54375 ], [ 7.259583333333328, 50.542083333333338 ], [ 7.25875, 50.542083333333338 ], [ 7.25875, 50.54125 ], [ 7.257916666666663, 50.54125 ], [ 7.257916666666663, 50.53958333333334 ], [ 7.25708333333333, 50.53958333333334 ], [ 7.25708333333333, 50.53875 ], [ 7.25625, 50.53875 ], [ 7.25625, 50.537916666666668 ], [ 7.255416666666662, 50.537916666666668 ], [ 7.255416666666662, 50.537083333333335 ], [ 7.254583333333329, 50.537083333333335 ], [ 7.254583333333329, 50.53625 ], [ 7.25375, 50.53625 ], [ 7.25375, 50.53541666666667 ], [ 7.254583333333329, 50.53541666666667 ], [ 7.254583333333329, 50.53375 ], [ 7.255416666666662, 50.53375 ], [ 7.255416666666662, 50.532916666666672 ], [ 7.25625, 50.532916666666672 ], [ 7.25625, 50.53125 ], [ 7.259583333333328, 50.53125 ], [ 7.259583333333328, 50.530416666666667 ], [ 7.26125, 50.530416666666667 ], [ 7.26125, 50.529583333333335 ], [ 7.262083333333329, 50.529583333333335 ], [ 7.262083333333329, 50.527083333333337 ], [ 7.26125, 50.527083333333337 ], [ 7.26125, 50.517916666666672 ], [ 7.260416666666664, 50.517916666666672 ], [ 7.260416666666664, 50.510416666666671 ], [ 7.259583333333328, 50.510416666666671 ], [ 7.25875, 50.510416666666671 ], [ 7.25875, 50.509583333333339 ], [ 7.257916666666663, 50.509583333333339 ], [ 7.25625, 50.509583333333339 ], [ 7.25625, 50.50875 ], [ 7.255416666666662, 50.50875 ], [ 7.255416666666662, 50.507916666666674 ], [ 7.254583333333329, 50.507916666666674 ], [ 7.254583333333329, 50.50625 ], [ 7.25375, 50.50625 ], [ 7.25375, 50.505416666666669 ], [ 7.25125, 50.505416666666669 ], [ 7.25125, 50.507916666666674 ], [ 7.247916666666661, 50.507916666666674 ], [ 7.247916666666661, 50.507083333333334 ], [ 7.247083333333329, 50.507083333333334 ], [ 7.247083333333329, 50.50625 ], [ 7.244583333333328, 50.50625 ], [ 7.244583333333328, 50.507083333333334 ], [ 7.24375, 50.507083333333334 ], [ 7.24375, 50.50625 ], [ 7.242916666666662, 50.50625 ], [ 7.242916666666662, 50.505416666666669 ], [ 7.24208333333333, 50.505416666666669 ], [ 7.24208333333333, 50.504583333333336 ], [ 7.24125, 50.504583333333336 ], [ 7.23625, 50.504583333333336 ], [ 7.23625, 50.50375 ], [ 7.23458333333333, 50.50375 ], [ 7.23458333333333, 50.504583333333336 ], [ 7.23125, 50.504583333333336 ], [ 7.23125, 50.502916666666671 ], [ 7.230416666666663, 50.502916666666671 ], [ 7.227916666666662, 50.502916666666671 ], [ 7.227916666666662, 50.502083333333339 ], [ 7.22625, 50.502083333333339 ], [ 7.22625, 50.502916666666671 ], [ 7.224583333333328, 50.502916666666671 ], [ 7.224583333333328, 50.502083333333339 ], [ 7.22375, 50.502083333333339 ], [ 7.22375, 50.50125 ], [ 7.222916666666663, 50.50125 ], [ 7.222916666666663, 50.500416666666666 ], [ 7.22208333333333, 50.500416666666666 ], [ 7.22208333333333, 50.50125 ], [ 7.219583333333329, 50.50125 ], [ 7.219583333333329, 50.500416666666666 ], [ 7.21875, 50.500416666666666 ], [ 7.217916666666664, 50.500416666666666 ], [ 7.217916666666664, 50.499583333333334 ], [ 7.217083333333328, 50.499583333333334 ], [ 7.21458333333333, 50.499583333333334 ], [ 7.21458333333333, 50.49875 ], [ 7.21375, 50.49875 ], [ 7.212083333333329, 50.49875 ], [ 7.212083333333329, 50.497083333333336 ], [ 7.21125, 50.497083333333336 ], [ 7.210416666666664, 50.497083333333336 ], [ 7.210416666666664, 50.49625 ], [ 7.209583333333331, 50.49625 ], [ 7.209583333333331, 50.497083333333336 ], [ 7.20875, 50.497083333333336 ], [ 7.20875, 50.497916666666669 ], [ 7.20708333333333, 50.497916666666669 ], [ 7.20708333333333, 50.49875 ], [ 7.20625, 50.49875 ], [ 7.20625, 50.499583333333334 ], [ 7.205416666666661, 50.499583333333334 ], [ 7.205416666666661, 50.500416666666666 ], [ 7.20375, 50.500416666666666 ], [ 7.20375, 50.50125 ], [ 7.202083333333331, 50.50125 ], [ 7.202083333333331, 50.500416666666666 ], [ 7.20125, 50.500416666666666 ], [ 7.200416666666662, 50.500416666666666 ], [ 7.200416666666662, 50.499583333333334 ], [ 7.199583333333329, 50.499583333333334 ], [ 7.197916666666664, 50.499583333333334 ], [ 7.197916666666664, 50.49875 ], [ 7.197083333333328, 50.49875 ], [ 7.197083333333328, 50.497916666666669 ], [ 7.19625, 50.497916666666669 ], [ 7.195416666666663, 50.497916666666669 ], [ 7.195416666666663, 50.497083333333336 ], [ 7.19458333333333, 50.497083333333336 ], [ 7.19458333333333, 50.497916666666669 ], [ 7.19375, 50.497916666666669 ], [ 7.19375, 50.49875 ], [ 7.19125, 50.49875 ], [ 7.19125, 50.497916666666669 ], [ 7.189583333333328, 50.497916666666669 ], [ 7.189583333333328, 50.49875 ], [ 7.18875, 50.49875 ], [ 7.18875, 50.499583333333334 ], [ 7.187916666666663, 50.499583333333334 ], [ 7.187916666666663, 50.50125 ], [ 7.18375, 50.50125 ], [ 7.18375, 50.500416666666666 ], [ 7.182083333333328, 50.500416666666666 ], [ 7.182083333333328, 50.50375 ], [ 7.18125, 50.50375 ], [ 7.18125, 50.504583333333336 ], [ 7.17875, 50.504583333333336 ], [ 7.17875, 50.505416666666669 ], [ 7.177083333333329, 50.505416666666669 ], [ 7.177083333333329, 50.50625 ], [ 7.17625, 50.50625 ], [ 7.17625, 50.507083333333334 ], [ 7.175416666666663, 50.507083333333334 ], [ 7.175416666666663, 50.507916666666674 ], [ 7.174583333333331, 50.507916666666674 ], [ 7.174583333333331, 50.50875 ], [ 7.17375, 50.50875 ], [ 7.17375, 50.509583333333339 ], [ 7.172916666666662, 50.509583333333339 ], [ 7.172916666666662, 50.510416666666671 ], [ 7.17208333333333, 50.510416666666671 ], [ 7.17208333333333, 50.51125 ], [ 7.17125, 50.51125 ], [ 7.17125, 50.510416666666671 ], [ 7.170416666666664, 50.510416666666671 ], [ 7.167083333333331, 50.510416666666671 ], [ 7.167083333333331, 50.509583333333339 ], [ 7.162916666666664, 50.509583333333339 ], [ 7.162916666666664, 50.510416666666671 ], [ 7.160416666666663, 50.510416666666671 ], [ 7.160416666666663, 50.51125 ], [ 7.15875, 50.51125 ], [ 7.15875, 50.512083333333337 ], [ 7.157916666666662, 50.512083333333337 ], [ 7.157916666666662, 50.512916666666669 ], [ 7.15375, 50.512916666666669 ], [ 7.15375, 50.51375 ], [ 7.152916666666663, 50.51375 ], [ 7.152916666666663, 50.514583333333334 ], [ 7.15375, 50.514583333333334 ], [ 7.15375, 50.515416666666667 ], [ 7.154583333333328, 50.515416666666667 ], [ 7.154583333333328, 50.51625 ], [ 7.155416666666664, 50.51625 ], [ 7.155416666666664, 50.517083333333339 ], [ 7.15625, 50.517083333333339 ], [ 7.15625, 50.517916666666672 ], [ 7.157083333333329, 50.517916666666672 ], [ 7.157083333333329, 50.51875 ], [ 7.15875, 50.51875 ], [ 7.15958333333333, 50.51875 ], [ 7.15958333333333, 50.519583333333337 ], [ 7.160416666666663, 50.519583333333337 ], [ 7.16125, 50.519583333333337 ], [ 7.16125, 50.520416666666669 ], [ 7.162916666666664, 50.520416666666669 ], [ 7.16375, 50.520416666666669 ], [ 7.16375, 50.52125 ], [ 7.164583333333329, 50.52125 ], [ 7.165416666666662, 50.52125 ], [ 7.165416666666662, 50.522083333333335 ], [ 7.16625, 50.522083333333335 ], [ 7.167083333333331, 50.522083333333335 ], [ 7.167083333333331, 50.522916666666674 ], [ 7.167916666666663, 50.522916666666674 ], [ 7.16875, 50.522916666666674 ], [ 7.16875, 50.52375 ], [ 7.167916666666663, 50.52375 ], [ 7.167916666666663, 50.524583333333339 ], [ 7.167083333333331, 50.524583333333339 ], [ 7.167083333333331, 50.525416666666672 ], [ 7.16625, 50.525416666666672 ], [ 7.16625, 50.527083333333337 ], [ 7.165416666666662, 50.527083333333337 ], [ 7.165416666666662, 50.52791666666667 ], [ 7.164583333333329, 50.52791666666667 ], [ 7.164583333333329, 50.529583333333335 ], [ 7.165416666666662, 50.529583333333335 ], [ 7.165416666666662, 50.53125 ], [ 7.164583333333329, 50.53125 ], [ 7.164583333333329, 50.532916666666672 ], [ 7.165416666666662, 50.532916666666672 ], [ 7.165416666666662, 50.53375 ], [ 7.164583333333329, 50.53375 ], [ 7.164583333333329, 50.53541666666667 ], [ 7.16375, 50.53541666666667 ], [ 7.16375, 50.53625 ], [ 7.164583333333329, 50.53625 ], [ 7.164583333333329, 50.53875 ], [ 7.165416666666662, 50.53875 ], [ 7.165416666666662, 50.54125 ], [ 7.164583333333329, 50.54125 ], [ 7.164583333333329, 50.54375 ], [ 7.165416666666662, 50.54375 ], [ 7.165416666666662, 50.544583333333335 ], [ 7.164583333333329, 50.544583333333335 ], [ 7.164583333333329, 50.545416666666668 ], [ 7.165416666666662, 50.545416666666668 ], [ 7.165416666666662, 50.54625 ], [ 7.16625, 50.54625 ], [ 7.16625, 50.54875 ], [ 7.167083333333331, 50.54875 ], [ 7.167083333333331, 50.549583333333338 ], [ 7.16625, 50.549583333333338 ], [ 7.16625, 50.550416666666671 ], [ 7.167083333333331, 50.550416666666671 ], [ 7.167916666666663, 50.550416666666671 ], [ 7.167916666666663, 50.55125 ], [ 7.16875, 50.55125 ], [ 7.16875, 50.552083333333336 ], [ 7.174583333333331, 50.552083333333336 ], [ 7.175416666666663, 50.552083333333336 ], [ 7.175416666666663, 50.552916666666668 ], [ 7.17625, 50.552916666666668 ], [ 7.177083333333329, 50.552916666666668 ], [ 7.177083333333329, 50.55375 ], [ 7.177916666666661, 50.55375 ], [ 7.177916666666661, 50.555416666666673 ], [ 7.17875, 50.555416666666673 ], [ 7.17875, 50.557916666666671 ], [ 7.177916666666661, 50.557916666666671 ], [ 7.177916666666661, 50.55875 ], [ 7.17875, 50.55875 ], [ 7.17958333333333, 50.55875 ], [ 7.17958333333333, 50.565416666666671 ], [ 7.17875, 50.565416666666671 ], [ 7.17875, 50.56625 ], [ 7.177916666666661, 50.56625 ], [ 7.177916666666661, 50.567083333333336 ], [ 7.177083333333329, 50.567083333333336 ], [ 7.177083333333329, 50.567916666666669 ], [ 7.17625, 50.567916666666669 ], [ 7.17625, 50.56875 ], [ 7.177083333333329, 50.56875 ], [ 7.177916666666661, 50.56875 ], [ 7.177916666666661, 50.569583333333334 ], [ 7.17958333333333, 50.569583333333334 ], [ 7.180416666666662, 50.569583333333334 ], [ 7.180416666666662, 50.57125 ], [ 7.18125, 50.57125 ], [ 7.18125, 50.572916666666671 ], [ 7.182083333333328, 50.572916666666671 ], [ 7.182083333333328, 50.57375 ], [ 7.182916666666664, 50.57375 ], [ 7.182916666666664, 50.574583333333337 ], [ 7.182083333333328, 50.574583333333337 ], [ 7.182083333333328, 50.575416666666669 ], [ 7.18125, 50.575416666666669 ], [ 7.18125, 50.57625 ] ] ] } },
{ "type": "Feature", "properties": { "COMID": 23010921, "unitarea": 76.024700545593532 }, "geometry": { "type": "Polygon", "coordinates": [ [ [ 7.09708333333333, 50.567916666666669 ], [ 7.100416666666664, 50.567916666666669 ], [ 7.100416666666664, 50.567083333333336 ], [ 7.102916666666662, 50.567083333333336 ], [ 7.102916666666662, 50.56625 ], [ 7.10375, 50.56625 ], [ 7.10375, 50.567083333333336 ], [ 7.10875, 50.567083333333336 ], [ 7.10875, 50.56625 ], [ 7.10958333333333, 50.56625 ], [ 7.10958333333333, 50.565416666666671 ], [ 7.112083333333331, 50.565416666666671 ], [ 7.112083333333331, 50.564583333333339 ], [ 7.112916666666663, 50.564583333333339 ], [ 7.112916666666663, 50.56375 ], [ 7.114583333333329, 50.56375 ], [ 7.114583333333329, 50.562916666666666 ], [ 7.11625, 50.562916666666666 ], [ 7.11625, 50.56375 ], [ 7.11708333333333, 50.56375 ], [ 7.117916666666662, 50.56375 ], [ 7.117916666666662, 50.564583333333339 ], [ 7.11875, 50.564583333333339 ], [ 7.11875, 50.56375 ], [ 7.119583333333328, 50.56375 ], [ 7.119583333333328, 50.56125 ], [ 7.12125, 50.56125 ], [ 7.12125, 50.560416666666669 ], [ 7.122083333333329, 50.560416666666669 ], [ 7.122083333333329, 50.55875 ], [ 7.12458333333333, 50.55875 ], [ 7.12458333333333, 50.557916666666671 ], [ 7.12875, 50.557916666666671 ], [ 7.12875, 50.557083333333338 ], [ 7.13125, 50.557083333333338 ], [ 7.13125, 50.557916666666671 ], [ 7.13625, 50.557916666666671 ], [ 7.13625, 50.557083333333338 ], [ 7.142916666666661, 50.557083333333338 ], [ 7.142916666666661, 50.557916666666671 ], [ 7.14375, 50.557916666666671 ], [ 7.14375, 50.55875 ], [ 7.14625, 50.55875 ], [ 7.147083333333331, 50.55875 ], [ 7.147083333333331, 50.559583333333336 ], [ 7.15208333333333, 50.559583333333336 ], [ 7.15208333333333, 50.55875 ], [ 7.152916666666663, 50.55875 ], [ 7.152916666666663, 50.559583333333336 ], [ 7.154583333333328, 50.559583333333336 ], [ 7.154583333333328, 50.55875 ], [ 7.155416666666664, 50.55875 ], [ 7.155416666666664, 50.557916666666671 ], [ 7.15875, 50.557916666666671 ], [ 7.15875, 50.557083333333338 ], [ 7.15958333333333, 50.557083333333338 ], [ 7.15958333333333, 50.55625 ], [ 7.160416666666663, 50.55625 ], [ 7.160416666666663, 50.555416666666673 ], [ 7.16125, 50.555416666666673 ], [ 7.16125, 50.55375 ], [ 7.162083333333328, 50.55375 ], [ 7.162083333333328, 50.552916666666668 ], [ 7.162916666666664, 50.552916666666668 ], [ 7.162916666666664, 50.552083333333336 ], [ 7.16375, 50.552083333333336 ], [ 7.16375, 50.55125 ], [ 7.162916666666664, 50.55125 ], [ 7.162916666666664, 50.550416666666671 ], [ 7.16375, 50.550416666666671 ], [ 7.16375, 50.54875 ], [ 7.165416666666662, 50.54875 ], [ 7.165416666666662, 50.547916666666666 ], [ 7.16625, 50.547916666666666 ], [ 7.16625, 50.54625 ], [ 7.165416666666662, 50.54625 ], [ 7.165416666666662, 50.545416666666668 ], [ 7.164583333333329, 50.545416666666668 ], [ 7.164583333333329, 50.544583333333335 ], [ 7.165416666666662, 50.544583333333335 ], [ 7.165416666666662, 50.54375 ], [ 7.164583333333329, 50.54375 ], [ 7.164583333333329, 50.54125 ], [ 7.165416666666662, 50.54125 ], [ 7.165416666666662, 50.53875 ], [ 7.164583333333329, 50.53875 ], [ 7.164583333333329, 50.53625 ], [ 7.16375, 50.53625 ], [ 7.16375, 50.53541666666667 ], [ 7.164583333333329, 50.53541666666667 ], [ 7.164583333333329, 50.53375 ], [ 7.165416666666662, 50.53375 ], [ 7.165416666666662, 50.532916666666672 ], [ 7.164583333333329, 50.532916666666672 ], [ 7.164583333333329, 50.53125 ], [ 7.165416666666662, 50.53125 ], [ 7.165416666666662, 50.529583333333335 ], [ 7.164583333333329, 50.529583333333335 ], [ 7.164583333333329, 50.52791666666667 ], [ 7.165416666666662, 50.52791666666667 ], [ 7.165416666666662, 50.527083333333337 ], [ 7.16625, 50.527083333333337 ], [ 7.16625, 50.525416666666672 ], [ 7.167083333333331, 50.525416666666672 ], [ 7.167083333333331, 50.524583333333339 ], [ 7.167916666666663, 50.524583333333339 ], [ 7.167916666666663, 50.52375 ], [ 7.16875, 50.52375 ], [ 7.16875, 50.522916666666674 ], [ 7.167916666666663, 50.522916666666674 ], [ 7.167083333333331, 50.522916666666674 ], [ 7.167083333333331, 50.522083333333335 ], [ 7.16625, 50.522083333333335 ], [ 7.165416666666662, 50.522083333333335 ], [ 7.165416666666662, 50.52125 ], [ 7.164583333333329, 50.52125 ], [ 7.16375, 50.52125 ], [ 7.16375, 50.520416666666669 ], [ 7.162916666666664, 50.520416666666669 ], [ 7.16125, 50.520416666666669 ], [ 7.16125, 50.519583333333337 ], [ 7.160416666666663, 50.519583333333337 ], [ 7.15958333333333, 50.519583333333337 ], [ 7.15958333333333, 50.51875 ], [ 7.15875, 50.51875 ], [ 7.157083333333329, 50.51875 ], [ 7.157083333333329, 50.517916666666672 ], [ 7.15625, 50.517916666666672 ], [ 7.15625, 50.517083333333339 ], [ 7.155416666666664, 50.517083333333339 ], [ 7.155416666666664, 50.51625 ], [ 7.154583333333328, 50.51625 ], [ 7.154583333333328, 50.515416666666667 ], [ 7.15375, 50.515416666666667 ], [ 7.15375, 50.514583333333334 ], [ 7.152916666666663, 50.514583333333334 ], [ 7.152916666666663, 50.51375 ], [ 7.15208333333333, 50.51375 ], [ 7.15125, 50.51375 ], [ 7.15125, 50.512916666666669 ], [ 7.150416666666661, 50.512916666666669 ], [ 7.149583333333329, 50.512916666666669 ], [ 7.149583333333329, 50.512083333333337 ], [ 7.14875, 50.512083333333337 ], [ 7.14875, 50.510416666666671 ], [ 7.147916666666664, 50.510416666666671 ], [ 7.147916666666664, 50.509583333333339 ], [ 7.147083333333331, 50.509583333333339 ], [ 7.147083333333331, 50.50875 ], [ 7.14625, 50.50875 ], [ 7.14625, 50.507083333333334 ], [ 7.147916666666664, 50.507083333333334 ], [ 7.147916666666664, 50.505416666666669 ], [ 7.147083333333331, 50.505416666666669 ], [ 7.147083333333331, 50.504583333333336 ], [ 7.14625, 50.504583333333336 ], [ 7.142916666666661, 50.504583333333336 ], [ 7.142916666666661, 50.50375 ], [ 7.142083333333328, 50.50375 ], [ 7.142083333333328, 50.502916666666671 ], [ 7.140416666666663, 50.502916666666671 ], [ 7.140416666666663, 50.50375 ], [ 7.134583333333328, 50.50375 ], [ 7.134583333333328, 50.504583333333336 ], [ 7.127083333333328, 50.504583333333336 ], [ 7.127083333333328, 50.50375 ], [ 7.12625, 50.50375 ], [ 7.12625, 50.502916666666671 ], [ 7.125416666666663, 50.502916666666671 ], [ 7.125416666666663, 50.502083333333339 ], [ 7.12458333333333, 50.502083333333339 ], [ 7.12458333333333, 50.50125 ], [ 7.12375, 50.50125 ], [ 7.122916666666661, 50.50125 ], [ 7.122916666666661, 50.499583333333334 ], [ 7.122083333333329, 50.499583333333334 ], [ 7.122083333333329, 50.49875 ], [ 7.12125, 50.49875 ], [ 7.12125, 50.497916666666669 ], [ 7.120416666666664, 50.497916666666669 ], [ 7.120416666666664, 50.497083333333336 ], [ 7.119583333333328, 50.497083333333336 ], [ 7.119583333333328, 50.49625 ], [ 7.11875, 50.49625 ], [ 7.11875, 50.495416666666671 ], [ 7.117916666666662, 50.495416666666671 ], [ 7.117916666666662, 50.494583333333338 ], [ 7.11708333333333, 50.494583333333338 ], [ 7.115416666666661, 50.494583333333338 ], [ 7.115416666666661, 50.49375 ], [ 7.114583333333329, 50.49375 ], [ 7.114583333333329, 50.492916666666673 ], [ 7.11375, 50.492916666666673 ], [ 7.112916666666663, 50.492916666666673 ], [ 7.112916666666663, 50.492083333333341 ], [ 7.112083333333331, 50.492083333333341 ], [ 7.11125, 50.492083333333341 ], [ 7.11125, 50.490416666666668 ], [ 7.110416666666662, 50.490416666666668 ], [ 7.110416666666662, 50.48875 ], [ 7.10958333333333, 50.48875 ], [ 7.10125, 50.48875 ], [ 7.10125, 50.487916666666671 ], [ 7.100416666666664, 50.487916666666671 ], [ 7.09875, 50.487916666666671 ], [ 7.09875, 50.487083333333338 ], [ 7.09375, 50.487083333333338 ], [ 7.09375, 50.492916666666673 ], [ 7.092916666666664, 50.492916666666673 ], [ 7.092916666666664, 50.49375 ], [ 7.08375, 50.49375 ], [ 7.08375, 50.495416666666671 ], [ 7.082916666666662, 50.495416666666671 ], [ 7.082916666666662, 50.497083333333336 ], [ 7.08208333333333, 50.497083333333336 ], [ 7.08208333333333, 50.497916666666669 ], [ 7.074583333333329, 50.497916666666669 ], [ 7.074583333333329, 50.502916666666671 ], [ 7.07375, 50.502916666666671 ], [ 7.07375, 50.504583333333336 ], [ 7.06958333333333, 50.504583333333336 ], [ 7.06958333333333, 50.505416666666669 ], [ 7.06625, 50.505416666666669 ], [ 7.06625, 50.504583333333336 ], [ 7.065416666666664, 50.504583333333336 ], [ 7.06375, 50.504583333333336 ], [ 7.06375, 50.50375 ], [ 7.06125, 50.50375 ], [ 7.06125, 50.504583333333336 ], [ 7.060416666666661, 50.504583333333336 ], [ 7.060416666666661, 50.50375 ], [ 7.059583333333329, 50.50375 ], [ 7.05875, 50.50375 ], [ 7.05875, 50.502916666666671 ], [ 7.057916666666664, 50.502916666666671 ], [ 7.057083333333331, 50.502916666666671 ], [ 7.057083333333331, 50.502083333333339 ], [ 7.05625, 50.502083333333339 ], [ 7.05625, 50.500416666666666 ], [ 7.055416666666662, 50.500416666666666 ], [ 7.055416666666662, 50.499583333333334 ], [ 7.05458333333333, 50.499583333333334 ], [ 7.05458333333333, 50.49875 ], [ 7.05375, 50.49875 ], [ 7.05375, 50.497916666666669 ], [ 7.052916666666661, 50.497916666666669 ], [ 7.052916666666661, 50.497083333333336 ], [ 7.052083333333329, 50.497083333333336 ], [ 7.050416666666663, 50.497083333333336 ], [ 7.050416666666663, 50.49625 ], [ 7.049583333333331, 50.49625 ], [ 7.04708333333333, 50.49625 ], [ 7.04708333333333, 50.495416666666671 ], [ 7.042083333333331, 50.495416666666671 ], [ 7.042083333333331, 50.49625 ], [ 7.039583333333329, 50.49625 ], [ 7.039583333333329, 50.497083333333336 ], [ 7.032083333333329, 50.497083333333336 ], [ 7.032083333333329, 50.497916666666669 ], [ 7.027916666666663, 50.497916666666669 ], [ 7.027916666666663, 50.497083333333336 ], [ 7.022916666666664, 50.497083333333336 ], [ 7.022916666666664, 50.497916666666669 ], [ 7.01958333333333, 50.497916666666669 ], [ 7.01958333333333, 50.49875 ], [ 7.020416666666662, 50.49875 ], [ 7.020416666666662, 50.50125 ], [ 7.01875, 50.50125 ], [ 7.01875, 50.502083333333339 ], [ 7.017916666666661, 50.502083333333339 ], [ 7.017916666666661, 50.502916666666671 ], [ 7.017083333333328, 50.502916666666671 ], [ 7.017083333333328, 50.50375 ], [ 7.01375, 50.50375 ], [ 7.01375, 50.502916666666671 ], [ 7.012916666666662, 50.502916666666671 ], [ 7.012916666666662, 50.50375 ], [ 7.00625, 50.50375 ], [ 7.00625, 50.502916666666671 ], [ 7.005416666666662, 50.502916666666671 ], [ 7.004583333333329, 50.502916666666671 ], [ 7.004583333333329, 50.502083333333339 ], [ 7.00375, 50.502083333333339 ], [ 7.000416666666663, 50.502083333333339 ], [ 7.000416666666663, 50.50125 ], [ 6.99958333333333, 50.50125 ], [ 6.99958333333333, 50.500416666666666 ], [ 6.995416666666664, 50.500416666666666 ], [ 6.995416666666664, 50.50125 ], [ 6.992916666666662, 50.50125 ], [ 6.992916666666662, 50.502916666666671 ], [ 6.99208333333333, 50.502916666666671 ], [ 6.99208333333333, 50.50375 ], [ 6.990416666666661, 50.50375 ], [ 6.990416666666661, 50.504583333333336 ], [ 6.98625, 50.504583333333336 ], [ 6.98625, 50.505416666666669 ], [ 6.98458333333333, 50.505416666666669 ], [ 6.98458333333333, 50.50625 ], [ 6.98375, 50.50625 ], [ 6.98375, 50.507083333333334 ], [ 6.982916666666664, 50.507083333333334 ], [ 6.982916666666664, 50.507916666666674 ], [ 6.982083333333328, 50.507916666666674 ], [ 6.982083333333328, 50.509583333333339 ], [ 6.97875, 50.509583333333339 ], [ 6.97875, 50.510416666666671 ], [ 6.977083333333329, 50.510416666666671 ], [ 6.977083333333329, 50.512083333333337 ], [ 6.97625, 50.512083333333337 ], [ 6.97625, 50.512916666666669 ], [ 6.977083333333329, 50.512916666666669 ], [ 6.977083333333329, 50.51625 ], [ 6.977916666666662, 50.51625 ], [ 6.97875, 50.51625 ], [ 6.97875, 50.517083333333339 ], [ 6.979583333333331, 50.517083333333339 ], [ 6.979583333333331, 50.519583333333337 ], [ 6.97875, 50.519583333333337 ], [ 6.97875, 50.520416666666669 ], [ 6.977916666666662, 50.520416666666669 ], [ 6.977916666666662, 50.52125 ], [ 6.97875, 50.52125 ], [ 6.97875, 50.522083333333335 ], [ 6.977916666666662, 50.522083333333335 ], [ 6.977916666666662, 50.522916666666674 ], [ 6.977083333333329, 50.522916666666674 ], [ 6.977083333333329, 50.525416666666672 ], [ 6.97625, 50.525416666666672 ], [ 6.97625, 50.52625 ], [ 6.977083333333329, 50.52625 ], [ 6.977083333333329, 50.527083333333337 ], [ 6.977916666666662, 50.527083333333337 ], [ 6.977916666666662, 50.52791666666667 ], [ 6.97875, 50.52791666666667 ], [ 6.979583333333331, 50.52791666666667 ], [ 6.979583333333331, 50.52875 ], [ 6.980416666666663, 50.52875 ], [ 6.98125, 50.52875 ], [ 6.98125, 50.53125 ], [ 6.982083333333328, 50.53125 ], [ 6.982083333333328, 50.532083333333333 ], [ 6.98125, 50.532083333333333 ], [ 6.98125, 50.53375 ], [ 6.982083333333328, 50.53375 ], [ 6.982083333333328, 50.53625 ], [ 6.98125, 50.53625 ], [ 6.98125, 50.537083333333335 ], [ 6.982083333333328, 50.537083333333335 ], [ 6.982083333333328, 50.53875 ], [ 6.982916666666664, 50.53875 ], [ 6.98375, 50.53875 ], [ 6.98375, 50.53958333333334 ], [ 6.98458333333333, 50.53958333333334 ], [ 6.98458333333333, 50.540416666666673 ], [ 6.985416666666662, 50.540416666666673 ], [ 6.985416666666662, 50.54125 ], [ 6.98625, 50.54125 ], [ 6.98625, 50.542083333333338 ], [ 6.987083333333331, 50.542083333333338 ], [ 6.987083333333331, 50.54291666666667 ], [ 6.98625, 50.54291666666667 ], [ 6.98625, 50.54375 ], [ 6.987083333333331, 50.54375 ], [ 6.987083333333331, 50.544583333333335 ], [ 6.98625, 50.544583333333335 ], [ 6.98625, 50.545416666666668 ], [ 6.987083333333331, 50.545416666666668 ], [ 6.987083333333331, 50.54625 ], [ 6.987916666666663, 50.54625 ], [ 6.98875, 50.54625 ], [ 6.98875, 50.547083333333333 ], [ 6.99625, 50.547083333333333 ], [ 6.997083333333329, 50.547083333333333 ], [ 6.997083333333329, 50.547916666666666 ], [ 7.002083333333328, 50.547916666666666 ], [ 7.002083333333328, 50.547083333333333 ], [ 7.00375, 50.547083333333333 ], [ 7.00375, 50.545416666666668 ], [ 7.005416666666662, 50.545416666666668 ], [ 7.005416666666662, 50.544583333333335 ], [ 7.007916666666663, 50.544583333333335 ], [ 7.007916666666663, 50.54375 ], [ 7.00875, 50.54375 ], [ 7.00875, 50.54125 ], [ 7.009583333333328, 50.54125 ], [ 7.009583333333328, 50.540416666666673 ], [ 7.010416666666664, 50.540416666666673 ], [ 7.010416666666664, 50.53958333333334 ], [ 7.01125, 50.53958333333334 ], [ 7.01125, 50.53875 ], [ 7.012083333333329, 50.53875 ], [ 7.012083333333329, 50.537916666666668 ], [ 7.01375, 50.537916666666668 ], [ 7.01375, 50.537083333333335 ], [ 7.01958333333333, 50.537083333333335 ], [ 7.01958333333333, 50.537916666666668 ], [ 7.025416666666661, 50.537916666666668 ], [ 7.02625, 50.537916666666668 ], [ 7.02625, 50.53875 ], [ 7.02708333333333, 50.53875 ], [ 7.02708333333333, 50.53958333333334 ], [ 7.027916666666663, 50.53958333333334 ], [ 7.027916666666663, 50.540416666666673 ], [ 7.02875, 50.540416666666673 ], [ 7.029583333333328, 50.540416666666673 ], [ 7.029583333333328, 50.54125 ], [ 7.035416666666663, 50.54125 ], [ 7.03625, 50.54125 ], [ 7.03625, 50.542083333333338 ], [ 7.037916666666664, 50.542083333333338 ], [ 7.03875, 50.542083333333338 ], [ 7.03875, 50.54291666666667 ], [ 7.039583333333329, 50.54291666666667 ], [ 7.040416666666662, 50.54291666666667 ], [ 7.040416666666662, 50.54375 ], [ 7.04708333333333, 50.54375 ], [ 7.04708333333333, 50.54291666666667 ], [ 7.047916666666662, 50.54291666666667 ], [ 7.04875, 50.54291666666667 ], [ 7.04875, 50.544583333333335 ], [ 7.047916666666662, 50.544583333333335 ], [ 7.047916666666662, 50.547916666666666 ], [ 7.04875, 50.547916666666666 ], [ 7.04875, 50.54875 ], [ 7.049583333333331, 50.54875 ], [ 7.049583333333331, 50.549583333333338 ], [ 7.05125, 50.549583333333338 ], [ 7.052083333333329, 50.549583333333338 ], [ 7.052083333333329, 50.550416666666671 ], [ 7.052916666666661, 50.550416666666671 ], [ 7.052916666666661, 50.552083333333336 ], [ 7.05375, 50.552083333333336 ], [ 7.05458333333333, 50.552083333333336 ], [ 7.05458333333333, 50.552916666666668 ], [ 7.055416666666662, 50.552916666666668 ], [ 7.05625, 50.552916666666668 ], [ 7.05625, 50.554583333333341 ], [ 7.057083333333331, 50.554583333333341 ], [ 7.057916666666664, 50.554583333333341 ], [ 7.057916666666664, 50.555416666666673 ], [ 7.059583333333329, 50.555416666666673 ], [ 7.060416666666661, 50.555416666666673 ], [ 7.060416666666661, 50.55625 ], [ 7.064583333333328, 50.55625 ], [ 7.064583333333328, 50.555416666666673 ], [ 7.07125, 50.555416666666673 ], [ 7.07125, 50.554583333333341 ], [ 7.07875, 50.554583333333341 ], [ 7.07875, 50.555416666666673 ], [ 7.079583333333328, 50.555416666666673 ], [ 7.079583333333328, 50.55625 ], [ 7.080416666666661, 50.55625 ], [ 7.080416666666661, 50.557083333333338 ], [ 7.08125, 50.557083333333338 ], [ 7.08125, 50.557916666666671 ], [ 7.08208333333333, 50.557916666666671 ], [ 7.08208333333333, 50.55875 ], [ 7.08375, 50.55875 ], [ 7.084583333333331, 50.55875 ], [ 7.084583333333331, 50.559583333333336 ], [ 7.087083333333329, 50.559583333333336 ], [ 7.087916666666661, 50.559583333333336 ], [ 7.087916666666661, 50.560416666666669 ], [ 7.08875, 50.560416666666669 ], [ 7.08875, 50.56125 ], [ 7.08958333333333, 50.56125 ], [ 7.08958333333333, 50.562083333333334 ], [ 7.090416666666663, 50.562083333333334 ], [ 7.09125, 50.562083333333334 ], [ 7.09125, 50.562916666666666 ], [ 7.092083333333328, 50.562916666666666 ], [ 7.092083333333328, 50.56375 ], [ 7.092916666666664, 50.56375 ], [ 7.092916666666664, 50.564583333333339 ], [ 7.09375, 50.564583333333339 ], [ 7.09375, 50.565416666666671 ], [ 7.094583333333329, 50.565416666666671 ], [ 7.094583333333329, 50.56625 ], [ 7.095416666666662, 50.56625 ], [ 7.095416666666662, 50.567083333333336 ], [ 7.09625, 50.567083333333336 ], [ 7.09708333333333, 50.567083333333336 ], [ 7.09708333333333, 50.567916666666669 ] ] ] } },
{ "type": "Feature", "properties": { "COMID": 23010923, "unitarea": 7.9424384229956821 }, "geometry": { "type": "Polygon", "coordinates": [ [ [ 6.97625, 50.51125 ], [ 6.977083333333329, 50.51125 ], [ 6.977083333333329, 50.510416666666671 ], [ 6.97875, 50.510416666666671 ], [ 6.97875, 50.509583333333339 ], [ 6.982083333333328, 50.509583333333339 ], [ 6.982083333333328, 50.507916666666674 ], [ 6.982916666666664, 50.507916666666674 ], [ 6.982916666666664, 50.507083333333334 ], [ 6.98375, 50.507083333333334 ], [ 6.98375, 50.50625 ], [ 6.98458333333333, 50.50625 ], [ 6.98458333333333, 50.505416666666669 ], [ 6.98625, 50.505416666666669 ], [ 6.98625, 50.504583333333336 ], [ 6.990416666666661, 50.504583333333336 ], [ 6.990416666666661, 50.50375 ], [ 6.99208333333333, 50.50375 ], [ 6.99208333333333, 50.502916666666671 ], [ 6.992916666666662, 50.502916666666671 ], [ 6.992916666666662, 50.50125 ], [ 6.995416666666664, 50.50125 ], [ 6.995416666666664, 50.500416666666666 ], [ 6.99875, 50.500416666666666 ], [ 6.99875, 50.499583333333334 ], [ 6.99958333333333, 50.499583333333334 ], [ 6.99958333333333, 50.49875 ], [ 6.99875, 50.49875 ], [ 6.99875, 50.497916666666669 ], [ 6.997916666666661, 50.497916666666669 ], [ 6.997916666666661, 50.497083333333336 ], [ 6.997083333333329, 50.497083333333336 ], [ 6.997083333333329, 50.495416666666671 ], [ 6.99625, 50.495416666666671 ], [ 6.99625, 50.494583333333338 ], [ 6.995416666666664, 50.494583333333338 ], [ 6.994583333333331, 50.494583333333338 ], [ 6.994583333333331, 50.49375 ], [ 6.99375, 50.49375 ], [ 6.99375, 50.492916666666673 ], [ 6.992916666666662, 50.492916666666673 ], [ 6.992916666666662, 50.49125 ], [ 6.99208333333333, 50.49125 ], [ 6.99208333333333, 50.490416666666668 ], [ 6.99125, 50.490416666666668 ], [ 6.99125, 50.489583333333336 ], [ 6.990416666666661, 50.489583333333336 ], [ 6.990416666666661, 50.487916666666671 ], [ 6.989583333333329, 50.487916666666671 ], [ 6.989583333333329, 50.487083333333338 ], [ 6.98875, 50.487083333333338 ], [ 6.982916666666664, 50.487083333333338 ], [ 6.982916666666664, 50.48625 ], [ 6.982083333333328, 50.48625 ], [ 6.982083333333328, 50.487083333333338 ], [ 6.980416666666663, 50.487083333333338 ], [ 6.980416666666663, 50.487916666666671 ], [ 6.977083333333329, 50.487916666666671 ], [ 6.977083333333329, 50.48875 ], [ 6.975416666666664, 50.48875 ], [ 6.975416666666664, 50.487916666666671 ], [ 6.974583333333328, 50.487916666666671 ], [ 6.974583333333328, 50.487083333333338 ], [ 6.97375, 50.487083333333338 ], [ 6.97375, 50.484583333333333 ], [ 6.972916666666663, 50.484583333333333 ], [ 6.972916666666663, 50.48375 ], [ 6.97208333333333, 50.48375 ], [ 6.97208333333333, 50.484583333333333 ], [ 6.97125, 50.484583333333333 ], [ 6.97125, 50.48375 ], [ 6.970416666666662, 50.48375 ], [ 6.970416666666662, 50.484583333333333 ], [ 6.969583333333329, 50.484583333333333 ], [ 6.969583333333329, 50.48375 ], [ 6.96875, 50.48375 ], [ 6.96875, 50.484583333333333 ], [ 6.96125, 50.484583333333333 ], [ 6.96125, 50.485416666666666 ], [ 6.95708333333333, 50.485416666666666 ], [ 6.95708333333333, 50.48625 ], [ 6.95125, 50.48625 ], [ 6.95125, 50.485416666666666 ], [ 6.93708333333333, 50.485416666666666 ], [ 6.93708333333333, 50.487083333333338 ], [ 6.93625, 50.487083333333338 ], [ 6.93625, 50.48875 ], [ 6.935416666666661, 50.48875 ], [ 6.935416666666661, 50.490416666666668 ], [ 6.93625, 50.490416666666668 ], [ 6.93625, 50.49375 ], [ 6.934583333333329, 50.49375 ], [ 6.934583333333329, 50.495416666666671 ], [ 6.935416666666661, 50.495416666666671 ], [ 6.935416666666661, 50.49625 ], [ 6.937916666666663, 50.49625 ], [ 6.93875, 50.49625 ], [ 6.93875, 50.497083333333336 ], [ 6.940416666666664, 50.497083333333336 ], [ 6.94125, 50.497083333333336 ], [ 6.94125, 50.497916666666669 ], [ 6.94375, 50.497916666666669 ], [ 6.94458333333333, 50.497916666666669 ], [ 6.94458333333333, 50.49875 ], [ 6.94625, 50.49875 ], [ 6.947083333333328, 50.49875 ], [ 6.947083333333328, 50.499583333333334 ], [ 6.947916666666664, 50.499583333333334 ], [ 6.94875, 50.499583333333334 ], [ 6.94875, 50.500416666666666 ], [ 6.95375, 50.500416666666666 ], [ 6.954583333333328, 50.500416666666666 ], [ 6.954583333333328, 50.50125 ], [ 6.960416666666664, 50.50125 ], [ 6.96125, 50.50125 ], [ 6.96125, 50.502083333333339 ], [ 6.962083333333329, 50.502083333333339 ], [ 6.962083333333329, 50.502916666666671 ], [ 6.962916666666661, 50.502916666666671 ], [ 6.96375, 50.502916666666671 ], [ 6.96375, 50.50375 ], [ 6.96458333333333, 50.50375 ], [ 6.96458333333333, 50.504583333333336 ], [ 6.96625, 50.504583333333336 ], [ 6.967083333333328, 50.504583333333336 ], [ 6.967083333333328, 50.505416666666669 ], [ 6.967916666666664, 50.505416666666669 ], [ 6.96875, 50.505416666666669 ], [ 6.96875, 50.50625 ], [ 6.97208333333333, 50.50625 ], [ 6.972916666666663, 50.50625 ], [ 6.972916666666663, 50.507083333333334 ], [ 6.97375, 50.507083333333334 ], [ 6.97375, 50.507916666666674 ], [ 6.974583333333328, 50.507916666666674 ], [ 6.974583333333328, 50.509583333333339 ], [ 6.975416666666664, 50.509583333333339 ], [ 6.975416666666664, 50.510416666666671 ], [ 6.97625, 50.510416666666671 ], [ 6.97625, 50.51125 ] ] ] } },
{ "type": "Feature", "properties": { "COMID": 23013457, "unitarea": 29.453132844317693 }, "geometry": { "type": "Polygon", "coordinates": [ [ [ 6.827083333333331, 50.540416666666673 ], [ 6.827916666666663, 50.540416666666673 ], [ 6.827916666666663, 50.53958333333334 ], [ 6.82875, 50.53958333333334 ], [ 6.82875, 50.537916666666668 ], [ 6.830416666666661, 50.537916666666668 ], [ 6.830416666666661, 50.537083333333335 ], [ 6.83208333333333, 50.537083333333335 ], [ 6.83208333333333, 50.537916666666668 ], [ 6.834583333333331, 50.537916666666668 ], [ 6.834583333333331, 50.537083333333335 ], [ 6.83625, 50.537083333333335 ], [ 6.83625, 50.534583333333337 ], [ 6.840416666666663, 50.534583333333337 ], [ 6.840416666666663, 50.53375 ], [ 6.84125, 50.53375 ], [ 6.84125, 50.532916666666672 ], [ 6.842083333333328, 50.532916666666672 ], [ 6.842083333333328, 50.532083333333333 ], [ 6.84375, 50.532083333333333 ], [ 6.84375, 50.532916666666672 ], [ 6.844583333333329, 50.532916666666672 ], [ 6.844583333333329, 50.532083333333333 ], [ 6.845416666666662, 50.532083333333333 ], [ 6.845416666666662, 50.532916666666672 ], [ 6.84708333333333, 50.532916666666672 ], [ 6.84708333333333, 50.532083333333333 ], [ 6.847916666666663, 50.532083333333333 ], [ 6.847916666666663, 50.53125 ], [ 6.84875, 50.53125 ], [ 6.84875, 50.530416666666667 ], [ 6.850416666666664, 50.530416666666667 ], [ 6.850416666666664, 50.527083333333337 ], [ 6.852083333333329, 50.527083333333337 ], [ 6.852083333333329, 50.52625 ], [ 6.85375, 50.52625 ], [ 6.85375, 50.527083333333337 ], [ 6.854583333333331, 50.527083333333337 ], [ 6.854583333333331, 50.52625 ], [ 6.85625, 50.52625 ], [ 6.85625, 50.525416666666672 ], [ 6.85958333333333, 50.525416666666672 ], [ 6.85958333333333, 50.52375 ], [ 6.860416666666662, 50.52375 ], [ 6.860416666666662, 50.52125 ], [ 6.86125, 50.52125 ], [ 6.86125, 50.519583333333337 ], [ 6.862083333333331, 50.519583333333337 ], [ 6.862083333333331, 50.51875 ], [ 6.862916666666663, 50.51875 ], [ 6.862916666666663, 50.51625 ], [ 6.86375, 50.51625 ], [ 6.86375, 50.515416666666667 ], [ 6.86708333333333, 50.515416666666667 ], [ 6.86708333333333, 50.51625 ], [ 6.872083333333329, 50.51625 ], [ 6.872083333333329, 50.512916666666669 ], [ 6.872916666666661, 50.512916666666669 ], [ 6.872916666666661, 50.51125 ], [ 6.87375, 50.51125 ], [ 6.87375, 50.512083333333337 ], [ 6.880416666666662, 50.512083333333337 ], [ 6.880416666666662, 50.51125 ], [ 6.88125, 50.51125 ], [ 6.88125, 50.510416666666671 ], [ 6.88208333333333, 50.510416666666671 ], [ 6.88208333333333, 50.509583333333339 ], [ 6.887083333333329, 50.509583333333339 ], [ 6.887083333333329, 50.50875 ], [ 6.887916666666662, 50.50875 ], [ 6.887916666666662, 50.507916666666674 ], [ 6.890416666666663, 50.507916666666674 ], [ 6.890416666666663, 50.507083333333334 ], [ 6.89625, 50.507083333333334 ], [ 6.89625, 50.50625 ], [ 6.89875, 50.50625 ], [ 6.89875, 50.505416666666669 ], [ 6.900416666666661, 50.505416666666669 ], [ 6.900416666666661, 50.50375 ], [ 6.90125, 50.50375 ], [ 6.90125, 50.502916666666671 ], [ 6.905416666666664, 50.502916666666671 ], [ 6.905416666666664, 50.50375 ], [ 6.90875, 50.50375 ], [ 6.90875, 50.50125 ], [ 6.90958333333333, 50.50125 ], [ 6.90958333333333, 50.49625 ], [ 6.910416666666663, 50.49625 ], [ 6.910416666666663, 50.495416666666671 ], [ 6.91125, 50.495416666666671 ], [ 6.91125, 50.49625 ], [ 6.912916666666664, 50.49625 ], [ 6.91375, 50.49625 ], [ 6.91375, 50.497083333333336 ], [ 6.91625, 50.497083333333336 ], [ 6.91625, 50.49625 ], [ 6.917083333333331, 50.49625 ], [ 6.917083333333331, 50.495416666666671 ], [ 6.917916666666663, 50.495416666666671 ], [ 6.917916666666663, 50.494583333333338 ], [ 6.91875, 50.494583333333338 ], [ 6.91875, 50.49375 ], [ 6.919583333333328, 50.49375 ], [ 6.919583333333328, 50.492083333333341 ], [ 6.92125, 50.492083333333341 ], [ 6.92125, 50.49125 ], [ 6.927916666666661, 50.49125 ], [ 6.927916666666661, 50.492083333333341 ], [ 6.92958333333333, 50.492083333333341 ], [ 6.930416666666662, 50.492083333333341 ], [ 6.930416666666662, 50.492916666666673 ], [ 6.93125, 50.492916666666673 ], [ 6.932083333333331, 50.492916666666673 ], [ 6.932083333333331, 50.49375 ], [ 6.932916666666664, 50.49375 ], [ 6.932916666666664, 50.494583333333338 ], [ 6.934583333333329, 50.494583333333338 ], [ 6.934583333333329, 50.49375 ], [ 6.93625, 50.49375 ], [ 6.93625, 50.490416666666668 ], [ 6.935416666666661, 50.490416666666668 ], [ 6.935416666666661, 50.48875 ], [ 6.93625, 50.48875 ], [ 6.93625, 50.487083333333338 ], [ 6.93708333333333, 50.487083333333338 ], [ 6.93708333333333, 50.485416666666666 ], [ 6.937916666666663, 50.485416666666666 ], [ 6.937916666666663, 50.484583333333333 ], [ 6.93708333333333, 50.484583333333333 ], [ 6.93708333333333, 50.48375 ], [ 6.93625, 50.48375 ], [ 6.93625, 50.48125 ], [ 6.93708333333333, 50.48125 ], [ 6.93708333333333, 50.479583333333338 ], [ 6.937916666666663, 50.479583333333338 ], [ 6.937916666666663, 50.47875 ], [ 6.93708333333333, 50.47875 ], [ 6.93708333333333, 50.477916666666673 ], [ 6.937916666666663, 50.477916666666673 ], [ 6.937916666666663, 50.47708333333334 ], [ 6.93708333333333, 50.47708333333334 ], [ 6.93708333333333, 50.475416666666668 ], [ 6.937916666666663, 50.475416666666668 ], [ 6.937916666666663, 50.474583333333335 ], [ 6.93875, 50.474583333333335 ], [ 6.93875, 50.47375 ], [ 6.939583333333328, 50.47375 ], [ 6.939583333333328, 50.472083333333337 ], [ 6.940416666666664, 50.472083333333337 ], [ 6.940416666666664, 50.46875 ], [ 6.939583333333328, 50.46875 ], [ 6.939583333333328, 50.46541666666667 ], [ 6.940416666666664, 50.46541666666667 ], [ 6.940416666666664, 50.464583333333337 ], [ 6.94125, 50.464583333333337 ], [ 6.94125, 50.46375 ], [ 6.942083333333329, 50.46375 ], [ 6.942083333333329, 50.462916666666672 ], [ 6.942916666666662, 50.462916666666672 ], [ 6.942916666666662, 50.462083333333339 ], [ 6.94375, 50.462083333333339 ], [ 6.94375, 50.46125 ], [ 6.94458333333333, 50.46125 ], [ 6.94458333333333, 50.460416666666674 ], [ 6.945416666666663, 50.460416666666674 ], [ 6.945416666666663, 50.459583333333335 ], [ 6.94625, 50.459583333333335 ], [ 6.94625, 50.457916666666669 ], [ 6.945416666666663, 50.457916666666669 ], [ 6.94458333333333, 50.457916666666669 ], [ 6.94458333333333, 50.457083333333337 ], [ 6.94375, 50.457083333333337 ], [ 6.94125, 50.457083333333337 ], [ 6.94125, 50.45625 ], [ 6.940416666666664, 50.45625 ], [ 6.932916666666664, 50.45625 ], [ 6.932916666666664, 50.455416666666672 ], [ 6.932083333333331, 50.455416666666672 ], [ 6.93125, 50.455416666666672 ], [ 6.93125, 50.454583333333339 ], [ 6.930416666666662, 50.454583333333339 ], [ 6.930416666666662, 50.45375 ], [ 6.92958333333333, 50.45375 ], [ 6.92958333333333, 50.452916666666667 ], [ 6.92875, 50.452916666666667 ], [ 6.927916666666661, 50.452916666666667 ], [ 6.927916666666661, 50.452083333333334 ], [ 6.92625, 50.452083333333334 ], [ 6.92625, 50.452916666666667 ], [ 6.92375, 50.452916666666667 ], [ 6.92375, 50.45375 ], [ 6.922916666666662, 50.45375 ], [ 6.922916666666662, 50.455416666666672 ], [ 6.92208333333333, 50.455416666666672 ], [ 6.92208333333333, 50.45625 ], [ 6.92125, 50.45625 ], [ 6.92125, 50.457083333333337 ], [ 6.920416666666664, 50.457083333333337 ], [ 6.920416666666664, 50.457916666666669 ], [ 6.919583333333328, 50.457916666666669 ], [ 6.919583333333328, 50.457083333333337 ], [ 6.91875, 50.457083333333337 ], [ 6.917083333333331, 50.457083333333337 ], [ 6.917083333333331, 50.45625 ], [ 6.91625, 50.45625 ], [ 6.915416666666662, 50.45625 ], [ 6.915416666666662, 50.455416666666672 ], [ 6.912916666666664, 50.455416666666672 ], [ 6.912916666666664, 50.45625 ], [ 6.91125, 50.45625 ], [ 6.91125, 50.457083333333337 ], [ 6.90958333333333, 50.457083333333337 ], [ 6.90958333333333, 50.457916666666669 ], [ 6.904583333333328, 50.457916666666669 ], [ 6.904583333333328, 50.457083333333337 ], [ 6.89875, 50.457083333333337 ], [ 6.89875, 50.459583333333335 ], [ 6.897916666666664, 50.459583333333335 ], [ 6.897916666666664, 50.460416666666674 ], [ 6.89375, 50.460416666666674 ], [ 6.89375, 50.46125 ], [ 6.890416666666663, 50.46125 ], [ 6.890416666666663, 50.462083333333339 ], [ 6.88875, 50.462083333333339 ], [ 6.88875, 50.46125 ], [ 6.887916666666662, 50.46125 ], [ 6.887916666666662, 50.462083333333339 ], [ 6.887083333333329, 50.462083333333339 ], [ 6.887083333333329, 50.464583333333337 ], [ 6.88625, 50.464583333333337 ], [ 6.88625, 50.46875 ], [ 6.885416666666664, 50.46875 ], [ 6.885416666666664, 50.469583333333333 ], [ 6.88625, 50.469583333333333 ], [ 6.88625, 50.470416666666672 ], [ 6.885416666666664, 50.470416666666672 ], [ 6.885416666666664, 50.472083333333337 ], [ 6.877916666666664, 50.472083333333337 ], [ 6.877916666666664, 50.47291666666667 ], [ 6.877083333333328, 50.47291666666667 ], [ 6.877083333333328, 50.474583333333335 ], [ 6.87625, 50.474583333333335 ], [ 6.87625, 50.475416666666668 ], [ 6.875416666666663, 50.475416666666668 ], [ 6.875416666666663, 50.47625 ], [ 6.87458333333333, 50.47625 ], [ 6.87458333333333, 50.47708333333334 ], [ 6.877083333333328, 50.47708333333334 ], [ 6.877916666666664, 50.47708333333334 ], [ 6.877916666666664, 50.477916666666673 ], [ 6.87875, 50.477916666666673 ], [ 6.87875, 50.47875 ], [ 6.879583333333329, 50.47875 ], [ 6.879583333333329, 50.48041666666667 ], [ 6.880416666666662, 50.48041666666667 ], [ 6.880416666666662, 50.482083333333335 ], [ 6.87875, 50.482083333333335 ], [ 6.87875, 50.482916666666668 ], [ 6.877916666666664, 50.482916666666668 ], [ 6.877916666666664, 50.484583333333333 ], [ 6.877083333333328, 50.484583333333333 ], [ 6.877083333333328, 50.48625 ], [ 6.877916666666664, 50.48625 ], [ 6.877916666666664, 50.487083333333338 ], [ 6.877083333333328, 50.487083333333338 ], [ 6.877083333333328, 50.487916666666671 ], [ 6.877916666666664, 50.487916666666671 ], [ 6.877916666666664, 50.48875 ], [ 6.879583333333329, 50.48875 ], [ 6.880416666666662, 50.48875 ], [ 6.880416666666662, 50.489583333333336 ], [ 6.88125, 50.489583333333336 ], [ 6.88125, 50.490416666666668 ], [ 6.88208333333333, 50.490416666666668 ], [ 6.88208333333333, 50.492083333333341 ], [ 6.880416666666662, 50.492083333333341 ], [ 6.880416666666662, 50.494583333333338 ], [ 6.879583333333329, 50.494583333333338 ], [ 6.879583333333329, 50.495416666666671 ], [ 6.87875, 50.495416666666671 ], [ 6.87875, 50.49625 ], [ 6.877916666666664, 50.49625 ], [ 6.877916666666664, 50.497083333333336 ], [ 6.875416666666663, 50.497083333333336 ], [ 6.875416666666663, 50.49625 ], [ 6.872083333333329, 50.49625 ], [ 6.872083333333329, 50.497083333333336 ], [ 6.87125, 50.497083333333336 ], [ 6.87125, 50.497916666666669 ], [ 6.870416666666664, 50.497916666666669 ], [ 6.870416666666664, 50.499583333333334 ], [ 6.867916666666662, 50.499583333333334 ], [ 6.867916666666662, 50.49875 ], [ 6.86375, 50.49875 ], [ 6.86375, 50.499583333333334 ], [ 6.862916666666663, 50.499583333333334 ], [ 6.862916666666663, 50.500416666666666 ], [ 6.85875, 50.500416666666666 ], [ 6.85875, 50.50125 ], [ 6.857916666666664, 50.50125 ], [ 6.857916666666664, 50.502083333333339 ], [ 6.857083333333328, 50.502083333333339 ], [ 6.857083333333328, 50.502916666666671 ], [ 6.855416666666663, 50.502916666666671 ], [ 6.855416666666663, 50.502083333333339 ], [ 6.854583333333331, 50.502083333333339 ], [ 6.854583333333331, 50.502916666666671 ], [ 6.85375, 50.502916666666671 ], [ 6.85375, 50.504583333333336 ], [ 6.852083333333329, 50.504583333333336 ], [ 6.852083333333329, 50.505416666666669 ], [ 6.85125, 50.505416666666669 ], [ 6.85125, 50.50625 ], [ 6.850416666666664, 50.50625 ], [ 6.850416666666664, 50.507083333333334 ], [ 6.849583333333328, 50.507083333333334 ], [ 6.849583333333328, 50.507916666666674 ], [ 6.847916666666663, 50.507916666666674 ], [ 6.847916666666663, 50.50875 ], [ 6.84708333333333, 50.50875 ], [ 6.84708333333333, 50.509583333333339 ], [ 6.844583333333329, 50.509583333333339 ], [ 6.844583333333329, 50.50875 ], [ 6.84125, 50.50875 ], [ 6.84125, 50.509583333333339 ], [ 6.834583333333331, 50.509583333333339 ], [ 6.834583333333331, 50.510416666666671 ], [ 6.832916666666662, 50.510416666666671 ], [ 6.832916666666662, 50.51125 ], [ 6.83208333333333, 50.51125 ], [ 6.83208333333333, 50.512083333333337 ], [ 6.83125, 50.512083333333337 ], [ 6.83125, 50.512916666666669 ], [ 6.830416666666661, 50.512916666666669 ], [ 6.830416666666661, 50.51375 ], [ 6.827916666666663, 50.51375 ], [ 6.827916666666663, 50.514583333333334 ], [ 6.827083333333331, 50.514583333333334 ], [ 6.827083333333331, 50.515416666666667 ], [ 6.82625, 50.515416666666667 ], [ 6.82625, 50.514583333333334 ], [ 6.825416666666662, 50.514583333333334 ], [ 6.825416666666662, 50.51625 ], [ 6.824583333333329, 50.51625 ], [ 6.824583333333329, 50.517916666666672 ], [ 6.82375, 50.517916666666672 ], [ 6.82375, 50.520416666666669 ], [ 6.824583333333329, 50.520416666666669 ], [ 6.825416666666662, 50.520416666666669 ], [ 6.825416666666662, 50.522083333333335 ], [ 6.82625, 50.522083333333335 ], [ 6.82625, 50.522916666666674 ], [ 6.82375, 50.522916666666674 ], [ 6.82375, 50.522083333333335 ], [ 6.822916666666664, 50.522083333333335 ], [ 6.822916666666664, 50.522916666666674 ], [ 6.822083333333328, 50.522916666666674 ], [ 6.822083333333328, 50.52375 ], [ 6.82125, 50.52375 ], [ 6.82125, 50.524583333333339 ], [ 6.820416666666663, 50.524583333333339 ], [ 6.820416666666663, 50.52625 ], [ 6.81958333333333, 50.52625 ], [ 6.81958333333333, 50.527083333333337 ], [ 6.81875, 50.527083333333337 ], [ 6.81875, 50.52791666666667 ], [ 6.81958333333333, 50.52791666666667 ], [ 6.81958333333333, 50.530416666666667 ], [ 6.81875, 50.530416666666667 ], [ 6.81875, 50.53125 ], [ 6.817916666666662, 50.53125 ], [ 6.817916666666662, 50.532083333333333 ], [ 6.81875, 50.532083333333333 ], [ 6.81875, 50.532916666666672 ], [ 6.81958333333333, 50.532916666666672 ], [ 6.81958333333333, 50.53375 ], [ 6.820416666666663, 50.53375 ], [ 6.820416666666663, 50.534583333333337 ], [ 6.82125, 50.534583333333337 ], [ 6.82125, 50.53541666666667 ], [ 6.822916666666664, 50.53541666666667 ], [ 6.82375, 50.53541666666667 ], [ 6.82375, 50.53625 ], [ 6.824583333333329, 50.53625 ], [ 6.824583333333329, 50.537083333333335 ], [ 6.825416666666662, 50.537083333333335 ], [ 6.825416666666662, 50.53875 ], [ 6.82625, 50.53875 ], [ 6.82625, 50.53958333333334 ], [ 6.827083333333331, 50.53958333333334 ], [ 6.827083333333331, 50.540416666666673 ] ] ] } },
{ "type": "Feature", "properties": { "COMID": 23011377, "unitarea": 65.074541377435423 }, "geometry": { "type": "Polygon", "coordinates": [ [ [ 6.93708333333333, 50.574583333333337 ], [ 6.942916666666662, 50.574583333333337 ], [ 6.942916666666662, 50.57375 ], [ 6.94375, 50.57375 ], [ 6.94375, 50.572916666666671 ], [ 6.94458333333333, 50.572916666666671 ], [ 6.94458333333333, 50.57125 ], [ 6.94625, 50.57125 ], [ 6.94625, 50.570416666666674 ], [ 6.947083333333328, 50.570416666666674 ], [ 6.947083333333328, 50.569583333333334 ], [ 6.947916666666664, 50.569583333333334 ], [ 6.947916666666664, 50.56875 ], [ 6.94875, 50.56875 ], [ 6.94875, 50.569583333333334 ], [ 6.952083333333331, 50.569583333333334 ], [ 6.952916666666663, 50.569583333333334 ], [ 6.952916666666663, 50.570416666666674 ], [ 6.955416666666661, 50.570416666666674 ], [ 6.955416666666661, 50.569583333333334 ], [ 6.95625, 50.569583333333334 ], [ 6.95625, 50.567083333333336 ], [ 6.95708333333333, 50.567083333333336 ], [ 6.95708333333333, 50.56625 ], [ 6.95875, 50.56625 ], [ 6.95875, 50.565416666666671 ], [ 6.96458333333333, 50.565416666666671 ], [ 6.96458333333333, 50.56375 ], [ 6.965416666666663, 50.56375 ], [ 6.965416666666663, 50.562916666666666 ], [ 6.96625, 50.562916666666666 ], [ 6.96625, 50.562083333333334 ], [ 6.967083333333328, 50.562083333333334 ], [ 6.967083333333328, 50.56125 ], [ 6.967916666666664, 50.56125 ], [ 6.967916666666664, 50.560416666666669 ], [ 6.96875, 50.560416666666669 ], [ 6.96875, 50.557916666666671 ], [ 6.969583333333329, 50.557916666666671 ], [ 6.969583333333329, 50.55875 ], [ 6.974583333333328, 50.55875 ], [ 6.974583333333328, 50.557916666666671 ], [ 6.975416666666664, 50.557916666666671 ], [ 6.975416666666664, 50.557083333333338 ], [ 6.977083333333329, 50.557083333333338 ], [ 6.977083333333329, 50.55625 ], [ 6.977916666666662, 50.55625 ], [ 6.977916666666662, 50.555416666666673 ], [ 6.97875, 50.555416666666673 ], [ 6.97875, 50.55375 ], [ 6.977916666666662, 50.55375 ], [ 6.977916666666662, 50.55125 ], [ 6.97875, 50.55125 ], [ 6.97875, 50.550416666666671 ], [ 6.980416666666663, 50.550416666666671 ], [ 6.980416666666663, 50.549583333333338 ], [ 6.982083333333328, 50.549583333333338 ], [ 6.982083333333328, 50.54875 ], [ 6.982916666666664, 50.54875 ], [ 6.982916666666664, 50.547916666666666 ], [ 6.98375, 50.547916666666666 ], [ 6.98375, 50.54625 ], [ 6.98458333333333, 50.54625 ], [ 6.98458333333333, 50.545416666666668 ], [ 6.985416666666662, 50.545416666666668 ], [ 6.985416666666662, 50.544583333333335 ], [ 6.987083333333331, 50.544583333333335 ], [ 6.987083333333331, 50.54375 ], [ 6.98625, 50.54375 ], [ 6.98625, 50.54291666666667 ], [ 6.987083333333331, 50.54291666666667 ], [ 6.987083333333331, 50.542083333333338 ], [ 6.98625, 50.542083333333338 ], [ 6.98625, 50.54125 ], [ 6.985416666666662, 50.54125 ], [ 6.985416666666662, 50.540416666666673 ], [ 6.98458333333333, 50.540416666666673 ], [ 6.98458333333333, 50.53958333333334 ], [ 6.98375, 50.53958333333334 ], [ 6.98375, 50.53875 ], [ 6.982916666666664, 50.53875 ], [ 6.982083333333328, 50.53875 ], [ 6.982083333333328, 50.537083333333335 ], [ 6.98125, 50.537083333333335 ], [ 6.98125, 50.53625 ], [ 6.982083333333328, 50.53625 ], [ 6.982083333333328, 50.53375 ], [ 6.98125, 50.53375 ], [ 6.98125, 50.532083333333333 ], [ 6.982083333333328, 50.532083333333333 ], [ 6.982083333333328, 50.53125 ], [ 6.98125, 50.53125 ], [ 6.98125, 50.52875 ], [ 6.980416666666663, 50.52875 ], [ 6.979583333333331, 50.52875 ], [ 6.979583333333331, 50.52791666666667 ], [ 6.97875, 50.52791666666667 ], [ 6.977916666666662, 50.52791666666667 ], [ 6.977916666666662, 50.527083333333337 ], [ 6.977083333333329, 50.527083333333337 ], [ 6.977083333333329, 50.52625 ], [ 6.97625, 50.52625 ], [ 6.97625, 50.525416666666672 ], [ 6.977083333333329, 50.525416666666672 ], [ 6.977083333333329, 50.522916666666674 ], [ 6.977916666666662, 50.522916666666674 ], [ 6.977916666666662, 50.522083333333335 ], [ 6.97875, 50.522083333333335 ], [ 6.97875, 50.52125 ], [ 6.977916666666662, 50.52125 ], [ 6.977916666666662, 50.520416666666669 ], [ 6.97875, 50.520416666666669 ], [ 6.97875, 50.519583333333337 ], [ 6.979583333333331, 50.519583333333337 ], [ 6.979583333333331, 50.517083333333339 ], [ 6.97875, 50.517083333333339 ], [ 6.97875, 50.51625 ], [ 6.977916666666662, 50.51625 ], [ 6.977083333333329, 50.51625 ], [ 6.977083333333329, 50.512916666666669 ], [ 6.97625, 50.512916666666669 ], [ 6.97625, 50.512083333333337 ], [ 6.977083333333329, 50.512083333333337 ], [ 6.977083333333329, 50.51125 ], [ 6.97625, 50.51125 ], [ 6.97625, 50.510416666666671 ], [ 6.975416666666664, 50.510416666666671 ], [ 6.975416666666664, 50.509583333333339 ], [ 6.974583333333328, 50.509583333333339 ], [ 6.974583333333328, 50.507916666666674 ], [ 6.97375, 50.507916666666674 ], [ 6.97375, 50.507083333333334 ], [ 6.972916666666663, 50.507083333333334 ], [ 6.972916666666663, 50.50625 ], [ 6.97208333333333, 50.50625 ], [ 6.96875, 50.50625 ], [ 6.96875, 50.505416666666669 ], [ 6.967916666666664, 50.505416666666669 ], [ 6.967083333333328, 50.505416666666669 ], [ 6.967083333333328, 50.504583333333336 ], [ 6.96625, 50.504583333333336 ], [ 6.96458333333333, 50.504583333333336 ], [ 6.96458333333333, 50.50375 ], [ 6.96375, 50.50375 ], [ 6.96375, 50.502916666666671 ], [ 6.962916666666661, 50.502916666666671 ], [ 6.962083333333329, 50.502916666666671 ], [ 6.962083333333329, 50.502083333333339 ], [ 6.96125, 50.502083333333339 ], [ 6.96125, 50.50125 ], [ 6.960416666666664, 50.50125 ], [ 6.954583333333328, 50.50125 ], [ 6.954583333333328, 50.500416666666666 ], [ 6.95375, 50.500416666666666 ], [ 6.94875, 50.500416666666666 ], [ 6.94875, 50.499583333333334 ], [ 6.947916666666664, 50.499583333333334 ], [ 6.947083333333328, 50.499583333333334 ], [ 6.947083333333328, 50.49875 ], [ 6.94625, 50.49875 ], [ 6.94458333333333, 50.49875 ], [ 6.94458333333333, 50.497916666666669 ], [ 6.94375, 50.497916666666669 ], [ 6.94125, 50.497916666666669 ], [ 6.94125, 50.497083333333336 ], [ 6.940416666666664, 50.497083333333336 ], [ 6.93875, 50.497083333333336 ], [ 6.93875, 50.49625 ], [ 6.937916666666663, 50.49625 ], [ 6.935416666666661, 50.49625 ], [ 6.935416666666661, 50.495416666666671 ], [ 6.934583333333329, 50.495416666666671 ], [ 6.934583333333329, 50.494583333333338 ], [ 6.93375, 50.494583333333338 ], [ 6.932916666666664, 50.494583333333338 ], [ 6.932916666666664, 50.49375 ], [ 6.932083333333331, 50.49375 ], [ 6.932083333333331, 50.492916666666673 ], [ 6.93125, 50.492916666666673 ], [ 6.930416666666662, 50.492916666666673 ], [ 6.930416666666662, 50.492083333333341 ], [ 6.92958333333333, 50.492083333333341 ], [ 6.927916666666661, 50.492083333333341 ], [ 6.927916666666661, 50.49125 ], [ 6.92125, 50.49125 ], [ 6.92125, 50.492083333333341 ], [ 6.919583333333328, 50.492083333333341 ], [ 6.919583333333328, 50.49375 ], [ 6.91875, 50.49375 ], [ 6.91875, 50.494583333333338 ], [ 6.917916666666663, 50.494583333333338 ], [ 6.917916666666663, 50.495416666666671 ], [ 6.917083333333331, 50.495416666666671 ], [ 6.917083333333331, 50.49625 ], [ 6.91625, 50.49625 ], [ 6.91625, 50.497083333333336 ], [ 6.91375, 50.497083333333336 ], [ 6.91375, 50.49625 ], [ 6.912916666666664, 50.49625 ], [ 6.91125, 50.49625 ], [ 6.91125, 50.495416666666671 ], [ 6.910416666666663, 50.495416666666671 ], [ 6.910416666666663, 50.49625 ], [ 6.90958333333333, 50.49625 ], [ 6.90958333333333, 50.50125 ], [ 6.90875, 50.50125 ], [ 6.90875, 50.50375 ], [ 6.905416666666664, 50.50375 ], [ 6.905416666666664, 50.502916666666671 ], [ 6.90125, 50.502916666666671 ], [ 6.90125, 50.50375 ], [ 6.900416666666661, 50.50375 ], [ 6.900416666666661, 50.505416666666669 ], [ 6.89875, 50.505416666666669 ], [ 6.89875, 50.50625 ], [ 6.89625, 50.50625 ], [ 6.89625, 50.507083333333334 ], [ 6.890416666666663, 50.507083333333334 ], [ 6.890416666666663, 50.507916666666674 ], [ 6.887916666666662, 50.507916666666674 ], [ 6.887916666666662, 50.50875 ], [ 6.887083333333329, 50.50875 ], [ 6.887083333333329, 50.509583333333339 ], [ 6.88208333333333, 50.509583333333339 ], [ 6.88208333333333, 50.510416666666671 ], [ 6.88125, 50.510416666666671 ], [ 6.88125, 50.51125 ], [ 6.880416666666662, 50.51125 ], [ 6.880416666666662, 50.512083333333337 ], [ 6.87375, 50.512083333333337 ], [ 6.87375, 50.51125 ], [ 6.872916666666661, 50.51125 ], [ 6.872916666666661, 50.512916666666669 ], [ 6.872083333333329, 50.512916666666669 ], [ 6.872083333333329, 50.51625 ], [ 6.86708333333333, 50.51625 ], [ 6.86708333333333, 50.515416666666667 ], [ 6.86375, 50.515416666666667 ], [ 6.86375, 50.51625 ], [ 6.862916666666663, 50.51625 ], [ 6.862916666666663, 50.51875 ], [ 6.862083333333331, 50.51875 ], [ 6.862083333333331, 50.519583333333337 ], [ 6.86125, 50.519583333333337 ], [ 6.86125, 50.52125 ], [ 6.860416666666662, 50.52125 ], [ 6.860416666666662, 50.52375 ], [ 6.85958333333333, 50.52375 ], [ 6.85958333333333, 50.525416666666672 ], [ 6.85625, 50.525416666666672 ], [ 6.85625, 50.52625 ], [ 6.854583333333331, 50.52625 ], [ 6.854583333333331, 50.527083333333337 ], [ 6.85375, 50.527083333333337 ], [ 6.85375, 50.52625 ], [ 6.852083333333329, 50.52625 ], [ 6.852083333333329, 50.527083333333337 ], [ 6.850416666666664, 50.527083333333337 ], [ 6.850416666666664, 50.530416666666667 ], [ 6.84875, 50.530416666666667 ], [ 6.84875, 50.53125 ], [ 6.847916666666663, 50.53125 ], [ 6.847916666666663, 50.532083333333333 ], [ 6.84708333333333, 50.532083333333333 ], [ 6.84708333333333, 50.532916666666672 ], [ 6.845416666666662, 50.532916666666672 ], [ 6.845416666666662, 50.532083333333333 ], [ 6.844583333333329, 50.532083333333333 ], [ 6.844583333333329, 50.532916666666672 ], [ 6.84375, 50.532916666666672 ], [ 6.84375, 50.532083333333333 ], [ 6.842083333333328, 50.532083333333333 ], [ 6.842083333333328, 50.532916666666672 ], [ 6.84125, 50.532916666666672 ], [ 6.84125, 50.53375 ], [ 6.840416666666663, 50.53375 ], [ 6.840416666666663, 50.534583333333337 ], [ 6.83625, 50.534583333333337 ], [ 6.83625, 50.537083333333335 ], [ 6.834583333333331, 50.537083333333335 ], [ 6.834583333333331, 50.537916666666668 ], [ 6.83208333333333, 50.537916666666668 ], [ 6.83208333333333, 50.537083333333335 ], [ 6.830416666666661, 50.537083333333335 ], [ 6.830416666666661, 50.537916666666668 ], [ 6.82875, 50.537916666666668 ], [ 6.82875, 50.53958333333334 ], [ 6.827916666666663, 50.53958333333334 ], [ 6.827916666666663, 50.540416666666673 ], [ 6.827083333333331, 50.540416666666673 ], [ 6.827083333333331, 50.53958333333334 ], [ 6.82625, 50.53958333333334 ], [ 6.82625, 50.53875 ], [ 6.825416666666662, 50.53875 ], [ 6.825416666666662, 50.537083333333335 ], [ 6.824583333333329, 50.537083333333335 ], [ 6.824583333333329, 50.53625 ], [ 6.82375, 50.53625 ], [ 6.82375, 50.53541666666667 ], [ 6.822916666666664, 50.53541666666667 ], [ 6.822916666666664, 50.53625 ], [ 6.822083333333328, 50.53625 ], [ 6.822083333333328, 50.537083333333335 ], [ 6.82125, 50.537083333333335 ], [ 6.82125, 50.53875 ], [ 6.817916666666662, 50.53875 ], [ 6.817916666666662, 50.537916666666668 ], [ 6.814583333333328, 50.537916666666668 ], [ 6.814583333333328, 50.53958333333334 ], [ 6.815416666666664, 50.53958333333334 ], [ 6.815416666666664, 50.540416666666673 ], [ 6.81625, 50.540416666666673 ], [ 6.81625, 50.54291666666667 ], [ 6.817083333333329, 50.54291666666667 ], [ 6.817083333333329, 50.545416666666668 ], [ 6.817916666666662, 50.545416666666668 ], [ 6.817916666666662, 50.54625 ], [ 6.81875, 50.54625 ], [ 6.81958333333333, 50.54625 ], [ 6.81958333333333, 50.547083333333333 ], [ 6.820416666666663, 50.547083333333333 ], [ 6.820416666666663, 50.547916666666666 ], [ 6.82125, 50.547916666666666 ], [ 6.82125, 50.54875 ], [ 6.822083333333328, 50.54875 ], [ 6.822916666666664, 50.54875 ], [ 6.822916666666664, 50.549583333333338 ], [ 6.82375, 50.549583333333338 ], [ 6.82375, 50.550416666666671 ], [ 6.824583333333329, 50.550416666666671 ], [ 6.824583333333329, 50.55125 ], [ 6.825416666666662, 50.55125 ], [ 6.82625, 50.55125 ], [ 6.82625, 50.552083333333336 ], [ 6.827083333333331, 50.552083333333336 ], [ 6.827083333333331, 50.55125 ], [ 6.827916666666663, 50.55125 ], [ 6.827916666666663, 50.552083333333336 ], [ 6.82875, 50.552083333333336 ], [ 6.82875, 50.552916666666668 ], [ 6.829583333333328, 50.552916666666668 ], [ 6.829583333333328, 50.552083333333336 ], [ 6.834583333333331, 50.552083333333336 ], [ 6.834583333333331, 50.552916666666668 ], [ 6.835416666666664, 50.552916666666668 ], [ 6.83625, 50.552916666666668 ], [ 6.83625, 50.554583333333341 ], [ 6.837083333333329, 50.554583333333341 ], [ 6.837083333333329, 50.555416666666673 ], [ 6.840416666666663, 50.555416666666673 ], [ 6.840416666666663, 50.554583333333341 ], [ 6.84125, 50.554583333333341 ], [ 6.84125, 50.552083333333336 ], [ 6.842916666666664, 50.552083333333336 ], [ 6.842916666666664, 50.55125 ], [ 6.844583333333329, 50.55125 ], [ 6.844583333333329, 50.552083333333336 ], [ 6.845416666666662, 50.552083333333336 ], [ 6.845416666666662, 50.552916666666668 ], [ 6.84625, 50.552916666666668 ], [ 6.84625, 50.554583333333341 ], [ 6.84708333333333, 50.554583333333341 ], [ 6.84708333333333, 50.555416666666673 ], [ 6.847916666666663, 50.555416666666673 ], [ 6.847916666666663, 50.55625 ], [ 6.84875, 50.55625 ], [ 6.84875, 50.554583333333341 ], [ 6.85375, 50.554583333333341 ], [ 6.85375, 50.55375 ], [ 6.854583333333331, 50.55375 ], [ 6.854583333333331, 50.552916666666668 ], [ 6.85875, 50.552916666666668 ], [ 6.85875, 50.55375 ], [ 6.86125, 50.55375 ], [ 6.862083333333331, 50.55375 ], [ 6.862083333333331, 50.554583333333341 ], [ 6.862916666666663, 50.554583333333341 ], [ 6.862916666666663, 50.555416666666673 ], [ 6.86375, 50.555416666666673 ], [ 6.864583333333329, 50.555416666666673 ], [ 6.864583333333329, 50.55625 ], [ 6.865416666666661, 50.55625 ], [ 6.86625, 50.55625 ], [ 6.86625, 50.557083333333338 ], [ 6.86708333333333, 50.557083333333338 ], [ 6.86708333333333, 50.557916666666671 ], [ 6.87125, 50.557916666666671 ], [ 6.872083333333329, 50.557916666666671 ], [ 6.872083333333329, 50.559583333333336 ], [ 6.87125, 50.559583333333336 ], [ 6.87125, 50.560416666666669 ], [ 6.872083333333329, 50.560416666666669 ], [ 6.872083333333329, 50.56125 ], [ 6.872916666666661, 50.56125 ], [ 6.872916666666661, 50.562083333333334 ], [ 6.875416666666663, 50.562083333333334 ], [ 6.87625, 50.562083333333334 ], [ 6.87625, 50.56375 ], [ 6.877083333333328, 50.56375 ], [ 6.877083333333328, 50.564583333333339 ], [ 6.877916666666664, 50.564583333333339 ], [ 6.877916666666664, 50.565416666666671 ], [ 6.87875, 50.565416666666671 ], [ 6.87875, 50.56625 ], [ 6.880416666666662, 50.56625 ], [ 6.88125, 50.56625 ], [ 6.88125, 50.567083333333336 ], [ 6.88375, 50.567083333333336 ], [ 6.88375, 50.56625 ], [ 6.88625, 50.56625 ], [ 6.88625, 50.565416666666671 ], [ 6.887083333333329, 50.565416666666671 ], [ 6.887083333333329, 50.562916666666666 ], [ 6.89125, 50.562916666666666 ], [ 6.89125, 50.564583333333339 ], [ 6.89458333333333, 50.564583333333339 ], [ 6.895416666666662, 50.564583333333339 ], [ 6.895416666666662, 50.565416666666671 ], [ 6.89875, 50.565416666666671 ], [ 6.899583333333329, 50.565416666666671 ], [ 6.899583333333329, 50.56625 ], [ 6.902916666666663, 50.56625 ], [ 6.90375, 50.56625 ], [ 6.90375, 50.567083333333336 ], [ 6.90625, 50.567083333333336 ], [ 6.907083333333329, 50.567083333333336 ], [ 6.907083333333329, 50.567916666666669 ], [ 6.90875, 50.567916666666669 ], [ 6.90875, 50.567083333333336 ], [ 6.91625, 50.567083333333336 ], [ 6.91625, 50.56625 ], [ 6.917916666666663, 50.56625 ], [ 6.917916666666663, 50.567083333333336 ], [ 6.91875, 50.567083333333336 ], [ 6.919583333333328, 50.567083333333336 ], [ 6.919583333333328, 50.567916666666669 ], [ 6.92208333333333, 50.567916666666669 ], [ 6.922916666666662, 50.567916666666669 ], [ 6.922916666666662, 50.56875 ], [ 6.924583333333331, 50.56875 ], [ 6.925416666666663, 50.56875 ], [ 6.925416666666663, 50.570416666666674 ], [ 6.92625, 50.570416666666674 ], [ 6.92625, 50.57125 ], [ 6.93375, 50.57125 ], [ 6.934583333333329, 50.57125 ], [ 6.934583333333329, 50.572083333333339 ], [ 6.935416666666661, 50.572083333333339 ], [ 6.935416666666661, 50.572916666666671 ], [ 6.93625, 50.572916666666671 ], [ 6.93708333333333, 50.572916666666671 ], [ 6.93708333333333, 50.574583333333337 ] ] ] } },
{ "type": "Feature", "properties": { "COMID": 23011442, "unitarea": 27.81965618262354 }, "geometry": { "type": "Polygon", "coordinates": [ [ [ 7.122916666666661, 50.60541666666667 ], [ 7.129583333333329, 50.60541666666667 ], [ 7.129583333333329, 50.604583333333338 ], [ 7.130416666666662, 50.604583333333338 ], [ 7.130416666666662, 50.60375 ], [ 7.13208333333333, 50.60375 ], [ 7.13208333333333, 50.602916666666673 ], [ 7.134583333333328, 50.602916666666673 ], [ 7.134583333333328, 50.60208333333334 ], [ 7.137916666666662, 50.60208333333334 ], [ 7.137916666666662, 50.60125 ], [ 7.14375, 50.60125 ], [ 7.14375, 50.600416666666668 ], [ 7.147916666666664, 50.600416666666668 ], [ 7.147916666666664, 50.599583333333335 ], [ 7.15375, 50.599583333333335 ], [ 7.15375, 50.59875 ], [ 7.154583333333328, 50.59875 ], [ 7.154583333333328, 50.59791666666667 ], [ 7.15625, 50.59791666666667 ], [ 7.15625, 50.597083333333337 ], [ 7.157083333333329, 50.597083333333337 ], [ 7.157083333333329, 50.59625 ], [ 7.15875, 50.59625 ], [ 7.15875, 50.594583333333333 ], [ 7.15958333333333, 50.594583333333333 ], [ 7.15958333333333, 50.592083333333335 ], [ 7.160416666666663, 50.592083333333335 ], [ 7.160416666666663, 50.59125 ], [ 7.16125, 50.59125 ], [ 7.16125, 50.59041666666667 ], [ 7.162083333333328, 50.59041666666667 ], [ 7.162083333333328, 50.589583333333337 ], [ 7.164583333333329, 50.589583333333337 ], [ 7.164583333333329, 50.58875 ], [ 7.16625, 50.58875 ], [ 7.16625, 50.587916666666672 ], [ 7.170416666666664, 50.587916666666672 ], [ 7.170416666666664, 50.587083333333339 ], [ 7.17125, 50.587083333333339 ], [ 7.17125, 50.585416666666674 ], [ 7.17208333333333, 50.585416666666674 ], [ 7.17208333333333, 50.584583333333335 ], [ 7.172916666666662, 50.584583333333335 ], [ 7.172916666666662, 50.58375 ], [ 7.17208333333333, 50.58375 ], [ 7.17208333333333, 50.580416666666672 ], [ 7.17125, 50.580416666666672 ], [ 7.17125, 50.57875 ], [ 7.17208333333333, 50.57875 ], [ 7.17208333333333, 50.577916666666667 ], [ 7.174583333333331, 50.577916666666667 ], [ 7.174583333333331, 50.577083333333334 ], [ 7.17875, 50.577083333333334 ], [ 7.17875, 50.57625 ], [ 7.18125, 50.57625 ], [ 7.18125, 50.575416666666669 ], [ 7.182083333333328, 50.575416666666669 ], [ 7.182083333333328, 50.574583333333337 ], [ 7.182916666666664, 50.574583333333337 ], [ 7.182916666666664, 50.57375 ], [ 7.182083333333328, 50.57375 ], [ 7.182083333333328, 50.572916666666671 ], [ 7.18125, 50.572916666666671 ], [ 7.18125, 50.57125 ], [ 7.180416666666662, 50.57125 ], [ 7.180416666666662, 50.569583333333334 ], [ 7.17958333333333, 50.569583333333334 ], [ 7.177916666666661, 50.569583333333334 ], [ 7.177916666666661, 50.56875 ], [ 7.177083333333329, 50.56875 ], [ 7.17625, 50.56875 ], [ 7.17625, 50.567916666666669 ], [ 7.177083333333329, 50.567916666666669 ], [ 7.177083333333329, 50.567083333333336 ], [ 7.177916666666661, 50.567083333333336 ], [ 7.177916666666661, 50.56625 ], [ 7.17875, 50.56625 ], [ 7.17875, 50.565416666666671 ], [ 7.17958333333333, 50.565416666666671 ], [ 7.17958333333333, 50.55875 ], [ 7.17875, 50.55875 ], [ 7.177916666666661, 50.55875 ], [ 7.177916666666661, 50.557916666666671 ], [ 7.17875, 50.557916666666671 ], [ 7.17875, 50.555416666666673 ], [ 7.177916666666661, 50.555416666666673 ], [ 7.177916666666661, 50.55375 ], [ 7.177083333333329, 50.55375 ], [ 7.177083333333329, 50.552916666666668 ], [ 7.17625, 50.552916666666668 ], [ 7.175416666666663, 50.552916666666668 ], [ 7.175416666666663, 50.552083333333336 ], [ 7.174583333333331, 50.552083333333336 ], [ 7.16875, 50.552083333333336 ], [ 7.16875, 50.55125 ], [ 7.167916666666663, 50.55125 ], [ 7.167916666666663, 50.550416666666671 ], [ 7.167083333333331, 50.550416666666671 ], [ 7.16625, 50.550416666666671 ], [ 7.16625, 50.549583333333338 ], [ 7.167083333333331, 50.549583333333338 ], [ 7.167083333333331, 50.54875 ], [ 7.16625, 50.54875 ], [ 7.16625, 50.547916666666666 ], [ 7.165416666666662, 50.547916666666666 ], [ 7.165416666666662, 50.54875 ], [ 7.16375, 50.54875 ], [ 7.16375, 50.550416666666671 ], [ 7.162916666666664, 50.550416666666671 ], [ 7.162916666666664, 50.55125 ], [ 7.16375, 50.55125 ], [ 7.16375, 50.552083333333336 ], [ 7.162916666666664, 50.552083333333336 ], [ 7.162916666666664, 50.552916666666668 ], [ 7.162083333333328, 50.552916666666668 ], [ 7.162083333333328, 50.55375 ], [ 7.16125, 50.55375 ], [ 7.16125, 50.555416666666673 ], [ 7.160416666666663, 50.555416666666673 ], [ 7.160416666666663, 50.55625 ], [ 7.15958333333333, 50.55625 ], [ 7.15958333333333, 50.557083333333338 ], [ 7.15875, 50.557083333333338 ], [ 7.15875, 50.557916666666671 ], [ 7.155416666666664, 50.557916666666671 ], [ 7.155416666666664, 50.55875 ], [ 7.154583333333328, 50.55875 ], [ 7.154583333333328, 50.559583333333336 ], [ 7.152916666666663, 50.559583333333336 ], [ 7.152916666666663, 50.55875 ], [ 7.15208333333333, 50.55875 ], [ 7.15208333333333, 50.559583333333336 ], [ 7.147083333333331, 50.559583333333336 ], [ 7.147083333333331, 50.55875 ], [ 7.14625, 50.55875 ], [ 7.14375, 50.55875 ], [ 7.14375, 50.557916666666671 ], [ 7.142916666666661, 50.557916666666671 ], [ 7.142916666666661, 50.557083333333338 ], [ 7.13625, 50.557083333333338 ], [ 7.13625, 50.557916666666671 ], [ 7.13125, 50.557916666666671 ], [ 7.13125, 50.557083333333338 ], [ 7.12875, 50.557083333333338 ], [ 7.12875, 50.557916666666671 ], [ 7.12458333333333, 50.557916666666671 ], [ 7.12458333333333, 50.55875 ], [ 7.122083333333329, 50.55875 ], [ 7.122083333333329, 50.560416666666669 ], [ 7.12125, 50.560416666666669 ], [ 7.12125, 50.56125 ], [ 7.119583333333328, 50.56125 ], [ 7.119583333333328, 50.56375 ], [ 7.11875, 50.56375 ], [ 7.11875, 50.564583333333339 ], [ 7.117916666666662, 50.564583333333339 ], [ 7.117916666666662, 50.56375 ], [ 7.11708333333333, 50.56375 ], [ 7.11625, 50.56375 ], [ 7.11625, 50.562916666666666 ], [ 7.114583333333329, 50.562916666666666 ], [ 7.114583333333329, 50.56375 ], [ 7.112916666666663, 50.56375 ], [ 7.112916666666663, 50.564583333333339 ], [ 7.112083333333331, 50.564583333333339 ], [ 7.112083333333331, 50.565416666666671 ], [ 7.10958333333333, 50.565416666666671 ], [ 7.10958333333333, 50.56625 ], [ 7.10875, 50.56625 ], [ 7.10875, 50.567083333333336 ], [ 7.10375, 50.567083333333336 ], [ 7.10375, 50.56625 ], [ 7.102916666666662, 50.56625 ], [ 7.102916666666662, 50.567083333333336 ], [ 7.100416666666664, 50.567083333333336 ], [ 7.100416666666664, 50.567916666666669 ], [ 7.09708333333333, 50.567916666666669 ], [ 7.09708333333333, 50.567083333333336 ], [ 7.09625, 50.567083333333336 ], [ 7.095416666666662, 50.567083333333336 ], [ 7.095416666666662, 50.56625 ], [ 7.094583333333329, 50.56625 ], [ 7.094583333333329, 50.565416666666671 ], [ 7.09375, 50.565416666666671 ], [ 7.09375, 50.564583333333339 ], [ 7.092916666666664, 50.564583333333339 ], [ 7.092916666666664, 50.56375 ], [ 7.092083333333328, 50.56375 ], [ 7.092083333333328, 50.562916666666666 ], [ 7.09125, 50.562916666666666 ], [ 7.09125, 50.562083333333334 ], [ 7.090416666666663, 50.562083333333334 ], [ 7.08958333333333, 50.562083333333334 ], [ 7.08958333333333, 50.56125 ], [ 7.08875, 50.56125 ], [ 7.08875, 50.560416666666669 ], [ 7.087916666666661, 50.560416666666669 ], [ 7.087916666666661, 50.559583333333336 ], [ 7.087083333333329, 50.559583333333336 ], [ 7.084583333333331, 50.559583333333336 ], [ 7.084583333333331, 50.55875 ], [ 7.08375, 50.55875 ], [ 7.08208333333333, 50.55875 ], [ 7.08208333333333, 50.557916666666671 ], [ 7.08125, 50.557916666666671 ], [ 7.08125, 50.557083333333338 ], [ 7.080416666666661, 50.557083333333338 ], [ 7.080416666666661, 50.55625 ], [ 7.079583333333328, 50.55625 ], [ 7.079583333333328, 50.555416666666673 ], [ 7.07875, 50.555416666666673 ], [ 7.07875, 50.554583333333341 ], [ 7.07125, 50.554583333333341 ], [ 7.07125, 50.555416666666673 ], [ 7.06875, 50.555416666666673 ], [ 7.06875, 50.55625 ], [ 7.067916666666662, 50.55625 ], [ 7.067916666666662, 50.557083333333338 ], [ 7.067083333333329, 50.557083333333338 ], [ 7.067083333333329, 50.557916666666671 ], [ 7.067916666666662, 50.557916666666671 ], [ 7.067916666666662, 50.55875 ], [ 7.06875, 50.55875 ], [ 7.06875, 50.559583333333336 ], [ 7.06958333333333, 50.559583333333336 ], [ 7.06958333333333, 50.560416666666669 ], [ 7.070416666666663, 50.560416666666669 ], [ 7.070416666666663, 50.562916666666666 ], [ 7.07125, 50.562916666666666 ], [ 7.07125, 50.56375 ], [ 7.070416666666663, 50.56375 ], [ 7.070416666666663, 50.565416666666671 ], [ 7.07125, 50.565416666666671 ], [ 7.07125, 50.56625 ], [ 7.072083333333328, 50.56625 ], [ 7.072916666666664, 50.56625 ], [ 7.072916666666664, 50.567083333333336 ], [ 7.07375, 50.567083333333336 ], [ 7.07375, 50.56875 ], [ 7.074583333333329, 50.56875 ], [ 7.074583333333329, 50.569583333333334 ], [ 7.075416666666662, 50.569583333333334 ], [ 7.075416666666662, 50.570416666666674 ], [ 7.07625, 50.570416666666674 ], [ 7.07625, 50.57125 ], [ 7.077083333333331, 50.57125 ], [ 7.077083333333331, 50.572083333333339 ], [ 7.077916666666663, 50.572083333333339 ], [ 7.077916666666663, 50.57375 ], [ 7.077083333333331, 50.57375 ], [ 7.077083333333331, 50.575416666666669 ], [ 7.077916666666663, 50.575416666666669 ], [ 7.077916666666663, 50.577083333333334 ], [ 7.07875, 50.577083333333334 ], [ 7.07875, 50.577916666666667 ], [ 7.079583333333328, 50.577916666666667 ], [ 7.079583333333328, 50.57875 ], [ 7.080416666666661, 50.57875 ], [ 7.080416666666661, 50.579583333333339 ], [ 7.08125, 50.579583333333339 ], [ 7.08125, 50.580416666666672 ], [ 7.08208333333333, 50.580416666666672 ], [ 7.08208333333333, 50.58125 ], [ 7.082916666666662, 50.58125 ], [ 7.082916666666662, 50.582083333333337 ], [ 7.08375, 50.582083333333337 ], [ 7.08375, 50.582916666666669 ], [ 7.085416666666664, 50.582916666666669 ], [ 7.08625, 50.582916666666669 ], [ 7.08625, 50.58375 ], [ 7.087916666666661, 50.58375 ], [ 7.08875, 50.58375 ], [ 7.08875, 50.584583333333335 ], [ 7.08958333333333, 50.584583333333335 ], [ 7.08958333333333, 50.585416666666674 ], [ 7.09125, 50.585416666666674 ], [ 7.092083333333328, 50.585416666666674 ], [ 7.092083333333328, 50.58625 ], [ 7.095416666666662, 50.58625 ], [ 7.095416666666662, 50.585416666666674 ], [ 7.099583333333328, 50.585416666666674 ], [ 7.099583333333328, 50.58625 ], [ 7.100416666666664, 50.58625 ], [ 7.100416666666664, 50.585416666666674 ], [ 7.102916666666662, 50.585416666666674 ], [ 7.102916666666662, 50.58625 ], [ 7.10375, 50.58625 ], [ 7.10375, 50.587083333333339 ], [ 7.104583333333331, 50.587083333333339 ], [ 7.104583333333331, 50.587916666666672 ], [ 7.105416666666663, 50.587916666666672 ], [ 7.105416666666663, 50.58875 ], [ 7.10625, 50.58875 ], [ 7.10625, 50.589583333333337 ], [ 7.107083333333328, 50.589583333333337 ], [ 7.107083333333328, 50.59041666666667 ], [ 7.107916666666664, 50.59041666666667 ], [ 7.107916666666664, 50.59625 ], [ 7.10958333333333, 50.59625 ], [ 7.10958333333333, 50.595416666666672 ], [ 7.110416666666662, 50.595416666666672 ], [ 7.110416666666662, 50.59625 ], [ 7.11125, 50.59625 ], [ 7.11125, 50.597083333333337 ], [ 7.112083333333331, 50.597083333333337 ], [ 7.112083333333331, 50.59791666666667 ], [ 7.112916666666663, 50.59791666666667 ], [ 7.112916666666663, 50.59875 ], [ 7.114583333333329, 50.59875 ], [ 7.115416666666661, 50.59875 ], [ 7.115416666666661, 50.599583333333335 ], [ 7.11625, 50.599583333333335 ], [ 7.11625, 50.600416666666668 ], [ 7.11708333333333, 50.600416666666668 ], [ 7.11708333333333, 50.60125 ], [ 7.117916666666662, 50.60125 ], [ 7.117916666666662, 50.60208333333334 ], [ 7.11875, 50.60208333333334 ], [ 7.11875, 50.602916666666673 ], [ 7.119583333333328, 50.602916666666673 ], [ 7.119583333333328, 50.60375 ], [ 7.120416666666664, 50.60375 ], [ 7.120416666666664, 50.604583333333338 ], [ 7.122083333333329, 50.604583333333338 ], [ 7.122916666666661, 50.604583333333338 ], [ 7.122916666666661, 50.60541666666667 ] ] ] } },
{ "type": "Feature", "properties": { "COMID": 23013209, "unitarea": 35.234743318039826 }, "geometry": { "type": "Polygon", "coordinates": [ [ [ 6.77625, 50.31875 ], [ 6.777916666666663, 50.31875 ], [ 6.777916666666663, 50.317916666666669 ], [ 6.77875, 50.317916666666669 ], [ 6.77875, 50.317083333333336 ], [ 6.779583333333328, 50.317083333333336 ], [ 6.779583333333328, 50.31625 ], [ 6.780416666666664, 50.31625 ], [ 6.780416666666664, 50.315416666666671 ], [ 6.78125, 50.315416666666671 ], [ 6.78125, 50.314583333333339 ], [ 6.782083333333329, 50.314583333333339 ], [ 6.782083333333329, 50.31375 ], [ 6.78458333333333, 50.31375 ], [ 6.78458333333333, 50.314583333333339 ], [ 6.78875, 50.314583333333339 ], [ 6.78875, 50.31375 ], [ 6.789583333333329, 50.31375 ], [ 6.789583333333329, 50.312916666666666 ], [ 6.790416666666662, 50.312916666666666 ], [ 6.790416666666662, 50.312083333333334 ], [ 6.792083333333331, 50.312083333333334 ], [ 6.792083333333331, 50.312916666666666 ], [ 6.794583333333328, 50.312916666666666 ], [ 6.794583333333328, 50.312083333333334 ], [ 6.79625, 50.312083333333334 ], [ 6.79625, 50.310416666666669 ], [ 6.79708333333333, 50.310416666666669 ], [ 6.79708333333333, 50.309583333333336 ], [ 6.79875, 50.309583333333336 ], [ 6.79875, 50.30875 ], [ 6.80125, 50.30875 ], [ 6.80125, 50.307916666666671 ], [ 6.80625, 50.307916666666671 ], [ 6.80625, 50.307083333333338 ], [ 6.807916666666664, 50.307083333333338 ], [ 6.807916666666664, 50.30625 ], [ 6.80875, 50.30625 ], [ 6.80875, 50.305416666666673 ], [ 6.809583333333329, 50.305416666666673 ], [ 6.809583333333329, 50.304583333333341 ], [ 6.810416666666661, 50.304583333333341 ], [ 6.810416666666661, 50.30375 ], [ 6.81125, 50.30375 ], [ 6.81125, 50.302916666666668 ], [ 6.81375, 50.302916666666668 ], [ 6.81375, 50.30375 ], [ 6.814583333333328, 50.30375 ], [ 6.814583333333328, 50.304583333333341 ], [ 6.81625, 50.304583333333341 ], [ 6.81625, 50.30375 ], [ 6.817916666666662, 50.30375 ], [ 6.817916666666662, 50.302083333333336 ], [ 6.81875, 50.302083333333336 ], [ 6.81875, 50.30125 ], [ 6.817916666666662, 50.30125 ], [ 6.817916666666662, 50.29875 ], [ 6.81875, 50.29875 ], [ 6.81875, 50.29625 ], [ 6.822083333333328, 50.29625 ], [ 6.822083333333328, 50.295416666666668 ], [ 6.822916666666664, 50.295416666666668 ], [ 6.822916666666664, 50.29625 ], [ 6.82375, 50.29625 ], [ 6.82375, 50.295416666666668 ], [ 6.824583333333329, 50.295416666666668 ], [ 6.824583333333329, 50.294583333333335 ], [ 6.825416666666662, 50.294583333333335 ], [ 6.825416666666662, 50.29375 ], [ 6.827083333333331, 50.29375 ], [ 6.827083333333331, 50.292083333333338 ], [ 6.827916666666663, 50.292083333333338 ], [ 6.827916666666663, 50.28958333333334 ], [ 6.83125, 50.28958333333334 ], [ 6.83125, 50.28875 ], [ 6.83375, 50.28875 ], [ 6.83375, 50.287916666666668 ], [ 6.834583333333331, 50.287916666666668 ], [ 6.834583333333331, 50.287083333333335 ], [ 6.835416666666664, 50.287083333333335 ], [ 6.835416666666664, 50.28625 ], [ 6.83625, 50.28625 ], [ 6.83625, 50.28541666666667 ], [ 6.837083333333329, 50.28541666666667 ], [ 6.837083333333329, 50.284583333333337 ], [ 6.837916666666661, 50.284583333333337 ], [ 6.837916666666661, 50.28375 ], [ 6.83875, 50.28375 ], [ 6.83875, 50.282916666666672 ], [ 6.83958333333333, 50.282916666666672 ], [ 6.83958333333333, 50.282083333333333 ], [ 6.840416666666663, 50.282083333333333 ], [ 6.840416666666663, 50.28125 ], [ 6.84125, 50.28125 ], [ 6.84125, 50.280416666666667 ], [ 6.842083333333328, 50.280416666666667 ], [ 6.842083333333328, 50.279583333333335 ], [ 6.842916666666664, 50.279583333333335 ], [ 6.842916666666664, 50.27875 ], [ 6.844583333333329, 50.27875 ], [ 6.844583333333329, 50.27791666666667 ], [ 6.849583333333328, 50.27791666666667 ], [ 6.849583333333328, 50.277083333333337 ], [ 6.85125, 50.277083333333337 ], [ 6.85125, 50.274583333333339 ], [ 6.852083333333329, 50.274583333333339 ], [ 6.852083333333329, 50.27375 ], [ 6.85125, 50.27375 ], [ 6.85125, 50.272083333333335 ], [ 6.842916666666664, 50.272083333333335 ], [ 6.842916666666664, 50.272916666666674 ], [ 6.84125, 50.272916666666674 ], [ 6.84125, 50.27375 ], [ 6.840416666666663, 50.27375 ], [ 6.840416666666663, 50.272916666666674 ], [ 6.83958333333333, 50.272916666666674 ], [ 6.837916666666661, 50.272916666666674 ], [ 6.837916666666661, 50.272083333333335 ], [ 6.83625, 50.272083333333335 ], [ 6.83625, 50.272916666666674 ], [ 6.832916666666662, 50.272916666666674 ], [ 6.832916666666662, 50.272083333333335 ], [ 6.825416666666662, 50.272083333333335 ], [ 6.825416666666662, 50.272916666666674 ], [ 6.82375, 50.272916666666674 ], [ 6.82375, 50.27125 ], [ 6.822916666666664, 50.27125 ], [ 6.822916666666664, 50.270416666666669 ], [ 6.822083333333328, 50.270416666666669 ], [ 6.822083333333328, 50.26875 ], [ 6.82125, 50.26875 ], [ 6.82125, 50.267916666666672 ], [ 6.820416666666663, 50.267916666666672 ], [ 6.81958333333333, 50.267916666666672 ], [ 6.81958333333333, 50.265416666666667 ], [ 6.820416666666663, 50.265416666666667 ], [ 6.820416666666663, 50.264583333333334 ], [ 6.822083333333328, 50.264583333333334 ], [ 6.822083333333328, 50.26125 ], [ 6.829583333333328, 50.26125 ], [ 6.829583333333328, 50.260416666666671 ], [ 6.83125, 50.260416666666671 ], [ 6.83125, 50.259583333333339 ], [ 6.83208333333333, 50.259583333333339 ], [ 6.83208333333333, 50.25875 ], [ 6.834583333333331, 50.25875 ], [ 6.834583333333331, 50.257083333333334 ], [ 6.835416666666664, 50.257083333333334 ], [ 6.835416666666664, 50.25625 ], [ 6.834583333333331, 50.25625 ], [ 6.834583333333331, 50.255416666666669 ], [ 6.83375, 50.255416666666669 ], [ 6.83125, 50.255416666666669 ], [ 6.83125, 50.254583333333336 ], [ 6.830416666666661, 50.254583333333336 ], [ 6.830416666666661, 50.25375 ], [ 6.829583333333328, 50.25375 ], [ 6.829583333333328, 50.252916666666671 ], [ 6.82875, 50.252916666666671 ], [ 6.82875, 50.252083333333339 ], [ 6.827916666666663, 50.252083333333339 ], [ 6.827916666666663, 50.25125 ], [ 6.827083333333331, 50.25125 ], [ 6.827083333333331, 50.250416666666666 ], [ 6.82625, 50.250416666666666 ], [ 6.82625, 50.249583333333334 ], [ 6.82375, 50.249583333333334 ], [ 6.82375, 50.250416666666666 ], [ 6.822916666666664, 50.250416666666666 ], [ 6.822916666666664, 50.25125 ], [ 6.820416666666663, 50.25125 ], [ 6.820416666666663, 50.252083333333339 ], [ 6.81958333333333, 50.252083333333339 ], [ 6.81958333333333, 50.25125 ], [ 6.81875, 50.25125 ], [ 6.81375, 50.25125 ], [ 6.81375, 50.250416666666666 ], [ 6.807916666666664, 50.250416666666666 ], [ 6.807916666666664, 50.25125 ], [ 6.805416666666662, 50.25125 ], [ 6.805416666666662, 50.250416666666666 ], [ 6.80458333333333, 50.250416666666666 ], [ 6.80375, 50.250416666666666 ], [ 6.80375, 50.249583333333334 ], [ 6.802916666666661, 50.249583333333334 ], [ 6.800416666666663, 50.249583333333334 ], [ 6.800416666666663, 50.24875 ], [ 6.799583333333331, 50.24875 ], [ 6.795416666666664, 50.24875 ], [ 6.795416666666664, 50.247916666666669 ], [ 6.794583333333328, 50.247916666666669 ], [ 6.794583333333328, 50.247083333333336 ], [ 6.79375, 50.247083333333336 ], [ 6.792916666666663, 50.247083333333336 ], [ 6.792916666666663, 50.24625 ], [ 6.792083333333331, 50.24625 ], [ 6.79125, 50.24625 ], [ 6.79125, 50.245416666666671 ], [ 6.790416666666662, 50.245416666666671 ], [ 6.78875, 50.245416666666671 ], [ 6.78875, 50.244583333333338 ], [ 6.787916666666664, 50.244583333333338 ], [ 6.78625, 50.244583333333338 ], [ 6.78625, 50.24375 ], [ 6.785416666666663, 50.24375 ], [ 6.785416666666663, 50.24125 ], [ 6.782083333333329, 50.24125 ], [ 6.782083333333329, 50.242916666666673 ], [ 6.780416666666664, 50.242916666666673 ], [ 6.780416666666664, 50.24375 ], [ 6.77875, 50.24375 ], [ 6.77875, 50.242916666666673 ], [ 6.777916666666663, 50.242916666666673 ], [ 6.77625, 50.242916666666673 ], [ 6.77625, 50.242083333333341 ], [ 6.775416666666661, 50.242083333333341 ], [ 6.77375, 50.242083333333341 ], [ 6.77375, 50.24125 ], [ 6.772916666666664, 50.24125 ], [ 6.772916666666664, 50.240416666666668 ], [ 6.772083333333331, 50.240416666666668 ], [ 6.77125, 50.240416666666668 ], [ 6.77125, 50.239583333333336 ], [ 6.76958333333333, 50.239583333333336 ], [ 6.76958333333333, 50.240416666666668 ], [ 6.767916666666661, 50.240416666666668 ], [ 6.767916666666661, 50.242083333333341 ], [ 6.767083333333328, 50.242083333333341 ], [ 6.767083333333328, 50.24375 ], [ 6.764583333333331, 50.24375 ], [ 6.764583333333331, 50.244583333333338 ], [ 6.76125, 50.244583333333338 ], [ 6.76125, 50.245416666666671 ], [ 6.75625, 50.245416666666671 ], [ 6.75625, 50.24625 ], [ 6.75708333333333, 50.24625 ], [ 6.75708333333333, 50.247083333333336 ], [ 6.757916666666663, 50.247083333333336 ], [ 6.757916666666663, 50.247916666666669 ], [ 6.75875, 50.247916666666669 ], [ 6.75875, 50.24875 ], [ 6.759583333333328, 50.24875 ], [ 6.759583333333328, 50.250416666666666 ], [ 6.760416666666664, 50.250416666666666 ], [ 6.76125, 50.250416666666666 ], [ 6.76125, 50.25125 ], [ 6.762083333333329, 50.25125 ], [ 6.762083333333329, 50.252083333333339 ], [ 6.762916666666662, 50.252083333333339 ], [ 6.762916666666662, 50.25375 ], [ 6.76375, 50.25375 ], [ 6.76375, 50.254583333333336 ], [ 6.764583333333331, 50.254583333333336 ], [ 6.764583333333331, 50.255416666666669 ], [ 6.76625, 50.255416666666669 ], [ 6.767083333333328, 50.255416666666669 ], [ 6.767083333333328, 50.257083333333334 ], [ 6.76625, 50.257083333333334 ], [ 6.76625, 50.257916666666674 ], [ 6.765416666666663, 50.257916666666674 ], [ 6.765416666666663, 50.25875 ], [ 6.764583333333331, 50.25875 ], [ 6.764583333333331, 50.259583333333339 ], [ 6.762916666666662, 50.259583333333339 ], [ 6.762916666666662, 50.260416666666671 ], [ 6.762083333333329, 50.260416666666671 ], [ 6.762083333333329, 50.26125 ], [ 6.76125, 50.26125 ], [ 6.76125, 50.262083333333337 ], [ 6.760416666666664, 50.262083333333337 ], [ 6.760416666666664, 50.262916666666669 ], [ 6.759583333333328, 50.262916666666669 ], [ 6.759583333333328, 50.26375 ], [ 6.75875, 50.26375 ], [ 6.75875, 50.264583333333334 ], [ 6.75625, 50.264583333333334 ], [ 6.75625, 50.265416666666667 ], [ 6.754583333333329, 50.265416666666667 ], [ 6.754583333333329, 50.26625 ], [ 6.75375, 50.26625 ], [ 6.75375, 50.267083333333339 ], [ 6.752916666666664, 50.267083333333339 ], [ 6.752916666666664, 50.267916666666672 ], [ 6.752083333333328, 50.267916666666672 ], [ 6.752083333333328, 50.26875 ], [ 6.75125, 50.26875 ], [ 6.75125, 50.269583333333337 ], [ 6.750416666666663, 50.269583333333337 ], [ 6.750416666666663, 50.27375 ], [ 6.74958333333333, 50.27375 ], [ 6.74958333333333, 50.274583333333339 ], [ 6.750416666666663, 50.274583333333339 ], [ 6.750416666666663, 50.275416666666672 ], [ 6.75125, 50.275416666666672 ], [ 6.75125, 50.27625 ], [ 6.750416666666663, 50.27625 ], [ 6.750416666666663, 50.277083333333337 ], [ 6.75125, 50.277083333333337 ], [ 6.75125, 50.27791666666667 ], [ 6.752083333333328, 50.27791666666667 ], [ 6.752083333333328, 50.27875 ], [ 6.752916666666664, 50.27875 ], [ 6.752916666666664, 50.279583333333335 ], [ 6.75375, 50.279583333333335 ], [ 6.75375, 50.280416666666667 ], [ 6.754583333333329, 50.280416666666667 ], [ 6.754583333333329, 50.282083333333333 ], [ 6.755416666666662, 50.282083333333333 ], [ 6.75625, 50.282083333333333 ], [ 6.75625, 50.282916666666672 ], [ 6.75708333333333, 50.282916666666672 ], [ 6.75708333333333, 50.28375 ], [ 6.757916666666663, 50.28375 ], [ 6.75875, 50.28375 ], [ 6.75875, 50.28541666666667 ], [ 6.759583333333328, 50.28541666666667 ], [ 6.759583333333328, 50.287916666666668 ], [ 6.760416666666664, 50.287916666666668 ], [ 6.760416666666664, 50.28958333333334 ], [ 6.76125, 50.28958333333334 ], [ 6.76125, 50.290416666666673 ], [ 6.760416666666664, 50.290416666666673 ], [ 6.760416666666664, 50.29125 ], [ 6.759583333333328, 50.29125 ], [ 6.759583333333328, 50.292083333333338 ], [ 6.75875, 50.292083333333338 ], [ 6.75875, 50.29291666666667 ], [ 6.75708333333333, 50.29291666666667 ], [ 6.75708333333333, 50.29375 ], [ 6.75625, 50.29375 ], [ 6.75625, 50.295416666666668 ], [ 6.755416666666662, 50.295416666666668 ], [ 6.755416666666662, 50.29625 ], [ 6.757916666666663, 50.29625 ], [ 6.75875, 50.29625 ], [ 6.75875, 50.297083333333333 ], [ 6.759583333333328, 50.297083333333333 ], [ 6.760416666666664, 50.297083333333333 ], [ 6.760416666666664, 50.29875 ], [ 6.76125, 50.29875 ], [ 6.762083333333329, 50.29875 ], [ 6.762083333333329, 50.300416666666671 ], [ 6.762916666666662, 50.300416666666671 ], [ 6.762916666666662, 50.30125 ], [ 6.76375, 50.30125 ], [ 6.76375, 50.302083333333336 ], [ 6.764583333333331, 50.302083333333336 ], [ 6.764583333333331, 50.302916666666668 ], [ 6.765416666666663, 50.302916666666668 ], [ 6.76625, 50.302916666666668 ], [ 6.76625, 50.30375 ], [ 6.767083333333328, 50.30375 ], [ 6.767916666666661, 50.30375 ], [ 6.767916666666661, 50.305416666666673 ], [ 6.76875, 50.305416666666673 ], [ 6.76875, 50.307083333333338 ], [ 6.76958333333333, 50.307083333333338 ], [ 6.76958333333333, 50.307916666666671 ], [ 6.770416666666662, 50.307916666666671 ], [ 6.770416666666662, 50.30875 ], [ 6.77125, 50.30875 ], [ 6.77125, 50.309583333333336 ], [ 6.772083333333331, 50.309583333333336 ], [ 6.772083333333331, 50.310416666666669 ], [ 6.772916666666664, 50.310416666666669 ], [ 6.772916666666664, 50.31125 ], [ 6.77375, 50.31125 ], [ 6.77375, 50.31375 ], [ 6.774583333333329, 50.31375 ], [ 6.774583333333329, 50.317083333333336 ], [ 6.775416666666661, 50.317083333333336 ], [ 6.775416666666661, 50.317916666666669 ], [ 6.77625, 50.317916666666669 ], [ 6.77625, 50.31875 ] ] ] } },
{ "type": "Feature", "properties": { "COMID": 23013221, "unitarea": 33.535143648687317 }, "geometry": { "type": "Polygon", "coordinates": [ [ [ 6.725416666666664, 50.335416666666674 ], [ 6.727916666666662, 50.335416666666674 ], [ 6.727916666666662, 50.334583333333335 ], [ 6.72875, 50.334583333333335 ], [ 6.72875, 50.33375 ], [ 6.729583333333331, 50.33375 ], [ 6.729583333333331, 50.332916666666669 ], [ 6.730416666666663, 50.332916666666669 ], [ 6.730416666666663, 50.332083333333337 ], [ 6.73125, 50.332083333333337 ], [ 6.73125, 50.33125 ], [ 6.73375, 50.33125 ], [ 6.73375, 50.330416666666672 ], [ 6.735416666666662, 50.330416666666672 ], [ 6.735416666666662, 50.329583333333339 ], [ 6.73625, 50.329583333333339 ], [ 6.73625, 50.32875 ], [ 6.737083333333331, 50.32875 ], [ 6.737083333333331, 50.327916666666667 ], [ 6.73875, 50.327916666666667 ], [ 6.73875, 50.327083333333334 ], [ 6.740416666666661, 50.327083333333334 ], [ 6.740416666666661, 50.32625 ], [ 6.74125, 50.32625 ], [ 6.74125, 50.325416666666669 ], [ 6.74208333333333, 50.325416666666669 ], [ 6.74208333333333, 50.324583333333337 ], [ 6.742916666666662, 50.324583333333337 ], [ 6.742916666666662, 50.322083333333339 ], [ 6.74375, 50.322083333333339 ], [ 6.74375, 50.32125 ], [ 6.744583333333331, 50.32125 ], [ 6.744583333333331, 50.320416666666674 ], [ 6.745416666666664, 50.320416666666674 ], [ 6.745416666666664, 50.319583333333334 ], [ 6.747083333333329, 50.319583333333334 ], [ 6.747083333333329, 50.31875 ], [ 6.74875, 50.31875 ], [ 6.74875, 50.317916666666669 ], [ 6.74958333333333, 50.317916666666669 ], [ 6.74958333333333, 50.317083333333336 ], [ 6.750416666666663, 50.317083333333336 ], [ 6.750416666666663, 50.317916666666669 ], [ 6.752916666666664, 50.317916666666669 ], [ 6.75375, 50.317916666666669 ], [ 6.75375, 50.31875 ], [ 6.755416666666662, 50.31875 ], [ 6.755416666666662, 50.317916666666669 ], [ 6.75625, 50.317916666666669 ], [ 6.75625, 50.31875 ], [ 6.75708333333333, 50.31875 ], [ 6.757916666666663, 50.31875 ], [ 6.757916666666663, 50.319583333333334 ], [ 6.75875, 50.319583333333334 ], [ 6.75875, 50.320416666666674 ], [ 6.760416666666664, 50.320416666666674 ], [ 6.76125, 50.320416666666674 ], [ 6.76125, 50.32125 ], [ 6.764583333333331, 50.32125 ], [ 6.764583333333331, 50.320416666666674 ], [ 6.76875, 50.320416666666674 ], [ 6.76875, 50.32125 ], [ 6.770416666666662, 50.32125 ], [ 6.770416666666662, 50.320416666666674 ], [ 6.772916666666664, 50.320416666666674 ], [ 6.772916666666664, 50.319583333333334 ], [ 6.77375, 50.319583333333334 ], [ 6.77375, 50.31875 ], [ 6.774583333333329, 50.31875 ], [ 6.774583333333329, 50.317916666666669 ], [ 6.775416666666661, 50.317916666666669 ], [ 6.775416666666661, 50.317083333333336 ], [ 6.774583333333329, 50.317083333333336 ], [ 6.774583333333329, 50.31375 ], [ 6.77375, 50.31375 ], [ 6.77375, 50.31125 ], [ 6.772916666666664, 50.31125 ], [ 6.772916666666664, 50.310416666666669 ], [ 6.772083333333331, 50.310416666666669 ], [ 6.772083333333331, 50.309583333333336 ], [ 6.77125, 50.309583333333336 ], [ 6.77125, 50.30875 ], [ 6.770416666666662, 50.30875 ], [ 6.770416666666662, 50.307916666666671 ], [ 6.76958333333333, 50.307916666666671 ], [ 6.76958333333333, 50.307083333333338 ], [ 6.76875, 50.307083333333338 ], [ 6.76875, 50.305416666666673 ], [ 6.767916666666661, 50.305416666666673 ], [ 6.767916666666661, 50.30375 ], [ 6.767083333333328, 50.30375 ], [ 6.76625, 50.30375 ], [ 6.76625, 50.302916666666668 ], [ 6.765416666666663, 50.302916666666668 ], [ 6.764583333333331, 50.302916666666668 ], [ 6.764583333333331, 50.302083333333336 ], [ 6.76375, 50.302083333333336 ], [ 6.76375, 50.30125 ], [ 6.762916666666662, 50.30125 ], [ 6.762916666666662, 50.300416666666671 ], [ 6.762083333333329, 50.300416666666671 ], [ 6.762083333333329, 50.29875 ], [ 6.76125, 50.29875 ], [ 6.760416666666664, 50.29875 ], [ 6.760416666666664, 50.297083333333333 ], [ 6.759583333333328, 50.297083333333333 ], [ 6.75875, 50.297083333333333 ], [ 6.75875, 50.29625 ], [ 6.757916666666663, 50.29625 ], [ 6.755416666666662, 50.29625 ], [ 6.755416666666662, 50.295416666666668 ], [ 6.75625, 50.295416666666668 ], [ 6.75625, 50.29375 ], [ 6.75708333333333, 50.29375 ], [ 6.75708333333333, 50.29291666666667 ], [ 6.75875, 50.29291666666667 ], [ 6.75875, 50.292083333333338 ], [ 6.759583333333328, 50.292083333333338 ], [ 6.759583333333328, 50.29125 ], [ 6.760416666666664, 50.29125 ], [ 6.760416666666664, 50.290416666666673 ], [ 6.76125, 50.290416666666673 ], [ 6.76125, 50.28958333333334 ], [ 6.760416666666664, 50.28958333333334 ], [ 6.760416666666664, 50.287916666666668 ], [ 6.759583333333328, 50.287916666666668 ], [ 6.759583333333328, 50.28541666666667 ], [ 6.75875, 50.28541666666667 ], [ 6.75875, 50.28375 ], [ 6.757916666666663, 50.28375 ], [ 6.75708333333333, 50.28375 ], [ 6.75708333333333, 50.282916666666672 ], [ 6.75625, 50.282916666666672 ], [ 6.75625, 50.282083333333333 ], [ 6.755416666666662, 50.282083333333333 ], [ 6.754583333333329, 50.282083333333333 ], [ 6.754583333333329, 50.280416666666667 ], [ 6.75375, 50.280416666666667 ], [ 6.75375, 50.279583333333335 ], [ 6.752916666666664, 50.279583333333335 ], [ 6.752916666666664, 50.27875 ], [ 6.752083333333328, 50.27875 ], [ 6.752083333333328, 50.27791666666667 ], [ 6.75125, 50.27791666666667 ], [ 6.75125, 50.277083333333337 ], [ 6.750416666666663, 50.277083333333337 ], [ 6.750416666666663, 50.27625 ], [ 6.75125, 50.27625 ], [ 6.75125, 50.275416666666672 ], [ 6.750416666666663, 50.275416666666672 ], [ 6.750416666666663, 50.274583333333339 ], [ 6.74958333333333, 50.274583333333339 ], [ 6.74958333333333, 50.27375 ], [ 6.750416666666663, 50.27375 ], [ 6.750416666666663, 50.269583333333337 ], [ 6.75125, 50.269583333333337 ], [ 6.75125, 50.26875 ], [ 6.752083333333328, 50.26875 ], [ 6.752083333333328, 50.267916666666672 ], [ 6.75125, 50.267916666666672 ], [ 6.75125, 50.267083333333339 ], [ 6.74875, 50.267083333333339 ], [ 6.74875, 50.267916666666672 ], [ 6.747083333333329, 50.267916666666672 ], [ 6.747083333333329, 50.267083333333339 ], [ 6.74625, 50.267083333333339 ], [ 6.74125, 50.267083333333339 ], [ 6.74125, 50.26625 ], [ 6.740416666666661, 50.26625 ], [ 6.740416666666661, 50.267083333333339 ], [ 6.73625, 50.267083333333339 ], [ 6.73625, 50.267916666666672 ], [ 6.735416666666662, 50.267916666666672 ], [ 6.735416666666662, 50.267083333333339 ], [ 6.73125, 50.267083333333339 ], [ 6.73125, 50.267916666666672 ], [ 6.730416666666663, 50.267916666666672 ], [ 6.730416666666663, 50.267083333333339 ], [ 6.729583333333331, 50.267083333333339 ], [ 6.719583333333329, 50.267083333333339 ], [ 6.719583333333329, 50.26625 ], [ 6.720416666666662, 50.26625 ], [ 6.720416666666662, 50.264583333333334 ], [ 6.719583333333329, 50.264583333333334 ], [ 6.719583333333329, 50.26375 ], [ 6.71875, 50.26375 ], [ 6.71875, 50.262083333333337 ], [ 6.717916666666664, 50.262083333333337 ], [ 6.717916666666664, 50.26125 ], [ 6.717083333333328, 50.26125 ], [ 6.717083333333328, 50.262083333333337 ], [ 6.71625, 50.262083333333337 ], [ 6.71625, 50.262916666666669 ], [ 6.715416666666663, 50.262916666666669 ], [ 6.715416666666663, 50.26375 ], [ 6.71375, 50.26375 ], [ 6.71375, 50.265416666666667 ], [ 6.712083333333329, 50.265416666666667 ], [ 6.712083333333329, 50.26625 ], [ 6.71125, 50.26625 ], [ 6.71125, 50.267083333333339 ], [ 6.707916666666662, 50.267083333333339 ], [ 6.707916666666662, 50.267916666666672 ], [ 6.70708333333333, 50.267916666666672 ], [ 6.70708333333333, 50.26875 ], [ 6.70625, 50.26875 ], [ 6.70625, 50.270416666666669 ], [ 6.705416666666661, 50.270416666666669 ], [ 6.705416666666661, 50.27125 ], [ 6.704583333333328, 50.27125 ], [ 6.704583333333328, 50.272083333333335 ], [ 6.70375, 50.272083333333335 ], [ 6.70375, 50.272916666666674 ], [ 6.702916666666663, 50.272916666666674 ], [ 6.702916666666663, 50.27375 ], [ 6.70125, 50.27375 ], [ 6.70125, 50.274583333333339 ], [ 6.699583333333329, 50.274583333333339 ], [ 6.699583333333329, 50.27375 ], [ 6.697916666666664, 50.27375 ], [ 6.697916666666664, 50.274583333333339 ], [ 6.697083333333328, 50.274583333333339 ], [ 6.697083333333328, 50.275416666666672 ], [ 6.69125, 50.275416666666672 ], [ 6.69125, 50.27625 ], [ 6.690416666666664, 50.27625 ], [ 6.690416666666664, 50.277083333333337 ], [ 6.689583333333328, 50.277083333333337 ], [ 6.689583333333328, 50.27791666666667 ], [ 6.68875, 50.27791666666667 ], [ 6.68875, 50.27875 ], [ 6.687916666666663, 50.27875 ], [ 6.687916666666663, 50.279583333333335 ], [ 6.685416666666661, 50.279583333333335 ], [ 6.685416666666661, 50.280416666666667 ], [ 6.684583333333329, 50.280416666666667 ], [ 6.684583333333329, 50.282083333333333 ], [ 6.68375, 50.282083333333333 ], [ 6.68375, 50.282916666666672 ], [ 6.682916666666664, 50.282916666666672 ], [ 6.682916666666664, 50.28375 ], [ 6.68125, 50.28375 ], [ 6.68125, 50.284583333333337 ], [ 6.680416666666662, 50.284583333333337 ], [ 6.680416666666662, 50.287916666666668 ], [ 6.67958333333333, 50.287916666666668 ], [ 6.67958333333333, 50.28875 ], [ 6.680416666666662, 50.28875 ], [ 6.680416666666662, 50.292083333333338 ], [ 6.67958333333333, 50.292083333333338 ], [ 6.67958333333333, 50.29375 ], [ 6.680416666666662, 50.29375 ], [ 6.680416666666662, 50.294583333333335 ], [ 6.68125, 50.294583333333335 ], [ 6.68125, 50.295416666666668 ], [ 6.682083333333331, 50.295416666666668 ], [ 6.682916666666664, 50.295416666666668 ], [ 6.682916666666664, 50.297083333333333 ], [ 6.68375, 50.297083333333333 ], [ 6.68375, 50.297916666666666 ], [ 6.685416666666661, 50.297916666666666 ], [ 6.68625, 50.297916666666666 ], [ 6.68625, 50.299583333333338 ], [ 6.685416666666661, 50.299583333333338 ], [ 6.685416666666661, 50.30125 ], [ 6.68625, 50.30125 ], [ 6.68625, 50.302083333333336 ], [ 6.68708333333333, 50.302083333333336 ], [ 6.68708333333333, 50.302916666666668 ], [ 6.687916666666663, 50.302916666666668 ], [ 6.687916666666663, 50.30375 ], [ 6.68875, 50.30375 ], [ 6.68875, 50.305416666666673 ], [ 6.689583333333328, 50.305416666666673 ], [ 6.689583333333328, 50.30625 ], [ 6.690416666666664, 50.30625 ], [ 6.69125, 50.30625 ], [ 6.69125, 50.307083333333338 ], [ 6.692083333333329, 50.307083333333338 ], [ 6.692083333333329, 50.307916666666671 ], [ 6.692916666666662, 50.307916666666671 ], [ 6.692916666666662, 50.30875 ], [ 6.69375, 50.30875 ], [ 6.69375, 50.310416666666669 ], [ 6.69458333333333, 50.310416666666669 ], [ 6.69458333333333, 50.31125 ], [ 6.695416666666663, 50.31125 ], [ 6.695416666666663, 50.312083333333334 ], [ 6.69625, 50.312083333333334 ], [ 6.69625, 50.312916666666666 ], [ 6.697083333333328, 50.312916666666666 ], [ 6.697916666666664, 50.312916666666666 ], [ 6.697916666666664, 50.31375 ], [ 6.69875, 50.31375 ], [ 6.69875, 50.314583333333339 ], [ 6.699583333333329, 50.314583333333339 ], [ 6.699583333333329, 50.315416666666671 ], [ 6.697916666666664, 50.315416666666671 ], [ 6.697916666666664, 50.31625 ], [ 6.697083333333328, 50.31625 ], [ 6.697083333333328, 50.319583333333334 ], [ 6.69625, 50.319583333333334 ], [ 6.69625, 50.320416666666674 ], [ 6.697083333333328, 50.320416666666674 ], [ 6.697083333333328, 50.32125 ], [ 6.697916666666664, 50.32125 ], [ 6.69875, 50.32125 ], [ 6.69875, 50.322083333333339 ], [ 6.699583333333329, 50.322083333333339 ], [ 6.699583333333329, 50.32375 ], [ 6.700416666666662, 50.32375 ], [ 6.700416666666662, 50.324583333333337 ], [ 6.70125, 50.324583333333337 ], [ 6.702083333333331, 50.324583333333337 ], [ 6.702083333333331, 50.325416666666669 ], [ 6.702916666666663, 50.325416666666669 ], [ 6.702916666666663, 50.327083333333334 ], [ 6.70375, 50.327083333333334 ], [ 6.70375, 50.327916666666667 ], [ 6.704583333333328, 50.327916666666667 ], [ 6.704583333333328, 50.32875 ], [ 6.705416666666661, 50.32875 ], [ 6.705416666666661, 50.329583333333339 ], [ 6.70625, 50.329583333333339 ], [ 6.70708333333333, 50.329583333333339 ], [ 6.70708333333333, 50.330416666666672 ], [ 6.707916666666662, 50.330416666666672 ], [ 6.707916666666662, 50.329583333333339 ], [ 6.712916666666661, 50.329583333333339 ], [ 6.712916666666661, 50.330416666666672 ], [ 6.71375, 50.330416666666672 ], [ 6.71375, 50.33125 ], [ 6.71458333333333, 50.33125 ], [ 6.715416666666663, 50.33125 ], [ 6.715416666666663, 50.332083333333337 ], [ 6.717916666666664, 50.332083333333337 ], [ 6.71875, 50.332083333333337 ], [ 6.71875, 50.33375 ], [ 6.722916666666663, 50.33375 ], [ 6.72375, 50.33375 ], [ 6.72375, 50.334583333333335 ], [ 6.724583333333328, 50.334583333333335 ], [ 6.725416666666664, 50.334583333333335 ], [ 6.725416666666664, 50.335416666666674 ] ] ] } },
{ "type": "Feature", "properties": { "COMID": 23012783, "unitarea": 22.835324905293728 }, "geometry": { "type": "Polygon", "coordinates": [ [ [ 6.74875, 50.377083333333339 ], [ 6.75125, 50.377083333333339 ], [ 6.75125, 50.37625 ], [ 6.752916666666664, 50.37625 ], [ 6.752916666666664, 50.375416666666666 ], [ 6.75375, 50.375416666666666 ], [ 6.75375, 50.374583333333334 ], [ 6.754583333333329, 50.374583333333334 ], [ 6.754583333333329, 50.37375 ], [ 6.755416666666662, 50.37375 ], [ 6.755416666666662, 50.372916666666669 ], [ 6.75625, 50.372916666666669 ], [ 6.75625, 50.372083333333336 ], [ 6.75708333333333, 50.372083333333336 ], [ 6.75708333333333, 50.37125 ], [ 6.757916666666663, 50.37125 ], [ 6.757916666666663, 50.370416666666671 ], [ 6.76125, 50.370416666666671 ], [ 6.76125, 50.37125 ], [ 6.762916666666662, 50.37125 ], [ 6.76375, 50.37125 ], [ 6.76375, 50.372083333333336 ], [ 6.76958333333333, 50.372083333333336 ], [ 6.76958333333333, 50.37125 ], [ 6.770416666666662, 50.37125 ], [ 6.770416666666662, 50.370416666666671 ], [ 6.77625, 50.370416666666671 ], [ 6.77625, 50.369583333333338 ], [ 6.785416666666663, 50.369583333333338 ], [ 6.785416666666663, 50.370416666666671 ], [ 6.78625, 50.370416666666671 ], [ 6.78625, 50.369583333333338 ], [ 6.787083333333328, 50.369583333333338 ], [ 6.787083333333328, 50.370416666666671 ], [ 6.787916666666664, 50.370416666666671 ], [ 6.787916666666664, 50.369583333333338 ], [ 6.78875, 50.369583333333338 ], [ 6.78875, 50.36875 ], [ 6.789583333333329, 50.36875 ], [ 6.789583333333329, 50.367916666666673 ], [ 6.790416666666662, 50.367916666666673 ], [ 6.790416666666662, 50.367083333333341 ], [ 6.789583333333329, 50.367083333333341 ], [ 6.789583333333329, 50.364583333333336 ], [ 6.790416666666662, 50.364583333333336 ], [ 6.790416666666662, 50.36375 ], [ 6.79125, 50.36375 ], [ 6.79125, 50.362916666666671 ], [ 6.792083333333331, 50.362916666666671 ], [ 6.792083333333331, 50.362083333333338 ], [ 6.792916666666663, 50.362083333333338 ], [ 6.792916666666663, 50.36125 ], [ 6.79375, 50.36125 ], [ 6.79375, 50.360416666666666 ], [ 6.792916666666663, 50.360416666666666 ], [ 6.792916666666663, 50.357916666666668 ], [ 6.79375, 50.357916666666668 ], [ 6.79375, 50.35625 ], [ 6.792916666666663, 50.35625 ], [ 6.792916666666663, 50.35375 ], [ 6.79375, 50.35375 ], [ 6.79375, 50.35125 ], [ 6.792916666666663, 50.35125 ], [ 6.792916666666663, 50.350416666666668 ], [ 6.792083333333331, 50.350416666666668 ], [ 6.792083333333331, 50.349583333333335 ], [ 6.79125, 50.349583333333335 ], [ 6.790416666666662, 50.349583333333335 ], [ 6.790416666666662, 50.34875 ], [ 6.789583333333329, 50.34875 ], [ 6.787916666666664, 50.34875 ], [ 6.787916666666664, 50.34791666666667 ], [ 6.787083333333328, 50.34791666666667 ], [ 6.787083333333328, 50.347083333333337 ], [ 6.78625, 50.347083333333337 ], [ 6.78625, 50.344583333333333 ], [ 6.785416666666663, 50.344583333333333 ], [ 6.785416666666663, 50.34375 ], [ 6.78458333333333, 50.34375 ], [ 6.78458333333333, 50.342083333333335 ], [ 6.785416666666663, 50.342083333333335 ], [ 6.785416666666663, 50.34125 ], [ 6.78625, 50.34125 ], [ 6.78625, 50.33875 ], [ 6.785416666666663, 50.33875 ], [ 6.785416666666663, 50.337916666666672 ], [ 6.78625, 50.337916666666672 ], [ 6.78625, 50.337083333333339 ], [ 6.785416666666663, 50.337083333333339 ], [ 6.78458333333333, 50.337083333333339 ], [ 6.78458333333333, 50.335416666666674 ], [ 6.78375, 50.335416666666674 ], [ 6.782916666666662, 50.335416666666674 ], [ 6.782916666666662, 50.334583333333335 ], [ 6.78375, 50.334583333333335 ], [ 6.78375, 50.332083333333337 ], [ 6.782916666666662, 50.332083333333337 ], [ 6.782916666666662, 50.33125 ], [ 6.78375, 50.33125 ], [ 6.78375, 50.330416666666672 ], [ 6.78458333333333, 50.330416666666672 ], [ 6.78458333333333, 50.329583333333339 ], [ 6.78625, 50.329583333333339 ], [ 6.78625, 50.325416666666669 ], [ 6.787083333333328, 50.325416666666669 ], [ 6.787083333333328, 50.32375 ], [ 6.78625, 50.32375 ], [ 6.78625, 50.322916666666671 ], [ 6.787916666666664, 50.322916666666671 ], [ 6.787916666666664, 50.32125 ], [ 6.78875, 50.32125 ], [ 6.78875, 50.31875 ], [ 6.789583333333329, 50.31875 ], [ 6.789583333333329, 50.317083333333336 ], [ 6.78875, 50.317083333333336 ], [ 6.78875, 50.31625 ], [ 6.789583333333329, 50.31625 ], [ 6.789583333333329, 50.314583333333339 ], [ 6.790416666666662, 50.314583333333339 ], [ 6.790416666666662, 50.31375 ], [ 6.79125, 50.31375 ], [ 6.79125, 50.312916666666666 ], [ 6.792083333333331, 50.312916666666666 ], [ 6.792083333333331, 50.312083333333334 ], [ 6.79125, 50.312083333333334 ], [ 6.790416666666662, 50.312083333333334 ], [ 6.790416666666662, 50.312916666666666 ], [ 6.789583333333329, 50.312916666666666 ], [ 6.789583333333329, 50.31375 ], [ 6.78875, 50.31375 ], [ 6.78875, 50.314583333333339 ], [ 6.78458333333333, 50.314583333333339 ], [ 6.78458333333333, 50.31375 ], [ 6.782083333333329, 50.31375 ], [ 6.782083333333329, 50.314583333333339 ], [ 6.78125, 50.314583333333339 ], [ 6.78125, 50.315416666666671 ], [ 6.780416666666664, 50.315416666666671 ], [ 6.780416666666664, 50.31625 ], [ 6.779583333333328, 50.31625 ], [ 6.779583333333328, 50.317083333333336 ], [ 6.77875, 50.317083333333336 ], [ 6.77875, 50.317916666666669 ], [ 6.777916666666663, 50.317916666666669 ], [ 6.777916666666663, 50.31875 ], [ 6.77625, 50.31875 ], [ 6.77625, 50.317916666666669 ], [ 6.774583333333329, 50.317916666666669 ], [ 6.774583333333329, 50.31875 ], [ 6.77375, 50.31875 ], [ 6.77375, 50.319583333333334 ], [ 6.772916666666664, 50.319583333333334 ], [ 6.772916666666664, 50.320416666666674 ], [ 6.770416666666662, 50.320416666666674 ], [ 6.770416666666662, 50.32125 ], [ 6.76875, 50.32125 ], [ 6.76875, 50.320416666666674 ], [ 6.764583333333331, 50.320416666666674 ], [ 6.764583333333331, 50.32125 ], [ 6.76125, 50.32125 ], [ 6.76125, 50.320416666666674 ], [ 6.760416666666664, 50.320416666666674 ], [ 6.75875, 50.320416666666674 ], [ 6.75875, 50.319583333333334 ], [ 6.757916666666663, 50.319583333333334 ], [ 6.757916666666663, 50.31875 ], [ 6.75708333333333, 50.31875 ], [ 6.75625, 50.31875 ], [ 6.75625, 50.317916666666669 ], [ 6.755416666666662, 50.317916666666669 ], [ 6.755416666666662, 50.31875 ], [ 6.75375, 50.31875 ], [ 6.75375, 50.317916666666669 ], [ 6.752916666666664, 50.317916666666669 ], [ 6.750416666666663, 50.317916666666669 ], [ 6.750416666666663, 50.317083333333336 ], [ 6.74958333333333, 50.317083333333336 ], [ 6.74958333333333, 50.317916666666669 ], [ 6.74875, 50.317916666666669 ], [ 6.74875, 50.31875 ], [ 6.747083333333329, 50.31875 ], [ 6.747083333333329, 50.319583333333334 ], [ 6.745416666666664, 50.319583333333334 ], [ 6.745416666666664, 50.320416666666674 ], [ 6.744583333333331, 50.320416666666674 ], [ 6.744583333333331, 50.32125 ], [ 6.74375, 50.32125 ], [ 6.74375, 50.322083333333339 ], [ 6.742916666666662, 50.322083333333339 ], [ 6.742916666666662, 50.324583333333337 ], [ 6.74208333333333, 50.324583333333337 ], [ 6.74208333333333, 50.325416666666669 ], [ 6.74125, 50.325416666666669 ], [ 6.74125, 50.32625 ], [ 6.740416666666661, 50.32625 ], [ 6.740416666666661, 50.327083333333334 ], [ 6.73875, 50.327083333333334 ], [ 6.73875, 50.327916666666667 ], [ 6.737083333333331, 50.327916666666667 ], [ 6.737083333333331, 50.32875 ], [ 6.73625, 50.32875 ], [ 6.73625, 50.329583333333339 ], [ 6.735416666666662, 50.329583333333339 ], [ 6.735416666666662, 50.330416666666672 ], [ 6.73375, 50.330416666666672 ], [ 6.73375, 50.33125 ], [ 6.73125, 50.33125 ], [ 6.73125, 50.332083333333337 ], [ 6.730416666666663, 50.332083333333337 ], [ 6.730416666666663, 50.332916666666669 ], [ 6.729583333333331, 50.332916666666669 ], [ 6.729583333333331, 50.33375 ], [ 6.72875, 50.33375 ], [ 6.72875, 50.334583333333335 ], [ 6.727916666666662, 50.334583333333335 ], [ 6.727916666666662, 50.335416666666674 ], [ 6.725416666666664, 50.335416666666674 ], [ 6.725416666666664, 50.334583333333335 ], [ 6.724583333333328, 50.334583333333335 ], [ 6.72375, 50.334583333333335 ], [ 6.72375, 50.33375 ], [ 6.722916666666663, 50.33375 ], [ 6.71875, 50.33375 ], [ 6.71875, 50.332083333333337 ], [ 6.717083333333328, 50.332083333333337 ], [ 6.717083333333328, 50.33375 ], [ 6.717916666666664, 50.33375 ], [ 6.717916666666664, 50.335416666666674 ], [ 6.71875, 50.335416666666674 ], [ 6.71875, 50.33625 ], [ 6.719583333333329, 50.33625 ], [ 6.719583333333329, 50.337083333333339 ], [ 6.720416666666662, 50.337083333333339 ], [ 6.720416666666662, 50.337916666666672 ], [ 6.72125, 50.337916666666672 ], [ 6.72125, 50.33875 ], [ 6.72208333333333, 50.33875 ], [ 6.72208333333333, 50.34125 ], [ 6.722916666666663, 50.34125 ], [ 6.722916666666663, 50.342083333333335 ], [ 6.72375, 50.342083333333335 ], [ 6.72375, 50.342916666666667 ], [ 6.724583333333328, 50.342916666666667 ], [ 6.724583333333328, 50.342083333333335 ], [ 6.725416666666664, 50.342083333333335 ], [ 6.725416666666664, 50.342916666666667 ], [ 6.72625, 50.342916666666667 ], [ 6.727083333333329, 50.342916666666667 ], [ 6.727083333333329, 50.344583333333333 ], [ 6.727916666666662, 50.344583333333333 ], [ 6.727916666666662, 50.345416666666672 ], [ 6.72875, 50.345416666666672 ], [ 6.72875, 50.34625 ], [ 6.729583333333331, 50.34625 ], [ 6.729583333333331, 50.347083333333337 ], [ 6.730416666666663, 50.347083333333337 ], [ 6.73125, 50.347083333333337 ], [ 6.73125, 50.34791666666667 ], [ 6.732083333333328, 50.34791666666667 ], [ 6.732083333333328, 50.34875 ], [ 6.732916666666664, 50.34875 ], [ 6.732916666666664, 50.350416666666668 ], [ 6.73375, 50.350416666666668 ], [ 6.73375, 50.35125 ], [ 6.73458333333333, 50.35125 ], [ 6.73458333333333, 50.35208333333334 ], [ 6.735416666666662, 50.35208333333334 ], [ 6.735416666666662, 50.35375 ], [ 6.73625, 50.35375 ], [ 6.73625, 50.35541666666667 ], [ 6.737083333333331, 50.35541666666667 ], [ 6.737083333333331, 50.357083333333335 ], [ 6.737916666666663, 50.357083333333335 ], [ 6.737916666666663, 50.359583333333333 ], [ 6.73875, 50.359583333333333 ], [ 6.739583333333329, 50.359583333333333 ], [ 6.739583333333329, 50.360416666666666 ], [ 6.73875, 50.360416666666666 ], [ 6.73875, 50.36125 ], [ 6.737916666666663, 50.36125 ], [ 6.737916666666663, 50.362916666666671 ], [ 6.73875, 50.362916666666671 ], [ 6.73875, 50.364583333333336 ], [ 6.739583333333329, 50.364583333333336 ], [ 6.739583333333329, 50.365416666666668 ], [ 6.740416666666661, 50.365416666666668 ], [ 6.74125, 50.365416666666668 ], [ 6.74125, 50.36625 ], [ 6.74208333333333, 50.36625 ], [ 6.74208333333333, 50.367083333333341 ], [ 6.742916666666662, 50.367083333333341 ], [ 6.742916666666662, 50.370416666666671 ], [ 6.74375, 50.370416666666671 ], [ 6.74375, 50.37125 ], [ 6.742916666666662, 50.37125 ], [ 6.742916666666662, 50.372083333333336 ], [ 6.74375, 50.372083333333336 ], [ 6.74375, 50.374583333333334 ], [ 6.744583333333331, 50.374583333333334 ], [ 6.744583333333331, 50.375416666666666 ], [ 6.74625, 50.375416666666666 ], [ 6.747083333333329, 50.375416666666666 ], [ 6.747083333333329, 50.37625 ], [ 6.747916666666661, 50.37625 ], [ 6.74875, 50.37625 ], [ 6.74875, 50.377083333333339 ] ] ] } },
{ "type": "Feature", "properties": { "COMID": 23013255, "unitarea": 33.23715325822559 }, "geometry": { "type": "Polygon", "coordinates": [ [ [ 6.82625, 50.369583333333338 ], [ 6.827083333333331, 50.369583333333338 ], [ 6.827083333333331, 50.36875 ], [ 6.827916666666663, 50.36875 ], [ 6.827916666666663, 50.367916666666673 ], [ 6.82875, 50.367916666666673 ], [ 6.82875, 50.367083333333341 ], [ 6.829583333333328, 50.367083333333341 ], [ 6.829583333333328, 50.365416666666668 ], [ 6.82875, 50.365416666666668 ], [ 6.82875, 50.364583333333336 ], [ 6.829583333333328, 50.364583333333336 ], [ 6.829583333333328, 50.36375 ], [ 6.830416666666661, 50.36375 ], [ 6.830416666666661, 50.362916666666671 ], [ 6.829583333333328, 50.362916666666671 ], [ 6.829583333333328, 50.36125 ], [ 6.82875, 50.36125 ], [ 6.82875, 50.359583333333333 ], [ 6.827916666666663, 50.359583333333333 ], [ 6.82625, 50.359583333333333 ], [ 6.82625, 50.35875 ], [ 6.825416666666662, 50.35875 ], [ 6.824583333333329, 50.35875 ], [ 6.824583333333329, 50.357083333333335 ], [ 6.82375, 50.357083333333335 ], [ 6.82375, 50.35541666666667 ], [ 6.822916666666664, 50.35541666666667 ], [ 6.822916666666664, 50.354583333333338 ], [ 6.822083333333328, 50.354583333333338 ], [ 6.822083333333328, 50.352916666666673 ], [ 6.822916666666664, 50.352916666666673 ], [ 6.822916666666664, 50.35208333333334 ], [ 6.822083333333328, 50.35208333333334 ], [ 6.822083333333328, 50.35125 ], [ 6.82125, 50.35125 ], [ 6.82125, 50.34791666666667 ], [ 6.820416666666663, 50.34791666666667 ], [ 6.820416666666663, 50.347083333333337 ], [ 6.81958333333333, 50.347083333333337 ], [ 6.81958333333333, 50.344583333333333 ], [ 6.81875, 50.344583333333333 ], [ 6.81875, 50.34375 ], [ 6.81958333333333, 50.34375 ], [ 6.81958333333333, 50.342916666666667 ], [ 6.81875, 50.342916666666667 ], [ 6.81875, 50.34125 ], [ 6.817916666666662, 50.34125 ], [ 6.817916666666662, 50.34041666666667 ], [ 6.81875, 50.34041666666667 ], [ 6.81875, 50.33875 ], [ 6.81958333333333, 50.33875 ], [ 6.81958333333333, 50.337083333333339 ], [ 6.820416666666663, 50.337083333333339 ], [ 6.820416666666663, 50.33375 ], [ 6.82125, 50.33375 ], [ 6.82125, 50.332916666666669 ], [ 6.822916666666664, 50.332916666666669 ], [ 6.822916666666664, 50.330416666666672 ], [ 6.822083333333328, 50.330416666666672 ], [ 6.822083333333328, 50.327916666666667 ], [ 6.82625, 50.327916666666667 ], [ 6.82625, 50.327083333333334 ], [ 6.827083333333331, 50.327083333333334 ], [ 6.827083333333331, 50.32625 ], [ 6.827916666666663, 50.32625 ], [ 6.827916666666663, 50.325416666666669 ], [ 6.82875, 50.325416666666669 ], [ 6.82875, 50.324583333333337 ], [ 6.83125, 50.324583333333337 ], [ 6.83125, 50.32375 ], [ 6.83208333333333, 50.32375 ], [ 6.83208333333333, 50.322916666666671 ], [ 6.832916666666662, 50.322916666666671 ], [ 6.832916666666662, 50.322083333333339 ], [ 6.83375, 50.322083333333339 ], [ 6.83375, 50.320416666666674 ], [ 6.835416666666664, 50.320416666666674 ], [ 6.835416666666664, 50.319583333333334 ], [ 6.83625, 50.319583333333334 ], [ 6.83625, 50.31875 ], [ 6.837083333333329, 50.31875 ], [ 6.837083333333329, 50.317916666666669 ], [ 6.837916666666661, 50.317916666666669 ], [ 6.837916666666661, 50.31625 ], [ 6.83958333333333, 50.31625 ], [ 6.83958333333333, 50.315416666666671 ], [ 6.840416666666663, 50.315416666666671 ], [ 6.840416666666663, 50.31625 ], [ 6.844583333333329, 50.31625 ], [ 6.844583333333329, 50.315416666666671 ], [ 6.84708333333333, 50.315416666666671 ], [ 6.84708333333333, 50.314583333333339 ], [ 6.850416666666664, 50.314583333333339 ], [ 6.850416666666664, 50.31375 ], [ 6.852083333333329, 50.31375 ], [ 6.852083333333329, 50.312916666666666 ], [ 6.852916666666662, 50.312916666666666 ], [ 6.852916666666662, 50.312083333333334 ], [ 6.854583333333331, 50.312083333333334 ], [ 6.854583333333331, 50.310416666666669 ], [ 6.857083333333328, 50.310416666666669 ], [ 6.857083333333328, 50.309583333333336 ], [ 6.86125, 50.309583333333336 ], [ 6.86125, 50.30875 ], [ 6.86375, 50.30875 ], [ 6.86375, 50.307916666666671 ], [ 6.864583333333329, 50.307916666666671 ], [ 6.864583333333329, 50.307083333333338 ], [ 6.865416666666661, 50.307083333333338 ], [ 6.865416666666661, 50.30625 ], [ 6.86625, 50.30625 ], [ 6.86625, 50.305416666666673 ], [ 6.867916666666662, 50.305416666666673 ], [ 6.867916666666662, 50.304583333333341 ], [ 6.87125, 50.304583333333341 ], [ 6.87125, 50.30375 ], [ 6.872083333333329, 50.30375 ], [ 6.872083333333329, 50.302916666666668 ], [ 6.87458333333333, 50.302916666666668 ], [ 6.87458333333333, 50.302083333333336 ], [ 6.87625, 50.302083333333336 ], [ 6.87625, 50.300416666666671 ], [ 6.877083333333328, 50.300416666666671 ], [ 6.877083333333328, 50.29875 ], [ 6.877916666666664, 50.29875 ], [ 6.877916666666664, 50.297916666666666 ], [ 6.88875, 50.297916666666666 ], [ 6.88875, 50.297083333333333 ], [ 6.889583333333331, 50.297083333333333 ], [ 6.889583333333331, 50.297916666666666 ], [ 6.890416666666663, 50.297916666666666 ], [ 6.890416666666663, 50.297083333333333 ], [ 6.89125, 50.297083333333333 ], [ 6.89125, 50.295416666666668 ], [ 6.892083333333328, 50.295416666666668 ], [ 6.892083333333328, 50.29375 ], [ 6.892916666666661, 50.29375 ], [ 6.892916666666661, 50.29125 ], [ 6.892083333333328, 50.29125 ], [ 6.892083333333328, 50.28875 ], [ 6.89125, 50.28875 ], [ 6.89125, 50.287916666666668 ], [ 6.890416666666663, 50.287916666666668 ], [ 6.890416666666663, 50.28625 ], [ 6.89125, 50.28625 ], [ 6.89125, 50.28541666666667 ], [ 6.892083333333328, 50.28541666666667 ], [ 6.892083333333328, 50.284583333333337 ], [ 6.892916666666661, 50.284583333333337 ], [ 6.892916666666661, 50.28375 ], [ 6.89375, 50.28375 ], [ 6.89375, 50.282083333333333 ], [ 6.895416666666662, 50.282083333333333 ], [ 6.895416666666662, 50.279583333333335 ], [ 6.89458333333333, 50.279583333333335 ], [ 6.89375, 50.279583333333335 ], [ 6.89375, 50.27875 ], [ 6.892916666666661, 50.27875 ], [ 6.892083333333328, 50.27875 ], [ 6.892083333333328, 50.27791666666667 ], [ 6.89125, 50.27791666666667 ], [ 6.884583333333328, 50.27791666666667 ], [ 6.884583333333328, 50.277083333333337 ], [ 6.88375, 50.277083333333337 ], [ 6.88208333333333, 50.277083333333337 ], [ 6.88208333333333, 50.27625 ], [ 6.88125, 50.27625 ], [ 6.880416666666662, 50.27625 ], [ 6.880416666666662, 50.275416666666672 ], [ 6.879583333333329, 50.275416666666672 ], [ 6.877916666666664, 50.275416666666672 ], [ 6.877916666666664, 50.274583333333339 ], [ 6.872083333333329, 50.274583333333339 ], [ 6.872083333333329, 50.275416666666672 ], [ 6.867916666666662, 50.275416666666672 ], [ 6.867916666666662, 50.27625 ], [ 6.865416666666661, 50.27625 ], [ 6.865416666666661, 50.277083333333337 ], [ 6.864583333333329, 50.277083333333337 ], [ 6.864583333333329, 50.27625 ], [ 6.86375, 50.27625 ], [ 6.862916666666663, 50.27625 ], [ 6.862916666666663, 50.275416666666672 ], [ 6.862083333333331, 50.275416666666672 ], [ 6.85875, 50.275416666666672 ], [ 6.85875, 50.274583333333339 ], [ 6.857916666666664, 50.274583333333339 ], [ 6.855416666666663, 50.274583333333339 ], [ 6.855416666666663, 50.27375 ], [ 6.854583333333331, 50.27375 ], [ 6.852916666666662, 50.27375 ], [ 6.852916666666662, 50.272916666666674 ], [ 6.85125, 50.272916666666674 ], [ 6.85125, 50.27375 ], [ 6.852083333333329, 50.27375 ], [ 6.852083333333329, 50.274583333333339 ], [ 6.85125, 50.274583333333339 ], [ 6.85125, 50.277083333333337 ], [ 6.849583333333328, 50.277083333333337 ], [ 6.849583333333328, 50.27791666666667 ], [ 6.844583333333329, 50.27791666666667 ], [ 6.844583333333329, 50.27875 ], [ 6.842916666666664, 50.27875 ], [ 6.842916666666664, 50.279583333333335 ], [ 6.842083333333328, 50.279583333333335 ], [ 6.842083333333328, 50.280416666666667 ], [ 6.84125, 50.280416666666667 ], [ 6.84125, 50.28125 ], [ 6.840416666666663, 50.28125 ], [ 6.840416666666663, 50.282083333333333 ], [ 6.83958333333333, 50.282083333333333 ], [ 6.83958333333333, 50.282916666666672 ], [ 6.83875, 50.282916666666672 ], [ 6.83875, 50.28375 ], [ 6.837916666666661, 50.28375 ], [ 6.837916666666661, 50.284583333333337 ], [ 6.837083333333329, 50.284583333333337 ], [ 6.837083333333329, 50.28541666666667 ], [ 6.83625, 50.28541666666667 ], [ 6.83625, 50.28625 ], [ 6.835416666666664, 50.28625 ], [ 6.835416666666664, 50.287083333333335 ], [ 6.834583333333331, 50.287083333333335 ], [ 6.834583333333331, 50.287916666666668 ], [ 6.83375, 50.287916666666668 ], [ 6.83375, 50.28875 ], [ 6.83125, 50.28875 ], [ 6.83125, 50.28958333333334 ], [ 6.827916666666663, 50.28958333333334 ], [ 6.827916666666663, 50.292083333333338 ], [ 6.827083333333331, 50.292083333333338 ], [ 6.827083333333331, 50.29375 ], [ 6.825416666666662, 50.29375 ], [ 6.825416666666662, 50.294583333333335 ], [ 6.824583333333329, 50.294583333333335 ], [ 6.824583333333329, 50.295416666666668 ], [ 6.82375, 50.295416666666668 ], [ 6.82375, 50.29625 ], [ 6.822916666666664, 50.29625 ], [ 6.822916666666664, 50.295416666666668 ], [ 6.822083333333328, 50.295416666666668 ], [ 6.822083333333328, 50.29625 ], [ 6.81875, 50.29625 ], [ 6.81875, 50.29875 ], [ 6.817916666666662, 50.29875 ], [ 6.817916666666662, 50.30125 ], [ 6.81875, 50.30125 ], [ 6.81875, 50.302083333333336 ], [ 6.817916666666662, 50.302083333333336 ], [ 6.817916666666662, 50.30375 ], [ 6.81625, 50.30375 ], [ 6.81625, 50.304583333333341 ], [ 6.814583333333328, 50.304583333333341 ], [ 6.814583333333328, 50.30375 ], [ 6.81375, 50.30375 ], [ 6.81375, 50.302916666666668 ], [ 6.81125, 50.302916666666668 ], [ 6.81125, 50.30375 ], [ 6.810416666666661, 50.30375 ], [ 6.810416666666661, 50.304583333333341 ], [ 6.809583333333329, 50.304583333333341 ], [ 6.809583333333329, 50.305416666666673 ], [ 6.80875, 50.305416666666673 ], [ 6.80875, 50.30625 ], [ 6.807916666666664, 50.30625 ], [ 6.807916666666664, 50.307083333333338 ], [ 6.80625, 50.307083333333338 ], [ 6.80625, 50.307916666666671 ], [ 6.80125, 50.307916666666671 ], [ 6.80125, 50.30875 ], [ 6.79875, 50.30875 ], [ 6.79875, 50.309583333333336 ], [ 6.79708333333333, 50.309583333333336 ], [ 6.79708333333333, 50.310416666666669 ], [ 6.79625, 50.310416666666669 ], [ 6.79625, 50.312083333333334 ], [ 6.794583333333328, 50.312083333333334 ], [ 6.794583333333328, 50.312916666666666 ], [ 6.79125, 50.312916666666666 ], [ 6.79125, 50.31375 ], [ 6.790416666666662, 50.31375 ], [ 6.790416666666662, 50.314583333333339 ], [ 6.789583333333329, 50.314583333333339 ], [ 6.789583333333329, 50.31625 ], [ 6.78875, 50.31625 ], [ 6.78875, 50.317083333333336 ], [ 6.789583333333329, 50.317083333333336 ], [ 6.789583333333329, 50.31875 ], [ 6.78875, 50.31875 ], [ 6.78875, 50.32125 ], [ 6.787916666666664, 50.32125 ], [ 6.787916666666664, 50.322916666666671 ], [ 6.78625, 50.322916666666671 ], [ 6.78625, 50.32375 ], [ 6.787083333333328, 50.32375 ], [ 6.787083333333328, 50.325416666666669 ], [ 6.78625, 50.325416666666669 ], [ 6.78625, 50.329583333333339 ], [ 6.78458333333333, 50.329583333333339 ], [ 6.78458333333333, 50.330416666666672 ], [ 6.78375, 50.330416666666672 ], [ 6.78375, 50.33125 ], [ 6.782916666666662, 50.33125 ], [ 6.782916666666662, 50.332083333333337 ], [ 6.78375, 50.332083333333337 ], [ 6.78375, 50.334583333333335 ], [ 6.782916666666662, 50.334583333333335 ], [ 6.782916666666662, 50.335416666666674 ], [ 6.78375, 50.335416666666674 ], [ 6.78458333333333, 50.335416666666674 ], [ 6.78458333333333, 50.337083333333339 ], [ 6.785416666666663, 50.337083333333339 ], [ 6.78625, 50.337083333333339 ], [ 6.78625, 50.337916666666672 ], [ 6.785416666666663, 50.337916666666672 ], [ 6.785416666666663, 50.33875 ], [ 6.78625, 50.33875 ], [ 6.78625, 50.34125 ], [ 6.785416666666663, 50.34125 ], [ 6.785416666666663, 50.342083333333335 ], [ 6.78458333333333, 50.342083333333335 ], [ 6.78458333333333, 50.34375 ], [ 6.785416666666663, 50.34375 ], [ 6.785416666666663, 50.344583333333333 ], [ 6.78625, 50.344583333333333 ], [ 6.78625, 50.347083333333337 ], [ 6.787083333333328, 50.347083333333337 ], [ 6.787083333333328, 50.34791666666667 ], [ 6.787916666666664, 50.34791666666667 ], [ 6.787916666666664, 50.34875 ], [ 6.789583333333329, 50.34875 ], [ 6.790416666666662, 50.34875 ], [ 6.790416666666662, 50.349583333333335 ], [ 6.79125, 50.349583333333335 ], [ 6.792083333333331, 50.349583333333335 ], [ 6.792083333333331, 50.350416666666668 ], [ 6.792916666666663, 50.350416666666668 ], [ 6.792916666666663, 50.35125 ], [ 6.79375, 50.35125 ], [ 6.79375, 50.35375 ], [ 6.792916666666663, 50.35375 ], [ 6.792916666666663, 50.35625 ], [ 6.79375, 50.35625 ], [ 6.79375, 50.357916666666668 ], [ 6.792916666666663, 50.357916666666668 ], [ 6.792916666666663, 50.360416666666666 ], [ 6.79375, 50.360416666666666 ], [ 6.79375, 50.36125 ], [ 6.795416666666664, 50.36125 ], [ 6.79625, 50.36125 ], [ 6.79625, 50.362083333333338 ], [ 6.797916666666662, 50.362083333333338 ], [ 6.79875, 50.362083333333338 ], [ 6.79875, 50.362916666666671 ], [ 6.80125, 50.362916666666671 ], [ 6.802083333333329, 50.362916666666671 ], [ 6.802083333333329, 50.364583333333336 ], [ 6.802916666666661, 50.364583333333336 ], [ 6.802916666666661, 50.367083333333341 ], [ 6.805416666666662, 50.367083333333341 ], [ 6.80625, 50.367083333333341 ], [ 6.80625, 50.367916666666673 ], [ 6.807083333333331, 50.367916666666673 ], [ 6.807083333333331, 50.36875 ], [ 6.81125, 50.36875 ], [ 6.81125, 50.367083333333341 ], [ 6.814583333333328, 50.367083333333341 ], [ 6.814583333333328, 50.367916666666673 ], [ 6.815416666666664, 50.367916666666673 ], [ 6.815416666666664, 50.36875 ], [ 6.817083333333329, 50.36875 ], [ 6.817083333333329, 50.367916666666673 ], [ 6.817916666666662, 50.367916666666673 ], [ 6.817916666666662, 50.36875 ], [ 6.825416666666662, 50.36875 ], [ 6.82625, 50.36875 ], [ 6.82625, 50.369583333333338 ] ], [ [ 6.837916666666661, 50.28541666666667 ], [ 6.837916666666661, 50.284583333333337 ], [ 6.83875, 50.284583333333337 ], [ 6.83875, 50.28541666666667 ], [ 6.837916666666661, 50.28541666666667 ] ] ] } },
{ "type": "Feature", "properties": { "COMID": 23012682, "unitarea": 8.8894227730895334 }, "geometry": { "type": "Polygon", "coordinates": [ [ [ 6.77708333333333, 50.40291666666667 ], [ 6.777916666666663, 50.40291666666667 ], [ 6.777916666666663, 50.402083333333337 ], [ 6.785416666666663, 50.402083333333337 ], [ 6.785416666666663, 50.40125 ], [ 6.78625, 50.40125 ], [ 6.78625, 50.400416666666672 ], [ 6.787083333333328, 50.400416666666672 ], [ 6.787083333333328, 50.399583333333339 ], [ 6.787916666666664, 50.399583333333339 ], [ 6.787916666666664, 50.39875 ], [ 6.78875, 50.39875 ], [ 6.78875, 50.397916666666674 ], [ 6.790416666666662, 50.397916666666674 ], [ 6.790416666666662, 50.397083333333335 ], [ 6.792916666666663, 50.397083333333335 ], [ 6.792916666666663, 50.39625 ], [ 6.794583333333328, 50.39625 ], [ 6.794583333333328, 50.395416666666669 ], [ 6.795416666666664, 50.395416666666669 ], [ 6.795416666666664, 50.394583333333337 ], [ 6.79625, 50.394583333333337 ], [ 6.79625, 50.395416666666669 ], [ 6.80875, 50.395416666666669 ], [ 6.80875, 50.394583333333337 ], [ 6.809583333333329, 50.394583333333337 ], [ 6.809583333333329, 50.395416666666669 ], [ 6.81875, 50.395416666666669 ], [ 6.81875, 50.394583333333337 ], [ 6.81958333333333, 50.394583333333337 ], [ 6.81958333333333, 50.39375 ], [ 6.820416666666663, 50.39375 ], [ 6.820416666666663, 50.392916666666672 ], [ 6.82125, 50.392916666666672 ], [ 6.82125, 50.392083333333339 ], [ 6.822083333333328, 50.392083333333339 ], [ 6.822083333333328, 50.38875 ], [ 6.822916666666664, 50.38875 ], [ 6.822916666666664, 50.387916666666669 ], [ 6.82375, 50.387916666666669 ], [ 6.82375, 50.387083333333337 ], [ 6.824583333333329, 50.387083333333337 ], [ 6.824583333333329, 50.38625 ], [ 6.82625, 50.38625 ], [ 6.82625, 50.385416666666671 ], [ 6.827083333333331, 50.385416666666671 ], [ 6.827083333333331, 50.384583333333339 ], [ 6.827916666666663, 50.384583333333339 ], [ 6.827916666666663, 50.382083333333334 ], [ 6.827083333333331, 50.382083333333334 ], [ 6.825416666666662, 50.382083333333334 ], [ 6.825416666666662, 50.38125 ], [ 6.824583333333329, 50.38125 ], [ 6.822916666666664, 50.38125 ], [ 6.822916666666664, 50.380416666666669 ], [ 6.822083333333328, 50.380416666666669 ], [ 6.820416666666663, 50.380416666666669 ], [ 6.820416666666663, 50.379583333333336 ], [ 6.81958333333333, 50.379583333333336 ], [ 6.81958333333333, 50.37875 ], [ 6.81875, 50.37875 ], [ 6.815416666666664, 50.37875 ], [ 6.815416666666664, 50.377916666666671 ], [ 6.814583333333328, 50.377916666666671 ], [ 6.81375, 50.377916666666671 ], [ 6.81375, 50.377083333333339 ], [ 6.812916666666663, 50.377083333333339 ], [ 6.81208333333333, 50.377083333333339 ], [ 6.81208333333333, 50.37625 ], [ 6.81125, 50.37625 ], [ 6.81125, 50.375416666666666 ], [ 6.810416666666661, 50.375416666666666 ], [ 6.810416666666661, 50.374583333333334 ], [ 6.809583333333329, 50.374583333333334 ], [ 6.809583333333329, 50.372083333333336 ], [ 6.80875, 50.372083333333336 ], [ 6.80875, 50.37125 ], [ 6.807916666666664, 50.37125 ], [ 6.807916666666664, 50.370416666666671 ], [ 6.807083333333331, 50.370416666666671 ], [ 6.807083333333331, 50.369583333333338 ], [ 6.807916666666664, 50.369583333333338 ], [ 6.807916666666664, 50.36875 ], [ 6.807083333333331, 50.36875 ], [ 6.807083333333331, 50.367916666666673 ], [ 6.80625, 50.367916666666673 ], [ 6.80625, 50.367083333333341 ], [ 6.805416666666662, 50.367083333333341 ], [ 6.802916666666661, 50.367083333333341 ], [ 6.802916666666661, 50.364583333333336 ], [ 6.802083333333329, 50.364583333333336 ], [ 6.802083333333329, 50.362916666666671 ], [ 6.80125, 50.362916666666671 ], [ 6.79875, 50.362916666666671 ], [ 6.79875, 50.362083333333338 ], [ 6.797916666666662, 50.362083333333338 ], [ 6.79625, 50.362083333333338 ], [ 6.79625, 50.36125 ], [ 6.792916666666663, 50.36125 ], [ 6.792916666666663, 50.362083333333338 ], [ 6.792083333333331, 50.362083333333338 ], [ 6.792083333333331, 50.362916666666671 ], [ 6.79125, 50.362916666666671 ], [ 6.79125, 50.36375 ], [ 6.790416666666662, 50.36375 ], [ 6.790416666666662, 50.364583333333336 ], [ 6.789583333333329, 50.364583333333336 ], [ 6.789583333333329, 50.367083333333341 ], [ 6.790416666666662, 50.367083333333341 ], [ 6.790416666666662, 50.367916666666673 ], [ 6.789583333333329, 50.367916666666673 ], [ 6.789583333333329, 50.36875 ], [ 6.78875, 50.36875 ], [ 6.78875, 50.370416666666671 ], [ 6.787916666666664, 50.370416666666671 ], [ 6.787916666666664, 50.37125 ], [ 6.787083333333328, 50.37125 ], [ 6.787083333333328, 50.372083333333336 ], [ 6.787916666666664, 50.372083333333336 ], [ 6.787916666666664, 50.372916666666669 ], [ 6.78875, 50.372916666666669 ], [ 6.78875, 50.37375 ], [ 6.787916666666664, 50.37375 ], [ 6.787916666666664, 50.374583333333334 ], [ 6.787083333333328, 50.374583333333334 ], [ 6.787083333333328, 50.375416666666666 ], [ 6.78625, 50.375416666666666 ], [ 6.78625, 50.37625 ], [ 6.787083333333328, 50.37625 ], [ 6.787916666666664, 50.37625 ], [ 6.787916666666664, 50.377083333333339 ], [ 6.78875, 50.377083333333339 ], [ 6.78875, 50.379583333333336 ], [ 6.78625, 50.379583333333336 ], [ 6.78625, 50.380416666666669 ], [ 6.785416666666663, 50.380416666666669 ], [ 6.785416666666663, 50.382916666666674 ], [ 6.78458333333333, 50.382916666666674 ], [ 6.78458333333333, 50.38375 ], [ 6.78125, 50.38375 ], [ 6.78125, 50.387083333333337 ], [ 6.782083333333329, 50.387083333333337 ], [ 6.782083333333329, 50.387916666666669 ], [ 6.78125, 50.387916666666669 ], [ 6.78125, 50.38875 ], [ 6.779583333333328, 50.38875 ], [ 6.779583333333328, 50.390416666666667 ], [ 6.777916666666663, 50.390416666666667 ], [ 6.777916666666663, 50.39125 ], [ 6.77708333333333, 50.39125 ], [ 6.77708333333333, 50.392083333333339 ], [ 6.77625, 50.392083333333339 ], [ 6.77625, 50.392916666666672 ], [ 6.775416666666661, 50.392916666666672 ], [ 6.775416666666661, 50.39375 ], [ 6.774583333333329, 50.39375 ], [ 6.774583333333329, 50.394583333333337 ], [ 6.77375, 50.394583333333337 ], [ 6.77375, 50.39625 ], [ 6.772916666666664, 50.39625 ], [ 6.772916666666664, 50.397083333333335 ], [ 6.772083333333331, 50.397083333333335 ], [ 6.772083333333331, 50.397916666666674 ], [ 6.77125, 50.397916666666674 ], [ 6.77125, 50.39875 ], [ 6.772083333333331, 50.39875 ], [ 6.772083333333331, 50.399583333333339 ], [ 6.772916666666664, 50.399583333333339 ], [ 6.77375, 50.399583333333339 ], [ 6.77375, 50.40125 ], [ 6.774583333333329, 50.40125 ], [ 6.774583333333329, 50.402083333333337 ], [ 6.77625, 50.402083333333337 ], [ 6.77708333333333, 50.402083333333337 ], [ 6.77708333333333, 50.40291666666667 ] ] ] } },
{ "type": "Feature", "properties": { "COMID": 23012779, "unitarea": 44.897166099766999 }, "geometry": { "type": "Polygon", "coordinates": [ [ [ 6.705416666666661, 50.447916666666671 ], [ 6.709583333333331, 50.447916666666671 ], [ 6.709583333333331, 50.445416666666674 ], [ 6.71125, 50.445416666666674 ], [ 6.71125, 50.444583333333334 ], [ 6.712083333333329, 50.444583333333334 ], [ 6.712083333333329, 50.44375 ], [ 6.712916666666661, 50.44375 ], [ 6.712916666666661, 50.442916666666669 ], [ 6.71375, 50.442916666666669 ], [ 6.71375, 50.442083333333336 ], [ 6.71458333333333, 50.442083333333336 ], [ 6.71458333333333, 50.44125 ], [ 6.717916666666664, 50.44125 ], [ 6.717916666666664, 50.442083333333336 ], [ 6.72375, 50.442083333333336 ], [ 6.72375, 50.44125 ], [ 6.725416666666664, 50.44125 ], [ 6.725416666666664, 50.440416666666671 ], [ 6.72625, 50.440416666666671 ], [ 6.72625, 50.439583333333339 ], [ 6.727083333333329, 50.439583333333339 ], [ 6.727083333333329, 50.437083333333334 ], [ 6.727916666666662, 50.437083333333334 ], [ 6.727916666666662, 50.43625 ], [ 6.730416666666663, 50.43625 ], [ 6.730416666666663, 50.437083333333334 ], [ 6.73125, 50.437083333333334 ], [ 6.73125, 50.43625 ], [ 6.73458333333333, 50.43625 ], [ 6.73458333333333, 50.432916666666671 ], [ 6.73625, 50.432916666666671 ], [ 6.73625, 50.432083333333338 ], [ 6.737083333333331, 50.432083333333338 ], [ 6.737083333333331, 50.43125 ], [ 6.740416666666661, 50.43125 ], [ 6.740416666666661, 50.430416666666673 ], [ 6.74125, 50.430416666666673 ], [ 6.74125, 50.429583333333341 ], [ 6.74208333333333, 50.429583333333341 ], [ 6.74208333333333, 50.42875 ], [ 6.744583333333331, 50.42875 ], [ 6.744583333333331, 50.429583333333341 ], [ 6.745416666666664, 50.429583333333341 ], [ 6.745416666666664, 50.42875 ], [ 6.74625, 50.42875 ], [ 6.74625, 50.427916666666668 ], [ 6.74875, 50.427916666666668 ], [ 6.74875, 50.427083333333336 ], [ 6.74958333333333, 50.427083333333336 ], [ 6.74958333333333, 50.42625 ], [ 6.750416666666663, 50.42625 ], [ 6.750416666666663, 50.425416666666671 ], [ 6.75125, 50.425416666666671 ], [ 6.75125, 50.424583333333338 ], [ 6.752083333333328, 50.424583333333338 ], [ 6.752083333333328, 50.42375 ], [ 6.752916666666664, 50.42375 ], [ 6.752916666666664, 50.422916666666666 ], [ 6.754583333333329, 50.422916666666666 ], [ 6.754583333333329, 50.42375 ], [ 6.759583333333328, 50.42375 ], [ 6.759583333333328, 50.422916666666666 ], [ 6.760416666666664, 50.422916666666666 ], [ 6.760416666666664, 50.42125 ], [ 6.76125, 50.42125 ], [ 6.76125, 50.420416666666668 ], [ 6.762083333333329, 50.420416666666668 ], [ 6.762083333333329, 50.419583333333335 ], [ 6.762916666666662, 50.419583333333335 ], [ 6.762916666666662, 50.41875 ], [ 6.76375, 50.41875 ], [ 6.76375, 50.41791666666667 ], [ 6.765416666666663, 50.41791666666667 ], [ 6.765416666666663, 50.41875 ], [ 6.76625, 50.41875 ], [ 6.76625, 50.41791666666667 ], [ 6.76958333333333, 50.41791666666667 ], [ 6.770416666666662, 50.41791666666667 ], [ 6.770416666666662, 50.419583333333335 ], [ 6.77125, 50.419583333333335 ], [ 6.77125, 50.420416666666668 ], [ 6.77708333333333, 50.420416666666668 ], [ 6.77708333333333, 50.419583333333335 ], [ 6.779583333333328, 50.419583333333335 ], [ 6.779583333333328, 50.41791666666667 ], [ 6.78125, 50.41791666666667 ], [ 6.78125, 50.417083333333338 ], [ 6.782916666666662, 50.417083333333338 ], [ 6.782916666666662, 50.41625 ], [ 6.78375, 50.41625 ], [ 6.78375, 50.41458333333334 ], [ 6.78458333333333, 50.41458333333334 ], [ 6.78458333333333, 50.412916666666668 ], [ 6.78375, 50.412916666666668 ], [ 6.782083333333329, 50.412916666666668 ], [ 6.782083333333329, 50.412083333333335 ], [ 6.78125, 50.412083333333335 ], [ 6.78125, 50.41125 ], [ 6.780416666666664, 50.41125 ], [ 6.780416666666664, 50.41041666666667 ], [ 6.779583333333328, 50.41041666666667 ], [ 6.779583333333328, 50.409583333333337 ], [ 6.77875, 50.409583333333337 ], [ 6.77875, 50.407083333333333 ], [ 6.779583333333328, 50.407083333333333 ], [ 6.779583333333328, 50.40291666666667 ], [ 6.77875, 50.40291666666667 ], [ 6.77708333333333, 50.40291666666667 ], [ 6.77708333333333, 50.402083333333337 ], [ 6.77625, 50.402083333333337 ], [ 6.774583333333329, 50.402083333333337 ], [ 6.774583333333329, 50.40125 ], [ 6.77375, 50.40125 ], [ 6.77375, 50.399583333333339 ], [ 6.772916666666664, 50.399583333333339 ], [ 6.772083333333331, 50.399583333333339 ], [ 6.772083333333331, 50.39875 ], [ 6.77125, 50.39875 ], [ 6.77125, 50.397916666666674 ], [ 6.772083333333331, 50.397916666666674 ], [ 6.772083333333331, 50.397083333333335 ], [ 6.772916666666664, 50.397083333333335 ], [ 6.772916666666664, 50.39625 ], [ 6.77375, 50.39625 ], [ 6.77375, 50.394583333333337 ], [ 6.774583333333329, 50.394583333333337 ], [ 6.774583333333329, 50.39375 ], [ 6.775416666666661, 50.39375 ], [ 6.775416666666661, 50.392916666666672 ], [ 6.77625, 50.392916666666672 ], [ 6.77625, 50.392083333333339 ], [ 6.77708333333333, 50.392083333333339 ], [ 6.77708333333333, 50.39125 ], [ 6.777916666666663, 50.39125 ], [ 6.777916666666663, 50.390416666666667 ], [ 6.779583333333328, 50.390416666666667 ], [ 6.779583333333328, 50.38875 ], [ 6.78125, 50.38875 ], [ 6.78125, 50.387916666666669 ], [ 6.782083333333329, 50.387916666666669 ], [ 6.782083333333329, 50.387083333333337 ], [ 6.78125, 50.387083333333337 ], [ 6.78125, 50.38375 ], [ 6.78458333333333, 50.38375 ], [ 6.78458333333333, 50.382916666666674 ], [ 6.785416666666663, 50.382916666666674 ], [ 6.785416666666663, 50.380416666666669 ], [ 6.78625, 50.380416666666669 ], [ 6.78625, 50.379583333333336 ], [ 6.78875, 50.379583333333336 ], [ 6.78875, 50.377083333333339 ], [ 6.787916666666664, 50.377083333333339 ], [ 6.787916666666664, 50.37625 ], [ 6.787083333333328, 50.37625 ], [ 6.78625, 50.37625 ], [ 6.78625, 50.375416666666666 ], [ 6.787083333333328, 50.375416666666666 ], [ 6.787083333333328, 50.374583333333334 ], [ 6.787916666666664, 50.374583333333334 ], [ 6.787916666666664, 50.37375 ], [ 6.78875, 50.37375 ], [ 6.78875, 50.372916666666669 ], [ 6.787916666666664, 50.372916666666669 ], [ 6.787916666666664, 50.372083333333336 ], [ 6.787083333333328, 50.372083333333336 ], [ 6.787083333333328, 50.37125 ], [ 6.787916666666664, 50.37125 ], [ 6.787916666666664, 50.370416666666671 ], [ 6.787083333333328, 50.370416666666671 ], [ 6.787083333333328, 50.369583333333338 ], [ 6.78625, 50.369583333333338 ], [ 6.78625, 50.370416666666671 ], [ 6.785416666666663, 50.370416666666671 ], [ 6.785416666666663, 50.369583333333338 ], [ 6.77625, 50.369583333333338 ], [ 6.77625, 50.370416666666671 ], [ 6.770416666666662, 50.370416666666671 ], [ 6.770416666666662, 50.37125 ], [ 6.76958333333333, 50.37125 ], [ 6.76958333333333, 50.372083333333336 ], [ 6.76375, 50.372083333333336 ], [ 6.76375, 50.37125 ], [ 6.762916666666662, 50.37125 ], [ 6.76125, 50.37125 ], [ 6.76125, 50.370416666666671 ], [ 6.757916666666663, 50.370416666666671 ], [ 6.757916666666663, 50.37125 ], [ 6.75708333333333, 50.37125 ], [ 6.75708333333333, 50.372083333333336 ], [ 6.75625, 50.372083333333336 ], [ 6.75625, 50.372916666666669 ], [ 6.755416666666662, 50.372916666666669 ], [ 6.755416666666662, 50.37375 ], [ 6.754583333333329, 50.37375 ], [ 6.754583333333329, 50.374583333333334 ], [ 6.75375, 50.374583333333334 ], [ 6.75375, 50.375416666666666 ], [ 6.752916666666664, 50.375416666666666 ], [ 6.752916666666664, 50.37625 ], [ 6.75125, 50.37625 ], [ 6.75125, 50.377083333333339 ], [ 6.74875, 50.377083333333339 ], [ 6.74875, 50.37625 ], [ 6.747916666666661, 50.37625 ], [ 6.747083333333329, 50.37625 ], [ 6.747083333333329, 50.375416666666666 ], [ 6.74625, 50.375416666666666 ], [ 6.744583333333331, 50.375416666666666 ], [ 6.744583333333331, 50.374583333333334 ], [ 6.74375, 50.374583333333334 ], [ 6.74375, 50.372083333333336 ], [ 6.742916666666662, 50.372083333333336 ], [ 6.742916666666662, 50.37125 ], [ 6.74375, 50.37125 ], [ 6.74375, 50.370416666666671 ], [ 6.742916666666662, 50.370416666666671 ], [ 6.742916666666662, 50.367083333333341 ], [ 6.74208333333333, 50.367083333333341 ], [ 6.74208333333333, 50.36625 ], [ 6.74125, 50.36625 ], [ 6.74125, 50.365416666666668 ], [ 6.740416666666661, 50.365416666666668 ], [ 6.739583333333329, 50.365416666666668 ], [ 6.739583333333329, 50.364583333333336 ], [ 6.73875, 50.364583333333336 ], [ 6.73875, 50.362916666666671 ], [ 6.737916666666663, 50.362916666666671 ], [ 6.737916666666663, 50.36125 ], [ 6.73875, 50.36125 ], [ 6.73875, 50.360416666666666 ], [ 6.739583333333329, 50.360416666666666 ], [ 6.739583333333329, 50.359583333333333 ], [ 6.73875, 50.359583333333333 ], [ 6.737916666666663, 50.359583333333333 ], [ 6.737916666666663, 50.357083333333335 ], [ 6.737083333333331, 50.357083333333335 ], [ 6.737083333333331, 50.35541666666667 ], [ 6.73625, 50.35541666666667 ], [ 6.73625, 50.35375 ], [ 6.735416666666662, 50.35375 ], [ 6.735416666666662, 50.35208333333334 ], [ 6.73458333333333, 50.35208333333334 ], [ 6.73458333333333, 50.35125 ], [ 6.73375, 50.35125 ], [ 6.73375, 50.350416666666668 ], [ 6.732916666666664, 50.350416666666668 ], [ 6.732916666666664, 50.34875 ], [ 6.732083333333328, 50.34875 ], [ 6.732083333333328, 50.34791666666667 ], [ 6.73125, 50.34791666666667 ], [ 6.73125, 50.347083333333337 ], [ 6.730416666666663, 50.347083333333337 ], [ 6.729583333333331, 50.347083333333337 ], [ 6.729583333333331, 50.34625 ], [ 6.72875, 50.34625 ], [ 6.72875, 50.345416666666672 ], [ 6.727916666666662, 50.345416666666672 ], [ 6.727916666666662, 50.344583333333333 ], [ 6.727083333333329, 50.344583333333333 ], [ 6.727083333333329, 50.342916666666667 ], [ 6.72625, 50.342916666666667 ], [ 6.725416666666664, 50.342916666666667 ], [ 6.725416666666664, 50.342083333333335 ], [ 6.724583333333328, 50.342083333333335 ], [ 6.724583333333328, 50.342916666666667 ], [ 6.72375, 50.342916666666667 ], [ 6.72375, 50.342083333333335 ], [ 6.722916666666663, 50.342083333333335 ], [ 6.722916666666663, 50.34125 ], [ 6.72208333333333, 50.34125 ], [ 6.72208333333333, 50.33875 ], [ 6.72125, 50.33875 ], [ 6.72125, 50.337916666666672 ], [ 6.720416666666662, 50.337916666666672 ], [ 6.720416666666662, 50.337083333333339 ], [ 6.719583333333329, 50.337083333333339 ], [ 6.719583333333329, 50.33625 ], [ 6.71875, 50.33625 ], [ 6.71875, 50.335416666666674 ], [ 6.717916666666664, 50.335416666666674 ], [ 6.717916666666664, 50.33375 ], [ 6.717083333333328, 50.33375 ], [ 6.717083333333328, 50.332083333333337 ], [ 6.71625, 50.332083333333337 ], [ 6.715416666666663, 50.332083333333337 ], [ 6.715416666666663, 50.33125 ], [ 6.71458333333333, 50.33125 ], [ 6.71375, 50.33125 ], [ 6.71375, 50.330416666666672 ], [ 6.712916666666661, 50.330416666666672 ], [ 6.712916666666661, 50.329583333333339 ], [ 6.707916666666662, 50.329583333333339 ], [ 6.707916666666662, 50.330416666666672 ], [ 6.70708333333333, 50.330416666666672 ], [ 6.70708333333333, 50.329583333333339 ], [ 6.705416666666661, 50.329583333333339 ], [ 6.705416666666661, 50.330416666666672 ], [ 6.704583333333328, 50.330416666666672 ], [ 6.704583333333328, 50.332083333333337 ], [ 6.70375, 50.332083333333337 ], [ 6.70375, 50.332916666666669 ], [ 6.702916666666663, 50.332916666666669 ], [ 6.702916666666663, 50.33375 ], [ 6.70125, 50.33375 ], [ 6.70125, 50.33625 ], [ 6.700416666666662, 50.33625 ], [ 6.700416666666662, 50.335416666666674 ], [ 6.69625, 50.335416666666674 ], [ 6.69625, 50.33625 ], [ 6.695416666666663, 50.33625 ], [ 6.695416666666663, 50.337083333333339 ], [ 6.69458333333333, 50.337083333333339 ], [ 6.69458333333333, 50.337916666666672 ], [ 6.695416666666663, 50.337916666666672 ], [ 6.695416666666663, 50.339583333333337 ], [ 6.69458333333333, 50.339583333333337 ], [ 6.69458333333333, 50.342916666666667 ], [ 6.69375, 50.342916666666667 ], [ 6.69375, 50.34375 ], [ 6.692916666666662, 50.34375 ], [ 6.692916666666662, 50.345416666666672 ], [ 6.69458333333333, 50.345416666666672 ], [ 6.695416666666663, 50.345416666666672 ], [ 6.695416666666663, 50.34625 ], [ 6.697083333333328, 50.34625 ], [ 6.697916666666664, 50.34625 ], [ 6.697916666666664, 50.347083333333337 ], [ 6.69875, 50.347083333333337 ], [ 6.699583333333329, 50.347083333333337 ], [ 6.699583333333329, 50.34875 ], [ 6.700416666666662, 50.34875 ], [ 6.70125, 50.34875 ], [ 6.70125, 50.349583333333335 ], [ 6.699583333333329, 50.349583333333335 ], [ 6.699583333333329, 50.350416666666668 ], [ 6.69875, 50.350416666666668 ], [ 6.69875, 50.35125 ], [ 6.697916666666664, 50.35125 ], [ 6.697916666666664, 50.35208333333334 ], [ 6.695416666666663, 50.35208333333334 ], [ 6.695416666666663, 50.350416666666668 ], [ 6.692916666666662, 50.350416666666668 ], [ 6.692916666666662, 50.35125 ], [ 6.692083333333329, 50.35125 ], [ 6.692083333333329, 50.35208333333334 ], [ 6.69125, 50.35208333333334 ], [ 6.69125, 50.352916666666673 ], [ 6.690416666666664, 50.352916666666673 ], [ 6.690416666666664, 50.35208333333334 ], [ 6.68875, 50.35208333333334 ], [ 6.68875, 50.352916666666673 ], [ 6.687916666666663, 50.352916666666673 ], [ 6.687916666666663, 50.35375 ], [ 6.68708333333333, 50.35375 ], [ 6.68708333333333, 50.357083333333335 ], [ 6.690416666666664, 50.357083333333335 ], [ 6.69125, 50.357083333333335 ], [ 6.69125, 50.36125 ], [ 6.692083333333329, 50.36125 ], [ 6.692916666666662, 50.36125 ], [ 6.692916666666662, 50.362083333333338 ], [ 6.69375, 50.362083333333338 ], [ 6.69458333333333, 50.362083333333338 ], [ 6.69458333333333, 50.362916666666671 ], [ 6.695416666666663, 50.362916666666671 ], [ 6.695416666666663, 50.36375 ], [ 6.69625, 50.36375 ], [ 6.697083333333328, 50.36375 ], [ 6.697083333333328, 50.364583333333336 ], [ 6.697916666666664, 50.364583333333336 ], [ 6.697916666666664, 50.365416666666668 ], [ 6.69875, 50.365416666666668 ], [ 6.69875, 50.36625 ], [ 6.699583333333329, 50.36625 ], [ 6.700416666666662, 50.36625 ], [ 6.700416666666662, 50.367083333333341 ], [ 6.70125, 50.367083333333341 ], [ 6.70125, 50.367916666666673 ], [ 6.702083333333331, 50.367916666666673 ], [ 6.702083333333331, 50.36875 ], [ 6.70375, 50.36875 ], [ 6.704583333333328, 50.36875 ], [ 6.704583333333328, 50.369583333333338 ], [ 6.705416666666661, 50.369583333333338 ], [ 6.705416666666661, 50.370416666666671 ], [ 6.70625, 50.370416666666671 ], [ 6.70625, 50.37125 ], [ 6.70708333333333, 50.37125 ], [ 6.70708333333333, 50.372083333333336 ], [ 6.707916666666662, 50.372083333333336 ], [ 6.707916666666662, 50.37375 ], [ 6.70708333333333, 50.37375 ], [ 6.70708333333333, 50.374583333333334 ], [ 6.707916666666662, 50.374583333333334 ], [ 6.707916666666662, 50.37625 ], [ 6.70875, 50.37625 ], [ 6.70875, 50.377916666666671 ], [ 6.709583333333331, 50.377916666666671 ], [ 6.709583333333331, 50.379583333333336 ], [ 6.70875, 50.379583333333336 ], [ 6.70875, 50.380416666666669 ], [ 6.707916666666662, 50.380416666666669 ], [ 6.707916666666662, 50.379583333333336 ], [ 6.70708333333333, 50.379583333333336 ], [ 6.70708333333333, 50.380416666666669 ], [ 6.705416666666661, 50.380416666666669 ], [ 6.705416666666661, 50.382083333333334 ], [ 6.70625, 50.382083333333334 ], [ 6.70625, 50.382916666666674 ], [ 6.70708333333333, 50.382916666666674 ], [ 6.70708333333333, 50.38375 ], [ 6.707916666666662, 50.38375 ], [ 6.707916666666662, 50.384583333333339 ], [ 6.70875, 50.384583333333339 ], [ 6.70875, 50.385416666666671 ], [ 6.709583333333331, 50.385416666666671 ], [ 6.709583333333331, 50.387083333333337 ], [ 6.710416666666664, 50.387083333333337 ], [ 6.710416666666664, 50.389583333333334 ], [ 6.71125, 50.389583333333334 ], [ 6.712083333333329, 50.389583333333334 ], [ 6.712083333333329, 50.390416666666667 ], [ 6.712916666666661, 50.390416666666667 ], [ 6.712916666666661, 50.39125 ], [ 6.71375, 50.39125 ], [ 6.71375, 50.39375 ], [ 6.712083333333329, 50.39375 ], [ 6.712083333333329, 50.395416666666669 ], [ 6.712916666666661, 50.395416666666669 ], [ 6.71375, 50.395416666666669 ], [ 6.71375, 50.39625 ], [ 6.71458333333333, 50.39625 ], [ 6.71458333333333, 50.397083333333335 ], [ 6.717083333333328, 50.397083333333335 ], [ 6.717916666666664, 50.397083333333335 ], [ 6.717916666666664, 50.397916666666674 ], [ 6.719583333333329, 50.397916666666674 ], [ 6.720416666666662, 50.397916666666674 ], [ 6.720416666666662, 50.39875 ], [ 6.72125, 50.39875 ], [ 6.72125, 50.399583333333339 ], [ 6.72208333333333, 50.399583333333339 ], [ 6.72208333333333, 50.400416666666672 ], [ 6.722916666666663, 50.400416666666672 ], [ 6.722916666666663, 50.40125 ], [ 6.72375, 50.40125 ], [ 6.724583333333328, 50.40125 ], [ 6.724583333333328, 50.402083333333337 ], [ 6.725416666666664, 50.402083333333337 ], [ 6.72625, 50.402083333333337 ], [ 6.72625, 50.40375 ], [ 6.725416666666664, 50.40375 ], [ 6.725416666666664, 50.404583333333335 ], [ 6.722916666666663, 50.404583333333335 ], [ 6.722916666666663, 50.405416666666667 ], [ 6.71875, 50.405416666666667 ], [ 6.71875, 50.404583333333335 ], [ 6.717916666666664, 50.404583333333335 ], [ 6.717083333333328, 50.404583333333335 ], [ 6.717083333333328, 50.40375 ], [ 6.712916666666661, 50.40375 ], [ 6.712916666666661, 50.404583333333335 ], [ 6.712083333333329, 50.404583333333335 ], [ 6.712083333333329, 50.405416666666667 ], [ 6.710416666666664, 50.405416666666667 ], [ 6.710416666666664, 50.41041666666667 ], [ 6.709583333333331, 50.41041666666667 ], [ 6.709583333333331, 50.41125 ], [ 6.70875, 50.41125 ], [ 6.70875, 50.412083333333335 ], [ 6.707916666666662, 50.412083333333335 ], [ 6.707916666666662, 50.412916666666668 ], [ 6.70625, 50.412916666666668 ], [ 6.70625, 50.41458333333334 ], [ 6.705416666666661, 50.41458333333334 ], [ 6.705416666666661, 50.417083333333338 ], [ 6.70625, 50.417083333333338 ], [ 6.70625, 50.41791666666667 ], [ 6.705416666666661, 50.41791666666667 ], [ 6.705416666666661, 50.419583333333335 ], [ 6.70625, 50.419583333333335 ], [ 6.70625, 50.420416666666668 ], [ 6.70708333333333, 50.420416666666668 ], [ 6.70708333333333, 50.42125 ], [ 6.707916666666662, 50.42125 ], [ 6.707916666666662, 50.422916666666666 ], [ 6.70875, 50.422916666666666 ], [ 6.70875, 50.42375 ], [ 6.709583333333331, 50.42375 ], [ 6.709583333333331, 50.42625 ], [ 6.707916666666662, 50.42625 ], [ 6.707916666666662, 50.429583333333341 ], [ 6.70708333333333, 50.429583333333341 ], [ 6.70708333333333, 50.430416666666673 ], [ 6.704583333333328, 50.430416666666673 ], [ 6.704583333333328, 50.43125 ], [ 6.70375, 50.43125 ], [ 6.70375, 50.432083333333338 ], [ 6.70125, 50.432083333333338 ], [ 6.70125, 50.43375 ], [ 6.700416666666662, 50.43375 ], [ 6.700416666666662, 50.435416666666669 ], [ 6.699583333333329, 50.435416666666669 ], [ 6.699583333333329, 50.43625 ], [ 6.69625, 50.43625 ], [ 6.69625, 50.437083333333334 ], [ 6.69458333333333, 50.437083333333334 ], [ 6.69458333333333, 50.437916666666666 ], [ 6.69375, 50.437916666666666 ], [ 6.69375, 50.439583333333339 ], [ 6.69458333333333, 50.439583333333339 ], [ 6.695416666666663, 50.439583333333339 ], [ 6.695416666666663, 50.440416666666671 ], [ 6.69625, 50.440416666666671 ], [ 6.69625, 50.44125 ], [ 6.697083333333328, 50.44125 ], [ 6.697916666666664, 50.44125 ], [ 6.697916666666664, 50.442083333333336 ], [ 6.69875, 50.442083333333336 ], [ 6.69875, 50.442916666666669 ], [ 6.699583333333329, 50.442916666666669 ], [ 6.699583333333329, 50.445416666666674 ], [ 6.700416666666662, 50.445416666666674 ], [ 6.70125, 50.445416666666674 ], [ 6.70125, 50.44625 ], [ 6.702083333333331, 50.44625 ], [ 6.702083333333331, 50.447083333333339 ], [ 6.704583333333328, 50.447083333333339 ], [ 6.705416666666661, 50.447083333333339 ], [ 6.705416666666661, 50.447916666666671 ] ], [ [ 6.70125, 50.350416666666668 ], [ 6.70125, 50.349583333333335 ], [ 6.702083333333331, 50.349583333333335 ], [ 6.702083333333331, 50.350416666666668 ], [ 6.70125, 50.350416666666668 ] ], [ [ 6.71375, 50.394583333333337 ], [ 6.71375, 50.39375 ], [ 6.71458333333333, 50.39375 ], [ 6.71458333333333, 50.394583333333337 ], [ 6.71375, 50.394583333333337 ] ] ] } },
{ "type": "Feature", "properties": { "COMID": 23012793, "unitarea": 3.937594265409297 }, "geometry": { "type": "Polygon", "coordinates": [ [ [ 6.704583333333328, 50.419583333333335 ], [ 6.705416666666661, 50.419583333333335 ], [ 6.705416666666661, 50.41791666666667 ], [ 6.70625, 50.41791666666667 ], [ 6.70625, 50.417083333333338 ], [ 6.705416666666661, 50.417083333333338 ], [ 6.705416666666661, 50.41458333333334 ], [ 6.70625, 50.41458333333334 ], [ 6.70625, 50.412916666666668 ], [ 6.707916666666662, 50.412916666666668 ], [ 6.707916666666662, 50.412083333333335 ], [ 6.70875, 50.412083333333335 ], [ 6.70875, 50.41125 ], [ 6.709583333333331, 50.41125 ], [ 6.709583333333331, 50.41041666666667 ], [ 6.710416666666664, 50.41041666666667 ], [ 6.710416666666664, 50.405416666666667 ], [ 6.712083333333329, 50.405416666666667 ], [ 6.712083333333329, 50.404583333333335 ], [ 6.712916666666661, 50.404583333333335 ], [ 6.712916666666661, 50.40375 ], [ 6.717083333333328, 50.40375 ], [ 6.717083333333328, 50.404583333333335 ], [ 6.717916666666664, 50.404583333333335 ], [ 6.71875, 50.404583333333335 ], [ 6.71875, 50.405416666666667 ], [ 6.722916666666663, 50.405416666666667 ], [ 6.722916666666663, 50.404583333333335 ], [ 6.725416666666664, 50.404583333333335 ], [ 6.725416666666664, 50.40375 ], [ 6.72625, 50.40375 ], [ 6.72625, 50.402083333333337 ], [ 6.725416666666664, 50.402083333333337 ], [ 6.724583333333328, 50.402083333333337 ], [ 6.724583333333328, 50.40125 ], [ 6.72375, 50.40125 ], [ 6.722916666666663, 50.40125 ], [ 6.722916666666663, 50.400416666666672 ], [ 6.72208333333333, 50.400416666666672 ], [ 6.72208333333333, 50.399583333333339 ], [ 6.72125, 50.399583333333339 ], [ 6.72125, 50.39875 ], [ 6.720416666666662, 50.39875 ], [ 6.720416666666662, 50.397916666666674 ], [ 6.719583333333329, 50.397916666666674 ], [ 6.717916666666664, 50.397916666666674 ], [ 6.717916666666664, 50.397083333333335 ], [ 6.717083333333328, 50.397083333333335 ], [ 6.71458333333333, 50.397083333333335 ], [ 6.71458333333333, 50.39625 ], [ 6.71375, 50.39625 ], [ 6.71375, 50.395416666666669 ], [ 6.712916666666661, 50.395416666666669 ], [ 6.712083333333329, 50.395416666666669 ], [ 6.712083333333329, 50.394583333333337 ], [ 6.70375, 50.394583333333337 ], [ 6.70375, 50.395416666666669 ], [ 6.702083333333331, 50.395416666666669 ], [ 6.702083333333331, 50.39625 ], [ 6.70125, 50.39625 ], [ 6.70125, 50.397083333333335 ], [ 6.700416666666662, 50.397083333333335 ], [ 6.700416666666662, 50.397916666666674 ], [ 6.699583333333329, 50.397916666666674 ], [ 6.699583333333329, 50.397083333333335 ], [ 6.69875, 50.397083333333335 ], [ 6.697083333333328, 50.397083333333335 ], [ 6.697083333333328, 50.39625 ], [ 6.69625, 50.39625 ], [ 6.69125, 50.39625 ], [ 6.69125, 50.395416666666669 ], [ 6.68708333333333, 50.395416666666669 ], [ 6.68708333333333, 50.39625 ], [ 6.68625, 50.39625 ], [ 6.68625, 50.397083333333335 ], [ 6.68708333333333, 50.397083333333335 ], [ 6.68708333333333, 50.397916666666674 ], [ 6.687916666666663, 50.397916666666674 ], [ 6.687916666666663, 50.399583333333339 ], [ 6.68875, 50.399583333333339 ], [ 6.68875, 50.400416666666672 ], [ 6.689583333333328, 50.400416666666672 ], [ 6.689583333333328, 50.40125 ], [ 6.690416666666664, 50.40125 ], [ 6.690416666666664, 50.40291666666667 ], [ 6.689583333333328, 50.40291666666667 ], [ 6.689583333333328, 50.40625 ], [ 6.68875, 50.40625 ], [ 6.68875, 50.405416666666667 ], [ 6.687916666666663, 50.405416666666667 ], [ 6.687916666666663, 50.40625 ], [ 6.68708333333333, 50.40625 ], [ 6.68708333333333, 50.407083333333333 ], [ 6.687916666666663, 50.407083333333333 ], [ 6.687916666666663, 50.407916666666672 ], [ 6.68875, 50.407916666666672 ], [ 6.68875, 50.407083333333333 ], [ 6.689583333333328, 50.407083333333333 ], [ 6.689583333333328, 50.407916666666672 ], [ 6.690416666666664, 50.407916666666672 ], [ 6.690416666666664, 50.40875 ], [ 6.69125, 50.40875 ], [ 6.69125, 50.409583333333337 ], [ 6.692083333333329, 50.409583333333337 ], [ 6.692083333333329, 50.41041666666667 ], [ 6.692916666666662, 50.41041666666667 ], [ 6.692916666666662, 50.41125 ], [ 6.69375, 50.41125 ], [ 6.69375, 50.412916666666668 ], [ 6.69458333333333, 50.412916666666668 ], [ 6.69458333333333, 50.41375 ], [ 6.695416666666663, 50.41375 ], [ 6.69625, 50.41375 ], [ 6.69625, 50.41458333333334 ], [ 6.697083333333328, 50.41458333333334 ], [ 6.697916666666664, 50.41458333333334 ], [ 6.697916666666664, 50.415416666666673 ], [ 6.69875, 50.415416666666673 ], [ 6.69875, 50.41625 ], [ 6.699583333333329, 50.41625 ], [ 6.699583333333329, 50.417083333333338 ], [ 6.700416666666662, 50.417083333333338 ], [ 6.700416666666662, 50.41791666666667 ], [ 6.70125, 50.41791666666667 ], [ 6.702083333333331, 50.41791666666667 ], [ 6.702083333333331, 50.41875 ], [ 6.70375, 50.41875 ], [ 6.704583333333328, 50.41875 ], [ 6.704583333333328, 50.419583333333335 ] ] ] } },
{ "type": "Feature", "properties": { "COMID": 23013319, "unitarea": 28.331972600765628 }, "geometry": { "type": "Polygon", "coordinates": [ [ [ 6.699583333333329, 50.397916666666674 ], [ 6.700416666666662, 50.397916666666674 ], [ 6.700416666666662, 50.397083333333335 ], [ 6.70125, 50.397083333333335 ], [ 6.70125, 50.39625 ], [ 6.702083333333331, 50.39625 ], [ 6.702083333333331, 50.395416666666669 ], [ 6.70375, 50.395416666666669 ], [ 6.70375, 50.394583333333337 ], [ 6.712083333333329, 50.394583333333337 ], [ 6.712083333333329, 50.39375 ], [ 6.71375, 50.39375 ], [ 6.71375, 50.39125 ], [ 6.712916666666661, 50.39125 ], [ 6.712916666666661, 50.390416666666667 ], [ 6.712083333333329, 50.390416666666667 ], [ 6.712083333333329, 50.389583333333334 ], [ 6.71125, 50.389583333333334 ], [ 6.710416666666664, 50.389583333333334 ], [ 6.710416666666664, 50.387083333333337 ], [ 6.709583333333331, 50.387083333333337 ], [ 6.709583333333331, 50.385416666666671 ], [ 6.70875, 50.385416666666671 ], [ 6.70875, 50.384583333333339 ], [ 6.707916666666662, 50.384583333333339 ], [ 6.707916666666662, 50.38375 ], [ 6.70708333333333, 50.38375 ], [ 6.70708333333333, 50.382916666666674 ], [ 6.70625, 50.382916666666674 ], [ 6.70625, 50.382083333333334 ], [ 6.705416666666661, 50.382083333333334 ], [ 6.705416666666661, 50.380416666666669 ], [ 6.70708333333333, 50.380416666666669 ], [ 6.70708333333333, 50.379583333333336 ], [ 6.707916666666662, 50.379583333333336 ], [ 6.707916666666662, 50.380416666666669 ], [ 6.70875, 50.380416666666669 ], [ 6.70875, 50.379583333333336 ], [ 6.709583333333331, 50.379583333333336 ], [ 6.709583333333331, 50.377916666666671 ], [ 6.70875, 50.377916666666671 ], [ 6.70875, 50.37625 ], [ 6.707916666666662, 50.37625 ], [ 6.707916666666662, 50.374583333333334 ], [ 6.70708333333333, 50.374583333333334 ], [ 6.70708333333333, 50.37375 ], [ 6.707916666666662, 50.37375 ], [ 6.707916666666662, 50.372083333333336 ], [ 6.70708333333333, 50.372083333333336 ], [ 6.70708333333333, 50.37125 ], [ 6.70625, 50.37125 ], [ 6.70625, 50.370416666666671 ], [ 6.705416666666661, 50.370416666666671 ], [ 6.705416666666661, 50.369583333333338 ], [ 6.704583333333328, 50.369583333333338 ], [ 6.704583333333328, 50.36875 ], [ 6.70375, 50.36875 ], [ 6.702083333333331, 50.36875 ], [ 6.702083333333331, 50.367916666666673 ], [ 6.70125, 50.367916666666673 ], [ 6.70125, 50.367083333333341 ], [ 6.700416666666662, 50.367083333333341 ], [ 6.700416666666662, 50.36625 ], [ 6.699583333333329, 50.36625 ], [ 6.69875, 50.36625 ], [ 6.69875, 50.365416666666668 ], [ 6.697916666666664, 50.365416666666668 ], [ 6.697916666666664, 50.364583333333336 ], [ 6.697083333333328, 50.364583333333336 ], [ 6.697083333333328, 50.36375 ], [ 6.69625, 50.36375 ], [ 6.695416666666663, 50.36375 ], [ 6.695416666666663, 50.362916666666671 ], [ 6.69458333333333, 50.362916666666671 ], [ 6.69458333333333, 50.362083333333338 ], [ 6.69375, 50.362083333333338 ], [ 6.692916666666662, 50.362083333333338 ], [ 6.692916666666662, 50.36125 ], [ 6.692083333333329, 50.36125 ], [ 6.69125, 50.36125 ], [ 6.69125, 50.357083333333335 ], [ 6.690416666666664, 50.357083333333335 ], [ 6.68708333333333, 50.357083333333335 ], [ 6.68708333333333, 50.35375 ], [ 6.687916666666663, 50.35375 ], [ 6.687916666666663, 50.352916666666673 ], [ 6.68875, 50.352916666666673 ], [ 6.68875, 50.35208333333334 ], [ 6.690416666666664, 50.35208333333334 ], [ 6.690416666666664, 50.352916666666673 ], [ 6.69125, 50.352916666666673 ], [ 6.69125, 50.35208333333334 ], [ 6.692083333333329, 50.35208333333334 ], [ 6.692083333333329, 50.35125 ], [ 6.692916666666662, 50.35125 ], [ 6.692916666666662, 50.350416666666668 ], [ 6.695416666666663, 50.350416666666668 ], [ 6.695416666666663, 50.35208333333334 ], [ 6.697916666666664, 50.35208333333334 ], [ 6.697916666666664, 50.35125 ], [ 6.69875, 50.35125 ], [ 6.69875, 50.350416666666668 ], [ 6.699583333333329, 50.350416666666668 ], [ 6.699583333333329, 50.349583333333335 ], [ 6.70125, 50.349583333333335 ], [ 6.70125, 50.34875 ], [ 6.700416666666662, 50.34875 ], [ 6.699583333333329, 50.34875 ], [ 6.699583333333329, 50.347083333333337 ], [ 6.69875, 50.347083333333337 ], [ 6.697916666666664, 50.347083333333337 ], [ 6.697916666666664, 50.34625 ], [ 6.697083333333328, 50.34625 ], [ 6.695416666666663, 50.34625 ], [ 6.695416666666663, 50.345416666666672 ], [ 6.69458333333333, 50.345416666666672 ], [ 6.692916666666662, 50.345416666666672 ], [ 6.692916666666662, 50.344583333333333 ], [ 6.690416666666664, 50.344583333333333 ], [ 6.690416666666664, 50.34625 ], [ 6.689583333333328, 50.34625 ], [ 6.689583333333328, 50.345416666666672 ], [ 6.68875, 50.345416666666672 ], [ 6.68708333333333, 50.345416666666672 ], [ 6.68708333333333, 50.344583333333333 ], [ 6.68625, 50.344583333333333 ], [ 6.68625, 50.34375 ], [ 6.685416666666661, 50.34375 ], [ 6.68375, 50.34375 ], [ 6.68375, 50.342916666666667 ], [ 6.682916666666664, 50.342916666666667 ], [ 6.682916666666664, 50.34375 ], [ 6.682083333333331, 50.34375 ], [ 6.682083333333331, 50.344583333333333 ], [ 6.68125, 50.344583333333333 ], [ 6.68125, 50.345416666666672 ], [ 6.680416666666662, 50.345416666666672 ], [ 6.680416666666662, 50.34625 ], [ 6.67958333333333, 50.34625 ], [ 6.67958333333333, 50.347083333333337 ], [ 6.677916666666661, 50.347083333333337 ], [ 6.677916666666661, 50.34791666666667 ], [ 6.677083333333329, 50.34791666666667 ], [ 6.677083333333329, 50.34875 ], [ 6.67625, 50.34875 ], [ 6.67625, 50.349583333333335 ], [ 6.674583333333331, 50.349583333333335 ], [ 6.674583333333331, 50.350416666666668 ], [ 6.672916666666662, 50.350416666666668 ], [ 6.672916666666662, 50.349583333333335 ], [ 6.669583333333328, 50.349583333333335 ], [ 6.669583333333328, 50.350416666666668 ], [ 6.667916666666663, 50.350416666666668 ], [ 6.667916666666663, 50.35125 ], [ 6.664583333333329, 50.35125 ], [ 6.664583333333329, 50.350416666666668 ], [ 6.66125, 50.350416666666668 ], [ 6.66125, 50.35125 ], [ 6.65958333333333, 50.35125 ], [ 6.65958333333333, 50.350416666666668 ], [ 6.657916666666662, 50.350416666666668 ], [ 6.657916666666662, 50.35125 ], [ 6.657083333333329, 50.35125 ], [ 6.657083333333329, 50.35375 ], [ 6.652916666666663, 50.35375 ], [ 6.652916666666663, 50.354583333333338 ], [ 6.65125, 50.354583333333338 ], [ 6.65125, 50.35125 ], [ 6.650416666666661, 50.35125 ], [ 6.650416666666661, 50.34875 ], [ 6.649583333333329, 50.34875 ], [ 6.647916666666664, 50.34875 ], [ 6.647916666666664, 50.345416666666672 ], [ 6.647083333333331, 50.345416666666672 ], [ 6.647083333333331, 50.342916666666667 ], [ 6.64625, 50.342916666666667 ], [ 6.64625, 50.342083333333335 ], [ 6.645416666666662, 50.342083333333335 ], [ 6.645416666666662, 50.34125 ], [ 6.64375, 50.34125 ], [ 6.64375, 50.342083333333335 ], [ 6.642916666666661, 50.342083333333335 ], [ 6.642916666666661, 50.34125 ], [ 6.642083333333328, 50.34125 ], [ 6.64125, 50.34125 ], [ 6.64125, 50.34041666666667 ], [ 6.640416666666663, 50.34041666666667 ], [ 6.640416666666663, 50.339583333333337 ], [ 6.639583333333331, 50.339583333333337 ], [ 6.63375, 50.339583333333337 ], [ 6.63375, 50.33875 ], [ 6.632916666666663, 50.33875 ], [ 6.63208333333333, 50.33875 ], [ 6.63208333333333, 50.337916666666672 ], [ 6.630416666666662, 50.337916666666672 ], [ 6.630416666666662, 50.33875 ], [ 6.62875, 50.33875 ], [ 6.62875, 50.339583333333337 ], [ 6.627083333333328, 50.339583333333337 ], [ 6.627083333333328, 50.34041666666667 ], [ 6.625416666666663, 50.34041666666667 ], [ 6.625416666666663, 50.339583333333337 ], [ 6.62458333333333, 50.339583333333337 ], [ 6.62458333333333, 50.34041666666667 ], [ 6.619583333333331, 50.34041666666667 ], [ 6.619583333333331, 50.34125 ], [ 6.614583333333329, 50.34125 ], [ 6.614583333333329, 50.342916666666667 ], [ 6.615416666666661, 50.342916666666667 ], [ 6.615416666666661, 50.344583333333333 ], [ 6.61625, 50.344583333333333 ], [ 6.61625, 50.34875 ], [ 6.614583333333329, 50.34875 ], [ 6.614583333333329, 50.349583333333335 ], [ 6.61375, 50.349583333333335 ], [ 6.61375, 50.350416666666668 ], [ 6.612916666666663, 50.350416666666668 ], [ 6.612916666666663, 50.35125 ], [ 6.612083333333331, 50.35125 ], [ 6.612083333333331, 50.35208333333334 ], [ 6.61125, 50.35208333333334 ], [ 6.61125, 50.352916666666673 ], [ 6.610416666666662, 50.352916666666673 ], [ 6.610416666666662, 50.35375 ], [ 6.60875, 50.35375 ], [ 6.60875, 50.352916666666673 ], [ 6.607916666666664, 50.352916666666673 ], [ 6.607916666666664, 50.35375 ], [ 6.607083333333328, 50.35375 ], [ 6.607083333333328, 50.35625 ], [ 6.607916666666664, 50.35625 ], [ 6.607916666666664, 50.357916666666668 ], [ 6.60875, 50.357916666666668 ], [ 6.60875, 50.35875 ], [ 6.607916666666664, 50.35875 ], [ 6.607916666666664, 50.362083333333338 ], [ 6.607083333333328, 50.362083333333338 ], [ 6.607083333333328, 50.362916666666671 ], [ 6.60625, 50.362916666666671 ], [ 6.60625, 50.36375 ], [ 6.605416666666663, 50.36375 ], [ 6.605416666666663, 50.364583333333336 ], [ 6.604583333333331, 50.364583333333336 ], [ 6.604583333333331, 50.365416666666668 ], [ 6.60375, 50.365416666666668 ], [ 6.60375, 50.367083333333341 ], [ 6.604583333333331, 50.367083333333341 ], [ 6.604583333333331, 50.36625 ], [ 6.605416666666663, 50.36625 ], [ 6.605416666666663, 50.365416666666668 ], [ 6.607916666666664, 50.365416666666668 ], [ 6.607916666666664, 50.36625 ], [ 6.60875, 50.36625 ], [ 6.60875, 50.367083333333341 ], [ 6.61125, 50.367083333333341 ], [ 6.612083333333331, 50.367083333333341 ], [ 6.612083333333331, 50.367916666666673 ], [ 6.612916666666663, 50.367916666666673 ], [ 6.612916666666663, 50.36875 ], [ 6.61375, 50.36875 ], [ 6.61375, 50.369583333333338 ], [ 6.62458333333333, 50.369583333333338 ], [ 6.625416666666663, 50.369583333333338 ], [ 6.625416666666663, 50.370416666666671 ], [ 6.62625, 50.370416666666671 ], [ 6.62625, 50.37125 ], [ 6.627083333333328, 50.37125 ], [ 6.627083333333328, 50.372083333333336 ], [ 6.627916666666664, 50.372083333333336 ], [ 6.627916666666664, 50.37375 ], [ 6.62875, 50.37375 ], [ 6.62875, 50.374583333333334 ], [ 6.629583333333329, 50.374583333333334 ], [ 6.629583333333329, 50.375416666666666 ], [ 6.630416666666662, 50.375416666666666 ], [ 6.630416666666662, 50.37625 ], [ 6.63125, 50.37625 ], [ 6.63125, 50.377083333333339 ], [ 6.63208333333333, 50.377083333333339 ], [ 6.632916666666663, 50.377083333333339 ], [ 6.632916666666663, 50.377916666666671 ], [ 6.635416666666664, 50.377916666666671 ], [ 6.63625, 50.377916666666671 ], [ 6.63625, 50.37875 ], [ 6.637083333333329, 50.37875 ], [ 6.637083333333329, 50.377916666666671 ], [ 6.637916666666662, 50.377916666666671 ], [ 6.637916666666662, 50.37875 ], [ 6.640416666666663, 50.37875 ], [ 6.640416666666663, 50.377916666666671 ], [ 6.642083333333328, 50.377916666666671 ], [ 6.642083333333328, 50.37875 ], [ 6.642916666666661, 50.37875 ], [ 6.642916666666661, 50.380416666666669 ], [ 6.64375, 50.380416666666669 ], [ 6.64375, 50.38125 ], [ 6.64625, 50.38125 ], [ 6.647083333333331, 50.38125 ], [ 6.647083333333331, 50.382083333333334 ], [ 6.647916666666664, 50.382083333333334 ], [ 6.64875, 50.382083333333334 ], [ 6.64875, 50.382916666666674 ], [ 6.650416666666661, 50.382916666666674 ], [ 6.65125, 50.382916666666674 ], [ 6.65125, 50.38375 ], [ 6.65208333333333, 50.38375 ], [ 6.652916666666663, 50.38375 ], [ 6.652916666666663, 50.384583333333339 ], [ 6.65375, 50.384583333333339 ], [ 6.654583333333328, 50.384583333333339 ], [ 6.654583333333328, 50.385416666666671 ], [ 6.655416666666664, 50.385416666666671 ], [ 6.65625, 50.385416666666671 ], [ 6.65625, 50.38625 ], [ 6.657083333333329, 50.38625 ], [ 6.657083333333329, 50.387083333333337 ], [ 6.65875, 50.387083333333337 ], [ 6.65958333333333, 50.387083333333337 ], [ 6.65958333333333, 50.387916666666669 ], [ 6.66375, 50.387916666666669 ], [ 6.664583333333329, 50.387916666666669 ], [ 6.664583333333329, 50.38875 ], [ 6.665416666666662, 50.38875 ], [ 6.66625, 50.38875 ], [ 6.66625, 50.389583333333334 ], [ 6.674583333333331, 50.389583333333334 ], [ 6.675416666666663, 50.389583333333334 ], [ 6.675416666666663, 50.390416666666667 ], [ 6.67625, 50.390416666666667 ], [ 6.67625, 50.39125 ], [ 6.677083333333329, 50.39125 ], [ 6.677083333333329, 50.392083333333339 ], [ 6.677916666666661, 50.392083333333339 ], [ 6.677916666666661, 50.392916666666672 ], [ 6.67875, 50.392916666666672 ], [ 6.67875, 50.39375 ], [ 6.67958333333333, 50.39375 ], [ 6.680416666666662, 50.39375 ], [ 6.680416666666662, 50.394583333333337 ], [ 6.682083333333331, 50.394583333333337 ], [ 6.682916666666664, 50.394583333333337 ], [ 6.682916666666664, 50.395416666666669 ], [ 6.690416666666664, 50.395416666666669 ], [ 6.69125, 50.395416666666669 ], [ 6.69125, 50.39625 ], [ 6.69625, 50.39625 ], [ 6.697083333333328, 50.39625 ], [ 6.697083333333328, 50.397083333333335 ], [ 6.69875, 50.397083333333335 ], [ 6.699583333333329, 50.397083333333335 ], [ 6.699583333333329, 50.397916666666674 ] ] ] } },
{ "type": "Feature", "properties": { "COMID": 23013350, "unitarea": 28.546292865630512 }, "geometry": { "type": "Polygon", "coordinates": [ [ [ 6.649583333333329, 50.417083333333338 ], [ 6.65625, 50.417083333333338 ], [ 6.65625, 50.41625 ], [ 6.665416666666662, 50.41625 ], [ 6.665416666666662, 50.415416666666673 ], [ 6.670416666666664, 50.415416666666673 ], [ 6.670416666666664, 50.41458333333334 ], [ 6.67125, 50.41458333333334 ], [ 6.67125, 50.41375 ], [ 6.674583333333331, 50.41375 ], [ 6.674583333333331, 50.412916666666668 ], [ 6.675416666666663, 50.412916666666668 ], [ 6.675416666666663, 50.412083333333335 ], [ 6.677916666666661, 50.412083333333335 ], [ 6.677916666666661, 50.41125 ], [ 6.67875, 50.41125 ], [ 6.67875, 50.41041666666667 ], [ 6.67958333333333, 50.41041666666667 ], [ 6.67958333333333, 50.409583333333337 ], [ 6.68125, 50.409583333333337 ], [ 6.68125, 50.40875 ], [ 6.682916666666664, 50.40875 ], [ 6.682916666666664, 50.407916666666672 ], [ 6.68625, 50.407916666666672 ], [ 6.68625, 50.407083333333333 ], [ 6.68708333333333, 50.407083333333333 ], [ 6.68708333333333, 50.40625 ], [ 6.687916666666663, 50.40625 ], [ 6.687916666666663, 50.405416666666667 ], [ 6.68875, 50.405416666666667 ], [ 6.68875, 50.40625 ], [ 6.689583333333328, 50.40625 ], [ 6.689583333333328, 50.40291666666667 ], [ 6.690416666666664, 50.40291666666667 ], [ 6.690416666666664, 50.40125 ], [ 6.689583333333328, 50.40125 ], [ 6.689583333333328, 50.400416666666672 ], [ 6.68875, 50.400416666666672 ], [ 6.68875, 50.399583333333339 ], [ 6.687916666666663, 50.399583333333339 ], [ 6.687916666666663, 50.397916666666674 ], [ 6.68708333333333, 50.397916666666674 ], [ 6.68708333333333, 50.397083333333335 ], [ 6.68625, 50.397083333333335 ], [ 6.68625, 50.39625 ], [ 6.68708333333333, 50.39625 ], [ 6.68708333333333, 50.395416666666669 ], [ 6.68625, 50.395416666666669 ], [ 6.682916666666664, 50.395416666666669 ], [ 6.682916666666664, 50.394583333333337 ], [ 6.682083333333331, 50.394583333333337 ], [ 6.680416666666662, 50.394583333333337 ], [ 6.680416666666662, 50.39375 ], [ 6.67958333333333, 50.39375 ], [ 6.67875, 50.39375 ], [ 6.67875, 50.392916666666672 ], [ 6.677916666666661, 50.392916666666672 ], [ 6.677916666666661, 50.392083333333339 ], [ 6.677083333333329, 50.392083333333339 ], [ 6.677083333333329, 50.39125 ], [ 6.67625, 50.39125 ], [ 6.67625, 50.390416666666667 ], [ 6.675416666666663, 50.390416666666667 ], [ 6.675416666666663, 50.389583333333334 ], [ 6.674583333333331, 50.389583333333334 ], [ 6.66625, 50.389583333333334 ], [ 6.66625, 50.38875 ], [ 6.665416666666662, 50.38875 ], [ 6.664583333333329, 50.38875 ], [ 6.664583333333329, 50.387916666666669 ], [ 6.66375, 50.387916666666669 ], [ 6.65958333333333, 50.387916666666669 ], [ 6.65958333333333, 50.387083333333337 ], [ 6.65875, 50.387083333333337 ], [ 6.657083333333329, 50.387083333333337 ], [ 6.657083333333329, 50.38625 ], [ 6.65625, 50.38625 ], [ 6.65625, 50.385416666666671 ], [ 6.655416666666664, 50.385416666666671 ], [ 6.654583333333328, 50.385416666666671 ], [ 6.654583333333328, 50.384583333333339 ], [ 6.65375, 50.384583333333339 ], [ 6.652916666666663, 50.384583333333339 ], [ 6.652916666666663, 50.38375 ], [ 6.65208333333333, 50.38375 ], [ 6.65125, 50.38375 ], [ 6.65125, 50.382916666666674 ], [ 6.650416666666661, 50.382916666666674 ], [ 6.64875, 50.382916666666674 ], [ 6.64875, 50.382083333333334 ], [ 6.647916666666664, 50.382083333333334 ], [ 6.647083333333331, 50.382083333333334 ], [ 6.647083333333331, 50.38125 ], [ 6.64625, 50.38125 ], [ 6.64375, 50.38125 ], [ 6.64375, 50.380416666666669 ], [ 6.642916666666661, 50.380416666666669 ], [ 6.642916666666661, 50.37875 ], [ 6.642083333333328, 50.37875 ], [ 6.642083333333328, 50.377916666666671 ], [ 6.640416666666663, 50.377916666666671 ], [ 6.640416666666663, 50.37875 ], [ 6.637916666666662, 50.37875 ], [ 6.637916666666662, 50.377916666666671 ], [ 6.637083333333329, 50.377916666666671 ], [ 6.637083333333329, 50.37875 ], [ 6.63625, 50.37875 ], [ 6.63625, 50.377916666666671 ], [ 6.635416666666664, 50.377916666666671 ], [ 6.632916666666663, 50.377916666666671 ], [ 6.632916666666663, 50.377083333333339 ], [ 6.63208333333333, 50.377083333333339 ], [ 6.63125, 50.377083333333339 ], [ 6.63125, 50.37625 ], [ 6.630416666666662, 50.37625 ], [ 6.630416666666662, 50.375416666666666 ], [ 6.629583333333329, 50.375416666666666 ], [ 6.629583333333329, 50.374583333333334 ], [ 6.62875, 50.374583333333334 ], [ 6.62875, 50.37375 ], [ 6.627916666666664, 50.37375 ], [ 6.627916666666664, 50.372083333333336 ], [ 6.627083333333328, 50.372083333333336 ], [ 6.627083333333328, 50.37125 ], [ 6.62625, 50.37125 ], [ 6.62625, 50.370416666666671 ], [ 6.625416666666663, 50.370416666666671 ], [ 6.625416666666663, 50.369583333333338 ], [ 6.62458333333333, 50.369583333333338 ], [ 6.61375, 50.369583333333338 ], [ 6.61375, 50.36875 ], [ 6.612916666666663, 50.36875 ], [ 6.612916666666663, 50.367916666666673 ], [ 6.612083333333331, 50.367916666666673 ], [ 6.612083333333331, 50.367083333333341 ], [ 6.61125, 50.367083333333341 ], [ 6.60875, 50.367083333333341 ], [ 6.60875, 50.36625 ], [ 6.607916666666664, 50.36625 ], [ 6.607916666666664, 50.365416666666668 ], [ 6.605416666666663, 50.365416666666668 ], [ 6.605416666666663, 50.36625 ], [ 6.604583333333331, 50.36625 ], [ 6.604583333333331, 50.367083333333341 ], [ 6.60375, 50.367083333333341 ], [ 6.60375, 50.36625 ], [ 6.60125, 50.36625 ], [ 6.60125, 50.367916666666673 ], [ 6.602083333333329, 50.367916666666673 ], [ 6.602083333333329, 50.36875 ], [ 6.60125, 50.36875 ], [ 6.60125, 50.369583333333338 ], [ 6.600416666666664, 50.369583333333338 ], [ 6.600416666666664, 50.37125 ], [ 6.599583333333328, 50.37125 ], [ 6.599583333333328, 50.372083333333336 ], [ 6.597916666666663, 50.372083333333336 ], [ 6.597916666666663, 50.372916666666669 ], [ 6.59625, 50.372916666666669 ], [ 6.59625, 50.37375 ], [ 6.595416666666662, 50.37375 ], [ 6.595416666666662, 50.374583333333334 ], [ 6.594583333333329, 50.374583333333334 ], [ 6.594583333333329, 50.375416666666666 ], [ 6.592916666666664, 50.375416666666666 ], [ 6.592916666666664, 50.374583333333334 ], [ 6.592083333333328, 50.374583333333334 ], [ 6.592083333333328, 50.375416666666666 ], [ 6.59125, 50.375416666666666 ], [ 6.59125, 50.37625 ], [ 6.587916666666661, 50.37625 ], [ 6.587916666666661, 50.377083333333339 ], [ 6.587083333333329, 50.377083333333339 ], [ 6.587083333333329, 50.377916666666671 ], [ 6.585416666666664, 50.377916666666671 ], [ 6.585416666666664, 50.37875 ], [ 6.582916666666662, 50.37875 ], [ 6.582916666666662, 50.379583333333336 ], [ 6.58208333333333, 50.379583333333336 ], [ 6.58208333333333, 50.380416666666669 ], [ 6.58125, 50.380416666666669 ], [ 6.58125, 50.38125 ], [ 6.58208333333333, 50.38125 ], [ 6.58208333333333, 50.382916666666674 ], [ 6.582916666666662, 50.382916666666674 ], [ 6.582916666666662, 50.385416666666671 ], [ 6.58208333333333, 50.385416666666671 ], [ 6.58208333333333, 50.38625 ], [ 6.57875, 50.38625 ], [ 6.57875, 50.387083333333337 ], [ 6.577916666666663, 50.387083333333337 ], [ 6.577916666666663, 50.38875 ], [ 6.577083333333331, 50.38875 ], [ 6.577083333333331, 50.389583333333334 ], [ 6.57625, 50.389583333333334 ], [ 6.57625, 50.392916666666672 ], [ 6.575416666666662, 50.392916666666672 ], [ 6.575416666666662, 50.394583333333337 ], [ 6.574583333333329, 50.394583333333337 ], [ 6.574583333333329, 50.395416666666669 ], [ 6.57375, 50.395416666666669 ], [ 6.57375, 50.39625 ], [ 6.57125, 50.39625 ], [ 6.57125, 50.397916666666674 ], [ 6.572083333333328, 50.397916666666674 ], [ 6.572083333333328, 50.39875 ], [ 6.572916666666664, 50.39875 ], [ 6.572916666666664, 50.399583333333339 ], [ 6.57375, 50.399583333333339 ], [ 6.57375, 50.400416666666672 ], [ 6.572916666666664, 50.400416666666672 ], [ 6.572916666666664, 50.40375 ], [ 6.572083333333328, 50.40375 ], [ 6.572083333333328, 50.404583333333335 ], [ 6.57125, 50.404583333333335 ], [ 6.57125, 50.405416666666667 ], [ 6.572083333333328, 50.405416666666667 ], [ 6.572916666666664, 50.405416666666667 ], [ 6.572916666666664, 50.407083333333333 ], [ 6.572083333333328, 50.407083333333333 ], [ 6.572083333333328, 50.412083333333335 ], [ 6.574583333333329, 50.412083333333335 ], [ 6.575416666666662, 50.412083333333335 ], [ 6.575416666666662, 50.412916666666668 ], [ 6.57625, 50.412916666666668 ], [ 6.577083333333331, 50.412916666666668 ], [ 6.577083333333331, 50.41375 ], [ 6.577916666666663, 50.41375 ], [ 6.57875, 50.41375 ], [ 6.57875, 50.41458333333334 ], [ 6.579583333333328, 50.41458333333334 ], [ 6.579583333333328, 50.415416666666673 ], [ 6.580416666666665, 50.415416666666673 ], [ 6.580416666666665, 50.41458333333334 ], [ 6.58208333333333, 50.41458333333334 ], [ 6.58208333333333, 50.415416666666673 ], [ 6.582916666666662, 50.415416666666673 ], [ 6.582916666666662, 50.41625 ], [ 6.587916666666661, 50.41625 ], [ 6.587916666666661, 50.41125 ], [ 6.58875, 50.41125 ], [ 6.58875, 50.41041666666667 ], [ 6.59375, 50.41041666666667 ], [ 6.59375, 50.409583333333337 ], [ 6.594583333333329, 50.409583333333337 ], [ 6.594583333333329, 50.40875 ], [ 6.595416666666662, 50.40875 ], [ 6.595416666666662, 50.407916666666672 ], [ 6.597916666666663, 50.407916666666672 ], [ 6.597916666666663, 50.407083333333333 ], [ 6.59875, 50.407083333333333 ], [ 6.59875, 50.407916666666672 ], [ 6.604583333333331, 50.407916666666672 ], [ 6.604583333333331, 50.407083333333333 ], [ 6.605416666666663, 50.407083333333333 ], [ 6.605416666666663, 50.40625 ], [ 6.607083333333328, 50.40625 ], [ 6.607083333333328, 50.407083333333333 ], [ 6.607916666666664, 50.407083333333333 ], [ 6.60875, 50.407083333333333 ], [ 6.60875, 50.407916666666672 ], [ 6.60958333333333, 50.407916666666672 ], [ 6.610416666666662, 50.407916666666672 ], [ 6.610416666666662, 50.40875 ], [ 6.612083333333331, 50.40875 ], [ 6.612916666666663, 50.40875 ], [ 6.612916666666663, 50.409583333333337 ], [ 6.61708333333333, 50.409583333333337 ], [ 6.617916666666662, 50.409583333333337 ], [ 6.617916666666662, 50.41041666666667 ], [ 6.61875, 50.41041666666667 ], [ 6.61875, 50.409583333333337 ], [ 6.622083333333329, 50.409583333333337 ], [ 6.622083333333329, 50.407916666666672 ], [ 6.62375, 50.407916666666672 ], [ 6.62375, 50.40625 ], [ 6.627916666666664, 50.40625 ], [ 6.627916666666664, 50.407083333333333 ], [ 6.629583333333329, 50.407083333333333 ], [ 6.630416666666662, 50.407083333333333 ], [ 6.630416666666662, 50.407916666666672 ], [ 6.63375, 50.407916666666672 ], [ 6.634583333333328, 50.407916666666672 ], [ 6.634583333333328, 50.41041666666667 ], [ 6.635416666666664, 50.41041666666667 ], [ 6.635416666666664, 50.41125 ], [ 6.637916666666662, 50.41125 ], [ 6.63875, 50.41125 ], [ 6.63875, 50.412083333333335 ], [ 6.642083333333328, 50.412083333333335 ], [ 6.642916666666661, 50.412083333333335 ], [ 6.642916666666661, 50.412916666666668 ], [ 6.64458333333333, 50.412916666666668 ], [ 6.645416666666662, 50.412916666666668 ], [ 6.645416666666662, 50.41375 ], [ 6.64625, 50.41375 ], [ 6.64625, 50.41458333333334 ], [ 6.647083333333331, 50.41458333333334 ], [ 6.647083333333331, 50.415416666666673 ], [ 6.647916666666664, 50.415416666666673 ], [ 6.647916666666664, 50.41625 ], [ 6.64875, 50.41625 ], [ 6.649583333333329, 50.41625 ], [ 6.649583333333329, 50.417083333333338 ] ] ] } },
{ "type": "Feature", "properties": { "COMID": 23013378, "unitarea": 29.732940838539928 }, "geometry": { "type": "Polygon", "coordinates": [ [ [ 6.69458333333333, 50.462916666666672 ], [ 6.697916666666664, 50.462916666666672 ], [ 6.697916666666664, 50.462083333333339 ], [ 6.69875, 50.462083333333339 ], [ 6.69875, 50.46125 ], [ 6.699583333333329, 50.46125 ], [ 6.699583333333329, 50.457916666666669 ], [ 6.70125, 50.457916666666669 ], [ 6.70125, 50.457083333333337 ], [ 6.702916666666663, 50.457083333333337 ], [ 6.702916666666663, 50.45625 ], [ 6.70375, 50.45625 ], [ 6.70375, 50.45375 ], [ 6.702916666666663, 50.45375 ], [ 6.702083333333331, 50.45375 ], [ 6.702083333333331, 50.45125 ], [ 6.70375, 50.45125 ], [ 6.70375, 50.449583333333337 ], [ 6.704583333333328, 50.449583333333337 ], [ 6.704583333333328, 50.44875 ], [ 6.705416666666661, 50.44875 ], [ 6.705416666666661, 50.447083333333339 ], [ 6.704583333333328, 50.447083333333339 ], [ 6.702083333333331, 50.447083333333339 ], [ 6.702083333333331, 50.44625 ], [ 6.70125, 50.44625 ], [ 6.70125, 50.445416666666674 ], [ 6.700416666666662, 50.445416666666674 ], [ 6.699583333333329, 50.445416666666674 ], [ 6.699583333333329, 50.442916666666669 ], [ 6.69875, 50.442916666666669 ], [ 6.69875, 50.442083333333336 ], [ 6.697916666666664, 50.442083333333336 ], [ 6.697916666666664, 50.44125 ], [ 6.697083333333328, 50.44125 ], [ 6.69625, 50.44125 ], [ 6.69625, 50.440416666666671 ], [ 6.695416666666663, 50.440416666666671 ], [ 6.695416666666663, 50.439583333333339 ], [ 6.69458333333333, 50.439583333333339 ], [ 6.69375, 50.439583333333339 ], [ 6.69375, 50.437916666666666 ], [ 6.69458333333333, 50.437916666666666 ], [ 6.69458333333333, 50.437083333333334 ], [ 6.69625, 50.437083333333334 ], [ 6.69625, 50.43625 ], [ 6.699583333333329, 50.43625 ], [ 6.699583333333329, 50.435416666666669 ], [ 6.700416666666662, 50.435416666666669 ], [ 6.700416666666662, 50.43375 ], [ 6.70125, 50.43375 ], [ 6.70125, 50.432083333333338 ], [ 6.70375, 50.432083333333338 ], [ 6.70375, 50.43125 ], [ 6.704583333333328, 50.43125 ], [ 6.704583333333328, 50.430416666666673 ], [ 6.70708333333333, 50.430416666666673 ], [ 6.70708333333333, 50.429583333333341 ], [ 6.707916666666662, 50.429583333333341 ], [ 6.707916666666662, 50.42625 ], [ 6.709583333333331, 50.42625 ], [ 6.709583333333331, 50.42375 ], [ 6.70875, 50.42375 ], [ 6.70875, 50.422916666666666 ], [ 6.707916666666662, 50.422916666666666 ], [ 6.707916666666662, 50.42125 ], [ 6.70708333333333, 50.42125 ], [ 6.70708333333333, 50.420416666666668 ], [ 6.70625, 50.420416666666668 ], [ 6.70625, 50.419583333333335 ], [ 6.705416666666661, 50.419583333333335 ], [ 6.704583333333328, 50.419583333333335 ], [ 6.704583333333328, 50.41875 ], [ 6.70375, 50.41875 ], [ 6.702083333333331, 50.41875 ], [ 6.702083333333331, 50.41791666666667 ], [ 6.70125, 50.41791666666667 ], [ 6.700416666666662, 50.41791666666667 ], [ 6.700416666666662, 50.417083333333338 ], [ 6.699583333333329, 50.417083333333338 ], [ 6.699583333333329, 50.41625 ], [ 6.69875, 50.41625 ], [ 6.69875, 50.415416666666673 ], [ 6.697916666666664, 50.415416666666673 ], [ 6.697916666666664, 50.41458333333334 ], [ 6.697083333333328, 50.41458333333334 ], [ 6.69625, 50.41458333333334 ], [ 6.69625, 50.41375 ], [ 6.695416666666663, 50.41375 ], [ 6.69458333333333, 50.41375 ], [ 6.69458333333333, 50.412916666666668 ], [ 6.69375, 50.412916666666668 ], [ 6.69375, 50.41125 ], [ 6.692916666666662, 50.41125 ], [ 6.692916666666662, 50.41041666666667 ], [ 6.692083333333329, 50.41041666666667 ], [ 6.692083333333329, 50.409583333333337 ], [ 6.69125, 50.409583333333337 ], [ 6.69125, 50.40875 ], [ 6.690416666666664, 50.40875 ], [ 6.690416666666664, 50.407916666666672 ], [ 6.689583333333328, 50.407916666666672 ], [ 6.689583333333328, 50.407083333333333 ], [ 6.68875, 50.407083333333333 ], [ 6.68875, 50.407916666666672 ], [ 6.687916666666663, 50.407916666666672 ], [ 6.687916666666663, 50.407083333333333 ], [ 6.68625, 50.407083333333333 ], [ 6.68625, 50.407916666666672 ], [ 6.682916666666664, 50.407916666666672 ], [ 6.682916666666664, 50.40875 ], [ 6.68125, 50.40875 ], [ 6.68125, 50.409583333333337 ], [ 6.67958333333333, 50.409583333333337 ], [ 6.67958333333333, 50.41041666666667 ], [ 6.67875, 50.41041666666667 ], [ 6.67875, 50.41125 ], [ 6.677916666666661, 50.41125 ], [ 6.677916666666661, 50.412083333333335 ], [ 6.675416666666663, 50.412083333333335 ], [ 6.675416666666663, 50.412916666666668 ], [ 6.674583333333331, 50.412916666666668 ], [ 6.674583333333331, 50.41375 ], [ 6.67125, 50.41375 ], [ 6.67125, 50.41458333333334 ], [ 6.670416666666664, 50.41458333333334 ], [ 6.670416666666664, 50.415416666666673 ], [ 6.665416666666662, 50.415416666666673 ], [ 6.665416666666662, 50.41625 ], [ 6.65625, 50.41625 ], [ 6.65625, 50.417083333333338 ], [ 6.649583333333329, 50.417083333333338 ], [ 6.649583333333329, 50.41625 ], [ 6.64875, 50.41625 ], [ 6.647916666666664, 50.41625 ], [ 6.647916666666664, 50.415416666666673 ], [ 6.647083333333331, 50.415416666666673 ], [ 6.647083333333331, 50.41458333333334 ], [ 6.64625, 50.41458333333334 ], [ 6.64625, 50.41375 ], [ 6.645416666666662, 50.41375 ], [ 6.645416666666662, 50.412916666666668 ], [ 6.64458333333333, 50.412916666666668 ], [ 6.642916666666661, 50.412916666666668 ], [ 6.642916666666661, 50.412083333333335 ], [ 6.642083333333328, 50.412083333333335 ], [ 6.63875, 50.412083333333335 ], [ 6.63875, 50.41125 ], [ 6.637916666666662, 50.41125 ], [ 6.635416666666664, 50.41125 ], [ 6.635416666666664, 50.41041666666667 ], [ 6.634583333333328, 50.41041666666667 ], [ 6.634583333333328, 50.407916666666672 ], [ 6.63375, 50.407916666666672 ], [ 6.630416666666662, 50.407916666666672 ], [ 6.630416666666662, 50.407083333333333 ], [ 6.629583333333329, 50.407083333333333 ], [ 6.627916666666664, 50.407083333333333 ], [ 6.627916666666664, 50.40625 ], [ 6.62375, 50.40625 ], [ 6.62375, 50.407916666666672 ], [ 6.622083333333329, 50.407916666666672 ], [ 6.622083333333329, 50.409583333333337 ], [ 6.61875, 50.409583333333337 ], [ 6.61875, 50.41041666666667 ], [ 6.617916666666662, 50.41041666666667 ], [ 6.617916666666662, 50.409583333333337 ], [ 6.61708333333333, 50.409583333333337 ], [ 6.612916666666663, 50.409583333333337 ], [ 6.612916666666663, 50.40875 ], [ 6.612083333333331, 50.40875 ], [ 6.610416666666662, 50.40875 ], [ 6.610416666666662, 50.407916666666672 ], [ 6.60958333333333, 50.407916666666672 ], [ 6.60875, 50.407916666666672 ], [ 6.60875, 50.407083333333333 ], [ 6.607916666666664, 50.407083333333333 ], [ 6.607083333333328, 50.407083333333333 ], [ 6.607083333333328, 50.40625 ], [ 6.605416666666663, 50.40625 ], [ 6.605416666666663, 50.407083333333333 ], [ 6.604583333333331, 50.407083333333333 ], [ 6.604583333333331, 50.407916666666672 ], [ 6.59875, 50.407916666666672 ], [ 6.59875, 50.407083333333333 ], [ 6.597916666666663, 50.407083333333333 ], [ 6.597916666666663, 50.407916666666672 ], [ 6.595416666666662, 50.407916666666672 ], [ 6.595416666666662, 50.40875 ], [ 6.594583333333329, 50.40875 ], [ 6.594583333333329, 50.409583333333337 ], [ 6.59375, 50.409583333333337 ], [ 6.59375, 50.41041666666667 ], [ 6.58875, 50.41041666666667 ], [ 6.58875, 50.41125 ], [ 6.587916666666661, 50.41125 ], [ 6.587916666666661, 50.41625 ], [ 6.585416666666664, 50.41625 ], [ 6.585416666666664, 50.417083333333338 ], [ 6.58625, 50.417083333333338 ], [ 6.587083333333329, 50.417083333333338 ], [ 6.587083333333329, 50.41875 ], [ 6.58875, 50.41875 ], [ 6.58958333333333, 50.41875 ], [ 6.58958333333333, 50.419583333333335 ], [ 6.59375, 50.419583333333335 ], [ 6.594583333333329, 50.419583333333335 ], [ 6.594583333333329, 50.420416666666668 ], [ 6.595416666666662, 50.420416666666668 ], [ 6.595416666666662, 50.42125 ], [ 6.59625, 50.42125 ], [ 6.59625, 50.422083333333333 ], [ 6.59708333333333, 50.422083333333333 ], [ 6.597916666666663, 50.422083333333333 ], [ 6.597916666666663, 50.422916666666666 ], [ 6.59875, 50.422916666666666 ], [ 6.59875, 50.42375 ], [ 6.599583333333328, 50.42375 ], [ 6.599583333333328, 50.424583333333338 ], [ 6.600416666666664, 50.424583333333338 ], [ 6.600416666666664, 50.425416666666671 ], [ 6.60125, 50.425416666666671 ], [ 6.602083333333329, 50.425416666666671 ], [ 6.602083333333329, 50.42625 ], [ 6.602916666666662, 50.42625 ], [ 6.60375, 50.42625 ], [ 6.60375, 50.427083333333336 ], [ 6.604583333333331, 50.427083333333336 ], [ 6.605416666666663, 50.427083333333336 ], [ 6.605416666666663, 50.427916666666668 ], [ 6.60625, 50.427916666666668 ], [ 6.607083333333328, 50.427916666666668 ], [ 6.607083333333328, 50.42875 ], [ 6.60875, 50.42875 ], [ 6.60958333333333, 50.42875 ], [ 6.60958333333333, 50.429583333333341 ], [ 6.610416666666662, 50.429583333333341 ], [ 6.610416666666662, 50.430416666666673 ], [ 6.61125, 50.430416666666673 ], [ 6.61125, 50.43125 ], [ 6.612083333333331, 50.43125 ], [ 6.612083333333331, 50.432083333333338 ], [ 6.612916666666663, 50.432083333333338 ], [ 6.612916666666663, 50.432916666666671 ], [ 6.614583333333329, 50.432916666666671 ], [ 6.615416666666661, 50.432916666666671 ], [ 6.615416666666661, 50.43375 ], [ 6.61625, 50.43375 ], [ 6.61625, 50.432916666666671 ], [ 6.619583333333331, 50.432916666666671 ], [ 6.619583333333331, 50.43375 ], [ 6.620416666666664, 50.43375 ], [ 6.620416666666664, 50.434583333333336 ], [ 6.622083333333329, 50.434583333333336 ], [ 6.622083333333329, 50.43375 ], [ 6.625416666666663, 50.43375 ], [ 6.625416666666663, 50.434583333333336 ], [ 6.62625, 50.434583333333336 ], [ 6.62625, 50.435416666666669 ], [ 6.627083333333328, 50.435416666666669 ], [ 6.627083333333328, 50.43625 ], [ 6.627916666666664, 50.43625 ], [ 6.62875, 50.43625 ], [ 6.62875, 50.437083333333334 ], [ 6.629583333333329, 50.437083333333334 ], [ 6.629583333333329, 50.437916666666666 ], [ 6.630416666666662, 50.437916666666666 ], [ 6.630416666666662, 50.43875 ], [ 6.63125, 50.43875 ], [ 6.63125, 50.439583333333339 ], [ 6.630416666666662, 50.439583333333339 ], [ 6.630416666666662, 50.440416666666671 ], [ 6.63125, 50.440416666666671 ], [ 6.63125, 50.44125 ], [ 6.63208333333333, 50.44125 ], [ 6.63208333333333, 50.442083333333336 ], [ 6.632916666666663, 50.442083333333336 ], [ 6.632916666666663, 50.442916666666669 ], [ 6.63375, 50.442916666666669 ], [ 6.63375, 50.444583333333334 ], [ 6.634583333333328, 50.444583333333334 ], [ 6.634583333333328, 50.44625 ], [ 6.637083333333329, 50.44625 ], [ 6.637916666666662, 50.44625 ], [ 6.637916666666662, 50.447083333333339 ], [ 6.639583333333331, 50.447083333333339 ], [ 6.640416666666663, 50.447083333333339 ], [ 6.640416666666663, 50.447916666666671 ], [ 6.642916666666661, 50.447916666666671 ], [ 6.64375, 50.447916666666671 ], [ 6.64375, 50.44875 ], [ 6.645416666666662, 50.44875 ], [ 6.64625, 50.44875 ], [ 6.64625, 50.449583333333337 ], [ 6.650416666666661, 50.449583333333337 ], [ 6.65125, 50.449583333333337 ], [ 6.65125, 50.450416666666669 ], [ 6.65208333333333, 50.450416666666669 ], [ 6.652916666666663, 50.450416666666669 ], [ 6.652916666666663, 50.45125 ], [ 6.65375, 50.45125 ], [ 6.654583333333328, 50.45125 ], [ 6.654583333333328, 50.452083333333334 ], [ 6.655416666666664, 50.452083333333334 ], [ 6.655416666666664, 50.45125 ], [ 6.65625, 50.45125 ], [ 6.65625, 50.452083333333334 ], [ 6.657083333333329, 50.452083333333334 ], [ 6.657916666666662, 50.452083333333334 ], [ 6.657916666666662, 50.45375 ], [ 6.657083333333329, 50.45375 ], [ 6.657083333333329, 50.454583333333339 ], [ 6.657916666666662, 50.454583333333339 ], [ 6.657916666666662, 50.455416666666672 ], [ 6.65875, 50.455416666666672 ], [ 6.65875, 50.45625 ], [ 6.65958333333333, 50.45625 ], [ 6.65958333333333, 50.457083333333337 ], [ 6.660416666666663, 50.457083333333337 ], [ 6.660416666666663, 50.45625 ], [ 6.66125, 50.45625 ], [ 6.66125, 50.454583333333339 ], [ 6.664583333333329, 50.454583333333339 ], [ 6.664583333333329, 50.452916666666667 ], [ 6.665416666666662, 50.452916666666667 ], [ 6.665416666666662, 50.45125 ], [ 6.66625, 50.45125 ], [ 6.66625, 50.450416666666669 ], [ 6.667083333333331, 50.450416666666669 ], [ 6.667083333333331, 50.449583333333337 ], [ 6.669583333333328, 50.449583333333337 ], [ 6.669583333333328, 50.450416666666669 ], [ 6.670416666666664, 50.450416666666669 ], [ 6.670416666666664, 50.45125 ], [ 6.67125, 50.45125 ], [ 6.67125, 50.452083333333334 ], [ 6.67208333333333, 50.452083333333334 ], [ 6.67208333333333, 50.452916666666667 ], [ 6.672916666666662, 50.452916666666667 ], [ 6.67375, 50.452916666666667 ], [ 6.67375, 50.45375 ], [ 6.674583333333331, 50.45375 ], [ 6.675416666666663, 50.45375 ], [ 6.675416666666663, 50.454583333333339 ], [ 6.67958333333333, 50.454583333333339 ], [ 6.680416666666662, 50.454583333333339 ], [ 6.680416666666662, 50.455416666666672 ], [ 6.68125, 50.455416666666672 ], [ 6.68125, 50.45625 ], [ 6.682083333333331, 50.45625 ], [ 6.682916666666664, 50.45625 ], [ 6.682916666666664, 50.457083333333337 ], [ 6.684583333333329, 50.457083333333337 ], [ 6.685416666666661, 50.457083333333337 ], [ 6.685416666666661, 50.457916666666669 ], [ 6.68875, 50.457916666666669 ], [ 6.689583333333328, 50.457916666666669 ], [ 6.689583333333328, 50.45875 ], [ 6.690416666666664, 50.45875 ], [ 6.69125, 50.45875 ], [ 6.69125, 50.459583333333335 ], [ 6.692083333333329, 50.459583333333335 ], [ 6.692083333333329, 50.462083333333339 ], [ 6.69375, 50.462083333333339 ], [ 6.69458333333333, 50.462083333333339 ], [ 6.69458333333333, 50.462916666666672 ] ] ] } },
{ "type": "Feature", "properties": { "COMID": 23012638, "unitarea": 49.451010854442437 }, "geometry": { "type": "Polygon", "coordinates": [ [ [ 6.785416666666663, 50.452083333333334 ], [ 6.787916666666664, 50.452083333333334 ], [ 6.787916666666664, 50.45125 ], [ 6.790416666666662, 50.45125 ], [ 6.790416666666662, 50.450416666666669 ], [ 6.79125, 50.450416666666669 ], [ 6.79125, 50.44875 ], [ 6.792916666666663, 50.44875 ], [ 6.792916666666663, 50.447916666666671 ], [ 6.794583333333328, 50.447916666666671 ], [ 6.794583333333328, 50.447083333333339 ], [ 6.795416666666664, 50.447083333333339 ], [ 6.795416666666664, 50.445416666666674 ], [ 6.79625, 50.445416666666674 ], [ 6.79625, 50.444583333333334 ], [ 6.80125, 50.444583333333334 ], [ 6.80125, 50.445416666666674 ], [ 6.802916666666661, 50.445416666666674 ], [ 6.80375, 50.445416666666674 ], [ 6.80375, 50.44625 ], [ 6.807083333333331, 50.44625 ], [ 6.807083333333331, 50.445416666666674 ], [ 6.81375, 50.445416666666674 ], [ 6.81375, 50.44625 ], [ 6.814583333333328, 50.44625 ], [ 6.815416666666664, 50.44625 ], [ 6.815416666666664, 50.447083333333339 ], [ 6.81625, 50.447083333333339 ], [ 6.81625, 50.44625 ], [ 6.817916666666662, 50.44625 ], [ 6.817916666666662, 50.445416666666674 ], [ 6.827083333333331, 50.445416666666674 ], [ 6.827083333333331, 50.44625 ], [ 6.832916666666662, 50.44625 ], [ 6.832916666666662, 50.445416666666674 ], [ 6.834583333333331, 50.445416666666674 ], [ 6.834583333333331, 50.44625 ], [ 6.840416666666663, 50.44625 ], [ 6.84125, 50.44625 ], [ 6.84125, 50.447083333333339 ], [ 6.850416666666664, 50.447083333333339 ], [ 6.85125, 50.447083333333339 ], [ 6.85125, 50.447916666666671 ], [ 6.85375, 50.447916666666671 ], [ 6.854583333333331, 50.447916666666671 ], [ 6.854583333333331, 50.44875 ], [ 6.857916666666664, 50.44875 ], [ 6.85875, 50.44875 ], [ 6.85875, 50.449583333333337 ], [ 6.860416666666662, 50.449583333333337 ], [ 6.86125, 50.449583333333337 ], [ 6.86125, 50.450416666666669 ], [ 6.862083333333331, 50.450416666666669 ], [ 6.862083333333331, 50.449583333333337 ], [ 6.864583333333329, 50.449583333333337 ], [ 6.864583333333329, 50.44875 ], [ 6.86625, 50.44875 ], [ 6.86625, 50.447916666666671 ], [ 6.86875, 50.447916666666671 ], [ 6.86875, 50.447083333333339 ], [ 6.870416666666664, 50.447083333333339 ], [ 6.870416666666664, 50.44625 ], [ 6.87125, 50.44625 ], [ 6.87125, 50.445416666666674 ], [ 6.872083333333329, 50.445416666666674 ], [ 6.872083333333329, 50.444583333333334 ], [ 6.872916666666661, 50.444583333333334 ], [ 6.872916666666661, 50.445416666666674 ], [ 6.87375, 50.445416666666674 ], [ 6.87458333333333, 50.445416666666674 ], [ 6.87458333333333, 50.44625 ], [ 6.875416666666663, 50.44625 ], [ 6.875416666666663, 50.445416666666674 ], [ 6.87625, 50.445416666666674 ], [ 6.87625, 50.44625 ], [ 6.877083333333328, 50.44625 ], [ 6.877083333333328, 50.445416666666674 ], [ 6.877916666666664, 50.445416666666674 ], [ 6.877916666666664, 50.444583333333334 ], [ 6.87875, 50.444583333333334 ], [ 6.87875, 50.442083333333336 ], [ 6.879583333333329, 50.442083333333336 ], [ 6.879583333333329, 50.44125 ], [ 6.880416666666662, 50.44125 ], [ 6.880416666666662, 50.440416666666671 ], [ 6.88125, 50.440416666666671 ], [ 6.88125, 50.439583333333339 ], [ 6.880416666666662, 50.439583333333339 ], [ 6.879583333333329, 50.439583333333339 ], [ 6.879583333333329, 50.43875 ], [ 6.87875, 50.43875 ], [ 6.87875, 50.437916666666666 ], [ 6.877916666666664, 50.437916666666666 ], [ 6.87625, 50.437916666666666 ], [ 6.87625, 50.437083333333334 ], [ 6.875416666666663, 50.437083333333334 ], [ 6.87375, 50.437083333333334 ], [ 6.87375, 50.43375 ], [ 6.872916666666661, 50.43375 ], [ 6.872916666666661, 50.432916666666671 ], [ 6.87375, 50.432916666666671 ], [ 6.87375, 50.432083333333338 ], [ 6.875416666666663, 50.432083333333338 ], [ 6.875416666666663, 50.43125 ], [ 6.87625, 50.43125 ], [ 6.87625, 50.430416666666673 ], [ 6.877083333333328, 50.430416666666673 ], [ 6.877083333333328, 50.429583333333341 ], [ 6.877916666666664, 50.429583333333341 ], [ 6.877916666666664, 50.42875 ], [ 6.87875, 50.42875 ], [ 6.87875, 50.427916666666668 ], [ 6.879583333333329, 50.427916666666668 ], [ 6.879583333333329, 50.427083333333336 ], [ 6.880416666666662, 50.427083333333336 ], [ 6.880416666666662, 50.425416666666671 ], [ 6.88125, 50.425416666666671 ], [ 6.88125, 50.422916666666666 ], [ 6.88208333333333, 50.422916666666666 ], [ 6.88208333333333, 50.422083333333333 ], [ 6.88125, 50.422083333333333 ], [ 6.88125, 50.42125 ], [ 6.88208333333333, 50.42125 ], [ 6.88208333333333, 50.420416666666668 ], [ 6.88375, 50.420416666666668 ], [ 6.88375, 50.419583333333335 ], [ 6.882916666666663, 50.419583333333335 ], [ 6.882916666666663, 50.41875 ], [ 6.88208333333333, 50.41875 ], [ 6.88208333333333, 50.417083333333338 ], [ 6.88125, 50.417083333333338 ], [ 6.88125, 50.41625 ], [ 6.880416666666662, 50.41625 ], [ 6.879583333333329, 50.41625 ], [ 6.879583333333329, 50.415416666666673 ], [ 6.880416666666662, 50.415416666666673 ], [ 6.880416666666662, 50.41041666666667 ], [ 6.88125, 50.41041666666667 ], [ 6.88125, 50.40625 ], [ 6.88208333333333, 50.40625 ], [ 6.88208333333333, 50.405416666666667 ], [ 6.882916666666663, 50.405416666666667 ], [ 6.882916666666663, 50.404583333333335 ], [ 6.88208333333333, 50.404583333333335 ], [ 6.88208333333333, 50.40291666666667 ], [ 6.88125, 50.40291666666667 ], [ 6.88125, 50.40125 ], [ 6.880416666666662, 50.40125 ], [ 6.87625, 50.40125 ], [ 6.87625, 50.400416666666672 ], [ 6.875416666666663, 50.400416666666672 ], [ 6.87458333333333, 50.400416666666672 ], [ 6.87458333333333, 50.399583333333339 ], [ 6.87375, 50.399583333333339 ], [ 6.869583333333331, 50.399583333333339 ], [ 6.869583333333331, 50.39875 ], [ 6.86875, 50.39875 ], [ 6.86625, 50.39875 ], [ 6.86625, 50.397916666666674 ], [ 6.865416666666661, 50.397916666666674 ], [ 6.86375, 50.397916666666674 ], [ 6.86375, 50.397083333333335 ], [ 6.862916666666663, 50.397083333333335 ], [ 6.862916666666663, 50.39625 ], [ 6.857083333333328, 50.39625 ], [ 6.857083333333328, 50.397083333333335 ], [ 6.85625, 50.397083333333335 ], [ 6.85625, 50.39625 ], [ 6.855416666666663, 50.39625 ], [ 6.85375, 50.39625 ], [ 6.85375, 50.395416666666669 ], [ 6.852916666666662, 50.395416666666669 ], [ 6.852916666666662, 50.394583333333337 ], [ 6.852083333333329, 50.394583333333337 ], [ 6.852083333333329, 50.39375 ], [ 6.852916666666662, 50.39375 ], [ 6.852916666666662, 50.39125 ], [ 6.852083333333329, 50.39125 ], [ 6.852083333333329, 50.389583333333334 ], [ 6.85125, 50.389583333333334 ], [ 6.85125, 50.38875 ], [ 6.850416666666664, 50.38875 ], [ 6.850416666666664, 50.387916666666669 ], [ 6.849583333333328, 50.387916666666669 ], [ 6.849583333333328, 50.387083333333337 ], [ 6.84875, 50.387083333333337 ], [ 6.84375, 50.387083333333337 ], [ 6.84375, 50.38625 ], [ 6.842916666666664, 50.38625 ], [ 6.842916666666664, 50.385416666666671 ], [ 6.842083333333328, 50.385416666666671 ], [ 6.842083333333328, 50.384583333333339 ], [ 6.837916666666661, 50.384583333333339 ], [ 6.837916666666661, 50.385416666666671 ], [ 6.837083333333329, 50.385416666666671 ], [ 6.837083333333329, 50.38625 ], [ 6.83625, 50.38625 ], [ 6.83625, 50.387083333333337 ], [ 6.82875, 50.387083333333337 ], [ 6.82875, 50.38625 ], [ 6.827916666666663, 50.38625 ], [ 6.827916666666663, 50.385416666666671 ], [ 6.82875, 50.385416666666671 ], [ 6.82875, 50.38375 ], [ 6.827916666666663, 50.38375 ], [ 6.827916666666663, 50.384583333333339 ], [ 6.827083333333331, 50.384583333333339 ], [ 6.827083333333331, 50.385416666666671 ], [ 6.82625, 50.385416666666671 ], [ 6.82625, 50.38625 ], [ 6.824583333333329, 50.38625 ], [ 6.824583333333329, 50.387083333333337 ], [ 6.82375, 50.387083333333337 ], [ 6.82375, 50.387916666666669 ], [ 6.822916666666664, 50.387916666666669 ], [ 6.822916666666664, 50.38875 ], [ 6.822083333333328, 50.38875 ], [ 6.822083333333328, 50.392083333333339 ], [ 6.82125, 50.392083333333339 ], [ 6.82125, 50.392916666666672 ], [ 6.820416666666663, 50.392916666666672 ], [ 6.820416666666663, 50.39375 ], [ 6.81958333333333, 50.39375 ], [ 6.81958333333333, 50.394583333333337 ], [ 6.81875, 50.394583333333337 ], [ 6.81875, 50.395416666666669 ], [ 6.809583333333329, 50.395416666666669 ], [ 6.809583333333329, 50.394583333333337 ], [ 6.80875, 50.394583333333337 ], [ 6.80875, 50.395416666666669 ], [ 6.79625, 50.395416666666669 ], [ 6.79625, 50.394583333333337 ], [ 6.795416666666664, 50.394583333333337 ], [ 6.795416666666664, 50.395416666666669 ], [ 6.794583333333328, 50.395416666666669 ], [ 6.794583333333328, 50.39625 ], [ 6.792916666666663, 50.39625 ], [ 6.792916666666663, 50.397083333333335 ], [ 6.790416666666662, 50.397083333333335 ], [ 6.790416666666662, 50.397916666666674 ], [ 6.78875, 50.397916666666674 ], [ 6.78875, 50.39875 ], [ 6.787916666666664, 50.39875 ], [ 6.787916666666664, 50.399583333333339 ], [ 6.787083333333328, 50.399583333333339 ], [ 6.787083333333328, 50.400416666666672 ], [ 6.78625, 50.400416666666672 ], [ 6.78625, 50.40125 ], [ 6.785416666666663, 50.40125 ], [ 6.785416666666663, 50.402083333333337 ], [ 6.777916666666663, 50.402083333333337 ], [ 6.777916666666663, 50.40291666666667 ], [ 6.77875, 50.40291666666667 ], [ 6.779583333333328, 50.40291666666667 ], [ 6.779583333333328, 50.407083333333333 ], [ 6.77875, 50.407083333333333 ], [ 6.77875, 50.409583333333337 ], [ 6.779583333333328, 50.409583333333337 ], [ 6.779583333333328, 50.41041666666667 ], [ 6.780416666666664, 50.41041666666667 ], [ 6.780416666666664, 50.41125 ], [ 6.78125, 50.41125 ], [ 6.78125, 50.412083333333335 ], [ 6.782083333333329, 50.412083333333335 ], [ 6.782083333333329, 50.412916666666668 ], [ 6.78375, 50.412916666666668 ], [ 6.78458333333333, 50.412916666666668 ], [ 6.78458333333333, 50.41458333333334 ], [ 6.78375, 50.41458333333334 ], [ 6.78375, 50.41625 ], [ 6.782916666666662, 50.41625 ], [ 6.782916666666662, 50.417083333333338 ], [ 6.78125, 50.417083333333338 ], [ 6.78125, 50.41791666666667 ], [ 6.779583333333328, 50.41791666666667 ], [ 6.779583333333328, 50.419583333333335 ], [ 6.77708333333333, 50.419583333333335 ], [ 6.77708333333333, 50.420416666666668 ], [ 6.77125, 50.420416666666668 ], [ 6.77125, 50.419583333333335 ], [ 6.770416666666662, 50.419583333333335 ], [ 6.770416666666662, 50.41791666666667 ], [ 6.76958333333333, 50.41791666666667 ], [ 6.76625, 50.41791666666667 ], [ 6.76625, 50.41875 ], [ 6.765416666666663, 50.41875 ], [ 6.765416666666663, 50.41791666666667 ], [ 6.76375, 50.41791666666667 ], [ 6.76375, 50.41875 ], [ 6.762916666666662, 50.41875 ], [ 6.762916666666662, 50.419583333333335 ], [ 6.762083333333329, 50.419583333333335 ], [ 6.762083333333329, 50.420416666666668 ], [ 6.76125, 50.420416666666668 ], [ 6.76125, 50.42125 ], [ 6.760416666666664, 50.42125 ], [ 6.760416666666664, 50.422916666666666 ], [ 6.759583333333328, 50.422916666666666 ], [ 6.759583333333328, 50.42375 ], [ 6.754583333333329, 50.42375 ], [ 6.754583333333329, 50.422916666666666 ], [ 6.752916666666664, 50.422916666666666 ], [ 6.752916666666664, 50.42375 ], [ 6.752083333333328, 50.42375 ], [ 6.752083333333328, 50.424583333333338 ], [ 6.75125, 50.424583333333338 ], [ 6.75125, 50.425416666666671 ], [ 6.750416666666663, 50.425416666666671 ], [ 6.750416666666663, 50.42625 ], [ 6.74958333333333, 50.42625 ], [ 6.74958333333333, 50.427083333333336 ], [ 6.74875, 50.427083333333336 ], [ 6.74875, 50.427916666666668 ], [ 6.74625, 50.427916666666668 ], [ 6.74625, 50.42875 ], [ 6.745416666666664, 50.42875 ], [ 6.745416666666664, 50.429583333333341 ], [ 6.744583333333331, 50.429583333333341 ], [ 6.744583333333331, 50.42875 ], [ 6.74208333333333, 50.42875 ], [ 6.74208333333333, 50.429583333333341 ], [ 6.74125, 50.429583333333341 ], [ 6.74125, 50.430416666666673 ], [ 6.740416666666661, 50.430416666666673 ], [ 6.740416666666661, 50.43125 ], [ 6.737083333333331, 50.43125 ], [ 6.737083333333331, 50.432083333333338 ], [ 6.73625, 50.432083333333338 ], [ 6.73625, 50.432916666666671 ], [ 6.73458333333333, 50.432916666666671 ], [ 6.73458333333333, 50.43625 ], [ 6.73375, 50.43625 ], [ 6.73375, 50.437083333333334 ], [ 6.737916666666663, 50.437083333333334 ], [ 6.73875, 50.437083333333334 ], [ 6.73875, 50.437916666666666 ], [ 6.740416666666661, 50.437916666666666 ], [ 6.74125, 50.437916666666666 ], [ 6.74125, 50.43875 ], [ 6.74208333333333, 50.43875 ], [ 6.74208333333333, 50.439583333333339 ], [ 6.742916666666662, 50.439583333333339 ], [ 6.742916666666662, 50.44125 ], [ 6.74375, 50.44125 ], [ 6.744583333333331, 50.44125 ], [ 6.744583333333331, 50.442083333333336 ], [ 6.745416666666664, 50.442083333333336 ], [ 6.745416666666664, 50.442916666666669 ], [ 6.74625, 50.442916666666669 ], [ 6.74625, 50.444583333333334 ], [ 6.75125, 50.444583333333334 ], [ 6.752083333333328, 50.444583333333334 ], [ 6.752083333333328, 50.445416666666674 ], [ 6.75625, 50.445416666666674 ], [ 6.75708333333333, 50.445416666666674 ], [ 6.75708333333333, 50.44625 ], [ 6.757916666666663, 50.44625 ], [ 6.757916666666663, 50.447083333333339 ], [ 6.75875, 50.447083333333339 ], [ 6.75875, 50.44625 ], [ 6.759583333333328, 50.44625 ], [ 6.759583333333328, 50.447083333333339 ], [ 6.760416666666664, 50.447083333333339 ], [ 6.76125, 50.447083333333339 ], [ 6.76125, 50.447916666666671 ], [ 6.762083333333329, 50.447916666666671 ], [ 6.762916666666662, 50.447916666666671 ], [ 6.762916666666662, 50.44875 ], [ 6.76375, 50.44875 ], [ 6.76375, 50.449583333333337 ], [ 6.76625, 50.449583333333337 ], [ 6.76625, 50.44875 ], [ 6.77125, 50.44875 ], [ 6.77125, 50.449583333333337 ], [ 6.77375, 50.449583333333337 ], [ 6.774583333333329, 50.449583333333337 ], [ 6.774583333333329, 50.450416666666669 ], [ 6.77708333333333, 50.450416666666669 ], [ 6.777916666666663, 50.450416666666669 ], [ 6.777916666666663, 50.45125 ], [ 6.78458333333333, 50.45125 ], [ 6.785416666666663, 50.45125 ], [ 6.785416666666663, 50.452083333333334 ] ] ] } },
{ "type": "Feature", "properties": { "COMID": 23013430, "unitarea": 60.771605196363794 }, "geometry": { "type": "Polygon", "coordinates": [ [ [ 6.82625, 50.515416666666667 ], [ 6.827083333333331, 50.515416666666667 ], [ 6.827083333333331, 50.514583333333334 ], [ 6.827916666666663, 50.514583333333334 ], [ 6.827916666666663, 50.51375 ], [ 6.830416666666661, 50.51375 ], [ 6.830416666666661, 50.512916666666669 ], [ 6.83125, 50.512916666666669 ], [ 6.83125, 50.512083333333337 ], [ 6.83208333333333, 50.512083333333337 ], [ 6.83208333333333, 50.51125 ], [ 6.832916666666662, 50.51125 ], [ 6.832916666666662, 50.510416666666671 ], [ 6.834583333333331, 50.510416666666671 ], [ 6.834583333333331, 50.509583333333339 ], [ 6.84125, 50.509583333333339 ], [ 6.84125, 50.50875 ], [ 6.844583333333329, 50.50875 ], [ 6.844583333333329, 50.509583333333339 ], [ 6.84708333333333, 50.509583333333339 ], [ 6.84708333333333, 50.50875 ], [ 6.847916666666663, 50.50875 ], [ 6.847916666666663, 50.507916666666674 ], [ 6.849583333333328, 50.507916666666674 ], [ 6.849583333333328, 50.507083333333334 ], [ 6.850416666666664, 50.507083333333334 ], [ 6.850416666666664, 50.50625 ], [ 6.85125, 50.50625 ], [ 6.85125, 50.505416666666669 ], [ 6.852083333333329, 50.505416666666669 ], [ 6.852083333333329, 50.504583333333336 ], [ 6.85375, 50.504583333333336 ], [ 6.85375, 50.502916666666671 ], [ 6.854583333333331, 50.502916666666671 ], [ 6.854583333333331, 50.502083333333339 ], [ 6.855416666666663, 50.502083333333339 ], [ 6.855416666666663, 50.502916666666671 ], [ 6.857083333333328, 50.502916666666671 ], [ 6.857083333333328, 50.502083333333339 ], [ 6.857916666666664, 50.502083333333339 ], [ 6.857916666666664, 50.50125 ], [ 6.85875, 50.50125 ], [ 6.85875, 50.500416666666666 ], [ 6.862916666666663, 50.500416666666666 ], [ 6.862916666666663, 50.499583333333334 ], [ 6.86375, 50.499583333333334 ], [ 6.86375, 50.49875 ], [ 6.867916666666662, 50.49875 ], [ 6.867916666666662, 50.499583333333334 ], [ 6.870416666666664, 50.499583333333334 ], [ 6.870416666666664, 50.497916666666669 ], [ 6.87125, 50.497916666666669 ], [ 6.87125, 50.497083333333336 ], [ 6.872083333333329, 50.497083333333336 ], [ 6.872083333333329, 50.49625 ], [ 6.875416666666663, 50.49625 ], [ 6.875416666666663, 50.497083333333336 ], [ 6.877916666666664, 50.497083333333336 ], [ 6.877916666666664, 50.49625 ], [ 6.87875, 50.49625 ], [ 6.87875, 50.495416666666671 ], [ 6.879583333333329, 50.495416666666671 ], [ 6.879583333333329, 50.494583333333338 ], [ 6.880416666666662, 50.494583333333338 ], [ 6.880416666666662, 50.492083333333341 ], [ 6.88208333333333, 50.492083333333341 ], [ 6.88208333333333, 50.490416666666668 ], [ 6.88125, 50.490416666666668 ], [ 6.88125, 50.489583333333336 ], [ 6.880416666666662, 50.489583333333336 ], [ 6.880416666666662, 50.48875 ], [ 6.879583333333329, 50.48875 ], [ 6.877916666666664, 50.48875 ], [ 6.877916666666664, 50.487916666666671 ], [ 6.877083333333328, 50.487916666666671 ], [ 6.877083333333328, 50.487083333333338 ], [ 6.877916666666664, 50.487083333333338 ], [ 6.877916666666664, 50.48625 ], [ 6.877083333333328, 50.48625 ], [ 6.877083333333328, 50.484583333333333 ], [ 6.877916666666664, 50.484583333333333 ], [ 6.877916666666664, 50.482916666666668 ], [ 6.87875, 50.482916666666668 ], [ 6.87875, 50.482083333333335 ], [ 6.880416666666662, 50.482083333333335 ], [ 6.880416666666662, 50.48041666666667 ], [ 6.879583333333329, 50.48041666666667 ], [ 6.879583333333329, 50.47875 ], [ 6.87875, 50.47875 ], [ 6.87875, 50.477916666666673 ], [ 6.877916666666664, 50.477916666666673 ], [ 6.877916666666664, 50.47708333333334 ], [ 6.877083333333328, 50.47708333333334 ], [ 6.87458333333333, 50.47708333333334 ], [ 6.87458333333333, 50.47625 ], [ 6.875416666666663, 50.47625 ], [ 6.875416666666663, 50.475416666666668 ], [ 6.87625, 50.475416666666668 ], [ 6.87625, 50.474583333333335 ], [ 6.877083333333328, 50.474583333333335 ], [ 6.877083333333328, 50.47291666666667 ], [ 6.877916666666664, 50.47291666666667 ], [ 6.877916666666664, 50.472083333333337 ], [ 6.885416666666664, 50.472083333333337 ], [ 6.885416666666664, 50.470416666666672 ], [ 6.88625, 50.470416666666672 ], [ 6.88625, 50.469583333333333 ], [ 6.885416666666664, 50.469583333333333 ], [ 6.885416666666664, 50.46875 ], [ 6.88625, 50.46875 ], [ 6.88625, 50.464583333333337 ], [ 6.887083333333329, 50.464583333333337 ], [ 6.887083333333329, 50.462083333333339 ], [ 6.887916666666662, 50.462083333333339 ], [ 6.887916666666662, 50.46125 ], [ 6.887083333333329, 50.46125 ], [ 6.887083333333329, 50.460416666666674 ], [ 6.88625, 50.460416666666674 ], [ 6.88625, 50.45875 ], [ 6.885416666666664, 50.45875 ], [ 6.885416666666664, 50.457916666666669 ], [ 6.884583333333328, 50.457916666666669 ], [ 6.88375, 50.457916666666669 ], [ 6.88375, 50.457083333333337 ], [ 6.882916666666663, 50.457083333333337 ], [ 6.88125, 50.457083333333337 ], [ 6.88125, 50.455416666666672 ], [ 6.880416666666662, 50.455416666666672 ], [ 6.880416666666662, 50.454583333333339 ], [ 6.879583333333329, 50.454583333333339 ], [ 6.879583333333329, 50.450416666666669 ], [ 6.87875, 50.450416666666669 ], [ 6.87875, 50.449583333333337 ], [ 6.877916666666664, 50.449583333333337 ], [ 6.877916666666664, 50.450416666666669 ], [ 6.877083333333328, 50.450416666666669 ], [ 6.877083333333328, 50.449583333333337 ], [ 6.87625, 50.449583333333337 ], [ 6.87625, 50.44875 ], [ 6.875416666666663, 50.44875 ], [ 6.875416666666663, 50.447916666666671 ], [ 6.87458333333333, 50.447916666666671 ], [ 6.87458333333333, 50.447083333333339 ], [ 6.875416666666663, 50.447083333333339 ], [ 6.875416666666663, 50.44625 ], [ 6.87458333333333, 50.44625 ], [ 6.87458333333333, 50.445416666666674 ], [ 6.87375, 50.445416666666674 ], [ 6.872916666666661, 50.445416666666674 ], [ 6.872916666666661, 50.444583333333334 ], [ 6.872083333333329, 50.444583333333334 ], [ 6.872083333333329, 50.445416666666674 ], [ 6.87125, 50.445416666666674 ], [ 6.87125, 50.44625 ], [ 6.870416666666664, 50.44625 ], [ 6.870416666666664, 50.447083333333339 ], [ 6.86875, 50.447083333333339 ], [ 6.86875, 50.447916666666671 ], [ 6.86625, 50.447916666666671 ], [ 6.86625, 50.44875 ], [ 6.864583333333329, 50.44875 ], [ 6.864583333333329, 50.449583333333337 ], [ 6.862083333333331, 50.449583333333337 ], [ 6.862083333333331, 50.450416666666669 ], [ 6.86125, 50.450416666666669 ], [ 6.86125, 50.449583333333337 ], [ 6.860416666666662, 50.449583333333337 ], [ 6.85875, 50.449583333333337 ], [ 6.85875, 50.44875 ], [ 6.857916666666664, 50.44875 ], [ 6.854583333333331, 50.44875 ], [ 6.854583333333331, 50.447916666666671 ], [ 6.85375, 50.447916666666671 ], [ 6.85125, 50.447916666666671 ], [ 6.85125, 50.447083333333339 ], [ 6.850416666666664, 50.447083333333339 ], [ 6.84125, 50.447083333333339 ], [ 6.84125, 50.44625 ], [ 6.840416666666663, 50.44625 ], [ 6.834583333333331, 50.44625 ], [ 6.834583333333331, 50.445416666666674 ], [ 6.832916666666662, 50.445416666666674 ], [ 6.832916666666662, 50.44625 ], [ 6.827083333333331, 50.44625 ], [ 6.827083333333331, 50.445416666666674 ], [ 6.817916666666662, 50.445416666666674 ], [ 6.817916666666662, 50.44625 ], [ 6.81625, 50.44625 ], [ 6.81625, 50.447083333333339 ], [ 6.815416666666664, 50.447083333333339 ], [ 6.815416666666664, 50.44625 ], [ 6.814583333333328, 50.44625 ], [ 6.81375, 50.44625 ], [ 6.81375, 50.445416666666674 ], [ 6.807083333333331, 50.445416666666674 ], [ 6.807083333333331, 50.44625 ], [ 6.80375, 50.44625 ], [ 6.80375, 50.445416666666674 ], [ 6.802916666666661, 50.445416666666674 ], [ 6.80125, 50.445416666666674 ], [ 6.80125, 50.444583333333334 ], [ 6.79625, 50.444583333333334 ], [ 6.79625, 50.445416666666674 ], [ 6.795416666666664, 50.445416666666674 ], [ 6.795416666666664, 50.447083333333339 ], [ 6.794583333333328, 50.447083333333339 ], [ 6.794583333333328, 50.447916666666671 ], [ 6.792916666666663, 50.447916666666671 ], [ 6.792916666666663, 50.44875 ], [ 6.79125, 50.44875 ], [ 6.79125, 50.450416666666669 ], [ 6.790416666666662, 50.450416666666669 ], [ 6.790416666666662, 50.45125 ], [ 6.787916666666664, 50.45125 ], [ 6.787916666666664, 50.452083333333334 ], [ 6.785416666666663, 50.452083333333334 ], [ 6.785416666666663, 50.45125 ], [ 6.78458333333333, 50.45125 ], [ 6.777916666666663, 50.45125 ], [ 6.777916666666663, 50.450416666666669 ], [ 6.77708333333333, 50.450416666666669 ], [ 6.774583333333329, 50.450416666666669 ], [ 6.774583333333329, 50.449583333333337 ], [ 6.77375, 50.449583333333337 ], [ 6.77125, 50.449583333333337 ], [ 6.77125, 50.44875 ], [ 6.76625, 50.44875 ], [ 6.76625, 50.449583333333337 ], [ 6.76375, 50.449583333333337 ], [ 6.76375, 50.44875 ], [ 6.762916666666662, 50.44875 ], [ 6.762916666666662, 50.447916666666671 ], [ 6.762083333333329, 50.447916666666671 ], [ 6.76125, 50.447916666666671 ], [ 6.76125, 50.447083333333339 ], [ 6.760416666666664, 50.447083333333339 ], [ 6.759583333333328, 50.447083333333339 ], [ 6.759583333333328, 50.44625 ], [ 6.75875, 50.44625 ], [ 6.75875, 50.447083333333339 ], [ 6.757916666666663, 50.447083333333339 ], [ 6.757916666666663, 50.44625 ], [ 6.75708333333333, 50.44625 ], [ 6.75708333333333, 50.445416666666674 ], [ 6.75625, 50.445416666666674 ], [ 6.752083333333328, 50.445416666666674 ], [ 6.752083333333328, 50.444583333333334 ], [ 6.75125, 50.444583333333334 ], [ 6.74625, 50.444583333333334 ], [ 6.74625, 50.442916666666669 ], [ 6.745416666666664, 50.442916666666669 ], [ 6.745416666666664, 50.442083333333336 ], [ 6.744583333333331, 50.442083333333336 ], [ 6.744583333333331, 50.44125 ], [ 6.74375, 50.44125 ], [ 6.742916666666662, 50.44125 ], [ 6.742916666666662, 50.439583333333339 ], [ 6.74208333333333, 50.439583333333339 ], [ 6.74208333333333, 50.43875 ], [ 6.74125, 50.43875 ], [ 6.74125, 50.437916666666666 ], [ 6.740416666666661, 50.437916666666666 ], [ 6.73875, 50.437916666666666 ], [ 6.73875, 50.437083333333334 ], [ 6.737916666666663, 50.437083333333334 ], [ 6.73375, 50.437083333333334 ], [ 6.73375, 50.43625 ], [ 6.73125, 50.43625 ], [ 6.73125, 50.437083333333334 ], [ 6.730416666666663, 50.437083333333334 ], [ 6.730416666666663, 50.43625 ], [ 6.727916666666662, 50.43625 ], [ 6.727916666666662, 50.437083333333334 ], [ 6.727083333333329, 50.437083333333334 ], [ 6.727083333333329, 50.439583333333339 ], [ 6.72625, 50.439583333333339 ], [ 6.72625, 50.440416666666671 ], [ 6.725416666666664, 50.440416666666671 ], [ 6.725416666666664, 50.44125 ], [ 6.72375, 50.44125 ], [ 6.72375, 50.442083333333336 ], [ 6.717916666666664, 50.442083333333336 ], [ 6.717916666666664, 50.44125 ], [ 6.71458333333333, 50.44125 ], [ 6.71458333333333, 50.442083333333336 ], [ 6.71375, 50.442083333333336 ], [ 6.71375, 50.442916666666669 ], [ 6.712916666666661, 50.442916666666669 ], [ 6.712916666666661, 50.44375 ], [ 6.712083333333329, 50.44375 ], [ 6.712083333333329, 50.444583333333334 ], [ 6.71125, 50.444583333333334 ], [ 6.71125, 50.445416666666674 ], [ 6.709583333333331, 50.445416666666674 ], [ 6.709583333333331, 50.447916666666671 ], [ 6.705416666666661, 50.447916666666671 ], [ 6.705416666666661, 50.44875 ], [ 6.704583333333328, 50.44875 ], [ 6.704583333333328, 50.449583333333337 ], [ 6.70375, 50.449583333333337 ], [ 6.70375, 50.45125 ], [ 6.702083333333331, 50.45125 ], [ 6.702083333333331, 50.45375 ], [ 6.702916666666663, 50.45375 ], [ 6.70375, 50.45375 ], [ 6.70375, 50.45625 ], [ 6.702916666666663, 50.45625 ], [ 6.702916666666663, 50.457083333333337 ], [ 6.70125, 50.457083333333337 ], [ 6.70125, 50.457916666666669 ], [ 6.699583333333329, 50.457916666666669 ], [ 6.699583333333329, 50.46125 ], [ 6.69875, 50.46125 ], [ 6.69875, 50.462083333333339 ], [ 6.697916666666664, 50.462083333333339 ], [ 6.697916666666664, 50.46375 ], [ 6.69875, 50.46375 ], [ 6.699583333333329, 50.46375 ], [ 6.699583333333329, 50.464583333333337 ], [ 6.700416666666662, 50.464583333333337 ], [ 6.70125, 50.464583333333337 ], [ 6.70125, 50.46541666666667 ], [ 6.702083333333331, 50.46541666666667 ], [ 6.702083333333331, 50.46625 ], [ 6.702916666666663, 50.46625 ], [ 6.702916666666663, 50.46875 ], [ 6.70375, 50.46875 ], [ 6.70375, 50.469583333333333 ], [ 6.702916666666663, 50.469583333333333 ], [ 6.702916666666663, 50.472083333333337 ], [ 6.70375, 50.472083333333337 ], [ 6.704583333333328, 50.472083333333337 ], [ 6.704583333333328, 50.47291666666667 ], [ 6.70625, 50.47291666666667 ], [ 6.70708333333333, 50.47291666666667 ], [ 6.70708333333333, 50.47375 ], [ 6.70875, 50.47375 ], [ 6.709583333333331, 50.47375 ], [ 6.709583333333331, 50.474583333333335 ], [ 6.712916666666661, 50.474583333333335 ], [ 6.712916666666661, 50.47375 ], [ 6.715416666666663, 50.47375 ], [ 6.715416666666663, 50.47291666666667 ], [ 6.717916666666664, 50.47291666666667 ], [ 6.717916666666664, 50.47375 ], [ 6.727083333333329, 50.47375 ], [ 6.727916666666662, 50.47375 ], [ 6.727916666666662, 50.474583333333335 ], [ 6.730416666666663, 50.474583333333335 ], [ 6.730416666666663, 50.47375 ], [ 6.732083333333328, 50.47375 ], [ 6.732083333333328, 50.47291666666667 ], [ 6.73625, 50.47291666666667 ], [ 6.73625, 50.472083333333337 ], [ 6.737916666666663, 50.472083333333337 ], [ 6.737916666666663, 50.47291666666667 ], [ 6.742916666666662, 50.47291666666667 ], [ 6.74375, 50.47291666666667 ], [ 6.74375, 50.47375 ], [ 6.744583333333331, 50.47375 ], [ 6.744583333333331, 50.474583333333335 ], [ 6.745416666666664, 50.474583333333335 ], [ 6.745416666666664, 50.475416666666668 ], [ 6.74625, 50.475416666666668 ], [ 6.74625, 50.47625 ], [ 6.747083333333329, 50.47625 ], [ 6.747083333333329, 50.47708333333334 ], [ 6.750416666666663, 50.47708333333334 ], [ 6.75125, 50.47708333333334 ], [ 6.75125, 50.477916666666673 ], [ 6.755416666666662, 50.477916666666673 ], [ 6.755416666666662, 50.47708333333334 ], [ 6.759583333333328, 50.47708333333334 ], [ 6.759583333333328, 50.47625 ], [ 6.762083333333329, 50.47625 ], [ 6.762083333333329, 50.475416666666668 ], [ 6.762916666666662, 50.475416666666668 ], [ 6.762916666666662, 50.47875 ], [ 6.76375, 50.47875 ], [ 6.764583333333331, 50.47875 ], [ 6.764583333333331, 50.479583333333338 ], [ 6.76625, 50.479583333333338 ], [ 6.767083333333328, 50.479583333333338 ], [ 6.767083333333328, 50.48041666666667 ], [ 6.767916666666661, 50.48041666666667 ], [ 6.76875, 50.48041666666667 ], [ 6.76875, 50.48125 ], [ 6.770416666666662, 50.48125 ], [ 6.770416666666662, 50.48041666666667 ], [ 6.77375, 50.48041666666667 ], [ 6.77375, 50.48125 ], [ 6.77708333333333, 50.48125 ], [ 6.777916666666663, 50.48125 ], [ 6.777916666666663, 50.482083333333335 ], [ 6.780416666666664, 50.482083333333335 ], [ 6.78125, 50.482083333333335 ], [ 6.78125, 50.482916666666668 ], [ 6.782916666666662, 50.482916666666668 ], [ 6.782916666666662, 50.482083333333335 ], [ 6.78625, 50.482083333333335 ], [ 6.78625, 50.482916666666668 ], [ 6.789583333333329, 50.482916666666668 ], [ 6.790416666666662, 50.482916666666668 ], [ 6.790416666666662, 50.484583333333333 ], [ 6.79125, 50.484583333333333 ], [ 6.792083333333331, 50.484583333333333 ], [ 6.792083333333331, 50.485416666666666 ], [ 6.792916666666663, 50.485416666666666 ], [ 6.792916666666663, 50.487916666666671 ], [ 6.79375, 50.487916666666671 ], [ 6.794583333333328, 50.487916666666671 ], [ 6.794583333333328, 50.48875 ], [ 6.79708333333333, 50.48875 ], [ 6.797916666666662, 50.48875 ], [ 6.797916666666662, 50.49125 ], [ 6.800416666666663, 50.49125 ], [ 6.80125, 50.49125 ], [ 6.80125, 50.492083333333341 ], [ 6.802916666666661, 50.492083333333341 ], [ 6.80375, 50.492083333333341 ], [ 6.80375, 50.492916666666673 ], [ 6.80458333333333, 50.492916666666673 ], [ 6.80458333333333, 50.49375 ], [ 6.80875, 50.49375 ], [ 6.809583333333329, 50.49375 ], [ 6.809583333333329, 50.494583333333338 ], [ 6.81125, 50.494583333333338 ], [ 6.81208333333333, 50.494583333333338 ], [ 6.81208333333333, 50.495416666666671 ], [ 6.812916666666663, 50.495416666666671 ], [ 6.81375, 50.495416666666671 ], [ 6.81375, 50.49625 ], [ 6.814583333333328, 50.49625 ], [ 6.814583333333328, 50.497083333333336 ], [ 6.815416666666664, 50.497083333333336 ], [ 6.81625, 50.497083333333336 ], [ 6.81625, 50.497916666666669 ], [ 6.81875, 50.497916666666669 ], [ 6.81958333333333, 50.497916666666669 ], [ 6.81958333333333, 50.500416666666666 ], [ 6.820416666666663, 50.500416666666666 ], [ 6.820416666666663, 50.502083333333339 ], [ 6.82125, 50.502083333333339 ], [ 6.82125, 50.502916666666671 ], [ 6.822083333333328, 50.502916666666671 ], [ 6.822083333333328, 50.504583333333336 ], [ 6.822916666666664, 50.504583333333336 ], [ 6.822916666666664, 50.505416666666669 ], [ 6.82375, 50.505416666666669 ], [ 6.82375, 50.50625 ], [ 6.824583333333329, 50.50625 ], [ 6.824583333333329, 50.507916666666674 ], [ 6.82375, 50.507916666666674 ], [ 6.82375, 50.50875 ], [ 6.822916666666664, 50.50875 ], [ 6.822916666666664, 50.509583333333339 ], [ 6.822083333333328, 50.509583333333339 ], [ 6.822083333333328, 50.51125 ], [ 6.822916666666664, 50.51125 ], [ 6.822916666666664, 50.512083333333337 ], [ 6.82375, 50.512083333333337 ], [ 6.82375, 50.512916666666669 ], [ 6.824583333333329, 50.512916666666669 ], [ 6.824583333333329, 50.51375 ], [ 6.825416666666662, 50.51375 ], [ 6.825416666666662, 50.514583333333334 ], [ 6.82625, 50.514583333333334 ], [ 6.82625, 50.515416666666667 ] ], [ [ 6.762916666666662, 50.475416666666668 ], [ 6.762916666666662, 50.474583333333335 ], [ 6.76375, 50.474583333333335 ], [ 6.76375, 50.475416666666668 ], [ 6.762916666666662, 50.475416666666668 ] ] ] } },
{ "type": "Feature", "properties": { "COMID": 23012526, "unitarea": 6.882179875715118 }, "geometry": { "type": "Polygon", "coordinates": [ [ [ 6.95125, 50.48625 ], [ 6.95708333333333, 50.48625 ], [ 6.95708333333333, 50.485416666666666 ], [ 6.96125, 50.485416666666666 ], [ 6.96125, 50.484583333333333 ], [ 6.96875, 50.484583333333333 ], [ 6.96875, 50.48375 ], [ 6.969583333333329, 50.48375 ], [ 6.969583333333329, 50.484583333333333 ], [ 6.970416666666662, 50.484583333333333 ], [ 6.970416666666662, 50.48375 ], [ 6.97125, 50.48375 ], [ 6.97125, 50.484583333333333 ], [ 6.97208333333333, 50.484583333333333 ], [ 6.97208333333333, 50.48375 ], [ 6.972916666666663, 50.48375 ], [ 6.972916666666663, 50.484583333333333 ], [ 6.97375, 50.484583333333333 ], [ 6.97375, 50.485416666666666 ], [ 6.974583333333328, 50.485416666666666 ], [ 6.974583333333328, 50.484583333333333 ], [ 6.975416666666664, 50.484583333333333 ], [ 6.975416666666664, 50.48375 ], [ 6.97625, 50.48375 ], [ 6.97625, 50.482083333333335 ], [ 6.977083333333329, 50.482083333333335 ], [ 6.977083333333329, 50.48041666666667 ], [ 6.977916666666662, 50.48041666666667 ], [ 6.977916666666662, 50.474583333333335 ], [ 6.977083333333329, 50.474583333333335 ], [ 6.977083333333329, 50.47375 ], [ 6.97625, 50.47375 ], [ 6.975416666666664, 50.47375 ], [ 6.975416666666664, 50.47291666666667 ], [ 6.974583333333328, 50.47291666666667 ], [ 6.974583333333328, 50.472083333333337 ], [ 6.97375, 50.472083333333337 ], [ 6.97375, 50.470416666666672 ], [ 6.972916666666663, 50.470416666666672 ], [ 6.972916666666663, 50.467916666666667 ], [ 6.97208333333333, 50.467916666666667 ], [ 6.97208333333333, 50.467083333333335 ], [ 6.97125, 50.467083333333335 ], [ 6.97125, 50.46625 ], [ 6.970416666666662, 50.46625 ], [ 6.970416666666662, 50.46541666666667 ], [ 6.969583333333329, 50.46541666666667 ], [ 6.969583333333329, 50.464583333333337 ], [ 6.96875, 50.464583333333337 ], [ 6.967916666666664, 50.464583333333337 ], [ 6.967916666666664, 50.46375 ], [ 6.967083333333328, 50.46375 ], [ 6.96625, 50.46375 ], [ 6.96625, 50.46125 ], [ 6.965416666666663, 50.46125 ], [ 6.965416666666663, 50.460416666666674 ], [ 6.96458333333333, 50.460416666666674 ], [ 6.96375, 50.460416666666674 ], [ 6.96375, 50.45875 ], [ 6.962916666666661, 50.45875 ], [ 6.962916666666661, 50.457916666666669 ], [ 6.960416666666664, 50.457916666666669 ], [ 6.960416666666664, 50.45875 ], [ 6.957916666666662, 50.45875 ], [ 6.957916666666662, 50.459583333333335 ], [ 6.95625, 50.459583333333335 ], [ 6.95625, 50.460416666666674 ], [ 6.95375, 50.460416666666674 ], [ 6.95375, 50.46125 ], [ 6.952083333333331, 50.46125 ], [ 6.952083333333331, 50.460416666666674 ], [ 6.95125, 50.460416666666674 ], [ 6.949583333333329, 50.460416666666674 ], [ 6.949583333333329, 50.459583333333335 ], [ 6.94875, 50.459583333333335 ], [ 6.94875, 50.45875 ], [ 6.947083333333328, 50.45875 ], [ 6.947083333333328, 50.459583333333335 ], [ 6.945416666666663, 50.459583333333335 ], [ 6.945416666666663, 50.460416666666674 ], [ 6.94458333333333, 50.460416666666674 ], [ 6.94458333333333, 50.46125 ], [ 6.94375, 50.46125 ], [ 6.94375, 50.462083333333339 ], [ 6.942916666666662, 50.462083333333339 ], [ 6.942916666666662, 50.462916666666672 ], [ 6.942083333333329, 50.462916666666672 ], [ 6.942083333333329, 50.46375 ], [ 6.94125, 50.46375 ], [ 6.94125, 50.464583333333337 ], [ 6.940416666666664, 50.464583333333337 ], [ 6.940416666666664, 50.46541666666667 ], [ 6.939583333333328, 50.46541666666667 ], [ 6.939583333333328, 50.46875 ], [ 6.940416666666664, 50.46875 ], [ 6.940416666666664, 50.472083333333337 ], [ 6.939583333333328, 50.472083333333337 ], [ 6.939583333333328, 50.47375 ], [ 6.93875, 50.47375 ], [ 6.93875, 50.474583333333335 ], [ 6.937916666666663, 50.474583333333335 ], [ 6.937916666666663, 50.475416666666668 ], [ 6.93708333333333, 50.475416666666668 ], [ 6.93708333333333, 50.47708333333334 ], [ 6.937916666666663, 50.47708333333334 ], [ 6.937916666666663, 50.477916666666673 ], [ 6.93708333333333, 50.477916666666673 ], [ 6.93708333333333, 50.47875 ], [ 6.937916666666663, 50.47875 ], [ 6.937916666666663, 50.479583333333338 ], [ 6.93708333333333, 50.479583333333338 ], [ 6.93708333333333, 50.48125 ], [ 6.93625, 50.48125 ], [ 6.93625, 50.48375 ], [ 6.93708333333333, 50.48375 ], [ 6.93708333333333, 50.484583333333333 ], [ 6.937916666666663, 50.484583333333333 ], [ 6.937916666666663, 50.485416666666666 ], [ 6.950416666666662, 50.485416666666666 ], [ 6.95125, 50.485416666666666 ], [ 6.95125, 50.48625 ] ] ] } },
{ "type": "Feature", "properties": { "COMID": 23012782, "unitarea": 22.889391046730729 }, "geometry": { "type": "Polygon", "coordinates": [ [ [ 7.00625, 50.50375 ], [ 7.012916666666662, 50.50375 ], [ 7.012916666666662, 50.502916666666671 ], [ 7.01375, 50.502916666666671 ], [ 7.01375, 50.50375 ], [ 7.017083333333328, 50.50375 ], [ 7.017083333333328, 50.502916666666671 ], [ 7.017916666666661, 50.502916666666671 ], [ 7.017916666666661, 50.502083333333339 ], [ 7.01875, 50.502083333333339 ], [ 7.01875, 50.50125 ], [ 7.020416666666662, 50.50125 ], [ 7.020416666666662, 50.49875 ], [ 7.01958333333333, 50.49875 ], [ 7.01958333333333, 50.497916666666669 ], [ 7.022916666666664, 50.497916666666669 ], [ 7.022916666666664, 50.497083333333336 ], [ 7.025416666666661, 50.497083333333336 ], [ 7.025416666666661, 50.49625 ], [ 7.02625, 50.49625 ], [ 7.02625, 50.495416666666671 ], [ 7.02708333333333, 50.495416666666671 ], [ 7.02708333333333, 50.494583333333338 ], [ 7.027916666666663, 50.494583333333338 ], [ 7.027916666666663, 50.492916666666673 ], [ 7.02875, 50.492916666666673 ], [ 7.02875, 50.490416666666668 ], [ 7.029583333333328, 50.490416666666668 ], [ 7.029583333333328, 50.48875 ], [ 7.030416666666664, 50.48875 ], [ 7.030416666666664, 50.487083333333338 ], [ 7.029583333333328, 50.487083333333338 ], [ 7.029583333333328, 50.48625 ], [ 7.02875, 50.48625 ], [ 7.02875, 50.485416666666666 ], [ 7.027916666666663, 50.485416666666666 ], [ 7.027916666666663, 50.484583333333333 ], [ 7.02708333333333, 50.484583333333333 ], [ 7.02708333333333, 50.48375 ], [ 7.02625, 50.48375 ], [ 7.02625, 50.482916666666668 ], [ 7.025416666666661, 50.482916666666668 ], [ 7.025416666666661, 50.482083333333335 ], [ 7.024583333333329, 50.482083333333335 ], [ 7.02375, 50.482083333333335 ], [ 7.02375, 50.48125 ], [ 7.022916666666664, 50.48125 ], [ 7.01958333333333, 50.48125 ], [ 7.01958333333333, 50.48041666666667 ], [ 7.01875, 50.48041666666667 ], [ 7.01875, 50.479583333333338 ], [ 7.017916666666661, 50.479583333333338 ], [ 7.017916666666661, 50.477916666666673 ], [ 7.017083333333328, 50.477916666666673 ], [ 7.017083333333328, 50.47708333333334 ], [ 7.01375, 50.47708333333334 ], [ 7.01375, 50.477916666666673 ], [ 7.012083333333329, 50.477916666666673 ], [ 7.012083333333329, 50.47875 ], [ 7.010416666666664, 50.47875 ], [ 7.010416666666664, 50.477916666666673 ], [ 7.009583333333328, 50.477916666666673 ], [ 7.009583333333328, 50.47708333333334 ], [ 7.00875, 50.47708333333334 ], [ 7.00875, 50.47625 ], [ 7.007916666666663, 50.47625 ], [ 7.00708333333333, 50.47625 ], [ 7.00708333333333, 50.475416666666668 ], [ 7.00625, 50.475416666666668 ], [ 7.005416666666662, 50.475416666666668 ], [ 7.005416666666662, 50.47291666666667 ], [ 7.00625, 50.47291666666667 ], [ 7.00625, 50.472083333333337 ], [ 7.005416666666662, 50.472083333333337 ], [ 7.005416666666662, 50.47125 ], [ 7.004583333333329, 50.47125 ], [ 7.004583333333329, 50.470416666666672 ], [ 7.00375, 50.470416666666672 ], [ 7.002916666666664, 50.470416666666672 ], [ 7.002916666666664, 50.469583333333333 ], [ 7.002083333333328, 50.469583333333333 ], [ 7.002083333333328, 50.46875 ], [ 7.00125, 50.46875 ], [ 7.00125, 50.46541666666667 ], [ 7.002083333333328, 50.46541666666667 ], [ 7.002083333333328, 50.464583333333337 ], [ 7.00375, 50.464583333333337 ], [ 7.00375, 50.46375 ], [ 7.005416666666662, 50.46375 ], [ 7.005416666666662, 50.462916666666672 ], [ 7.00625, 50.462916666666672 ], [ 7.00625, 50.462083333333339 ], [ 7.00708333333333, 50.462083333333339 ], [ 7.00708333333333, 50.459583333333335 ], [ 7.00625, 50.459583333333335 ], [ 7.00625, 50.45875 ], [ 7.005416666666662, 50.45875 ], [ 7.004583333333329, 50.45875 ], [ 7.004583333333329, 50.457916666666669 ], [ 7.00375, 50.457916666666669 ], [ 7.002916666666664, 50.457916666666669 ], [ 7.002916666666664, 50.457083333333337 ], [ 7.00375, 50.457083333333337 ], [ 7.00375, 50.452916666666667 ], [ 7.004583333333329, 50.452916666666667 ], [ 7.004583333333329, 50.45125 ], [ 7.005416666666662, 50.45125 ], [ 7.005416666666662, 50.44875 ], [ 7.004583333333329, 50.44875 ], [ 7.004583333333329, 50.447916666666671 ], [ 7.00375, 50.447916666666671 ], [ 7.00375, 50.447083333333339 ], [ 7.002916666666664, 50.447083333333339 ], [ 7.002916666666664, 50.44625 ], [ 7.002083333333328, 50.44625 ], [ 7.002083333333328, 50.442916666666669 ], [ 7.00125, 50.442916666666669 ], [ 7.00125, 50.44125 ], [ 7.000416666666663, 50.44125 ], [ 7.000416666666663, 50.440416666666671 ], [ 6.99958333333333, 50.440416666666671 ], [ 6.99875, 50.440416666666671 ], [ 6.99875, 50.439583333333339 ], [ 6.997916666666661, 50.439583333333339 ], [ 6.99625, 50.439583333333339 ], [ 6.99625, 50.43875 ], [ 6.995416666666664, 50.43875 ], [ 6.994583333333331, 50.43875 ], [ 6.994583333333331, 50.437916666666666 ], [ 6.995416666666664, 50.437916666666666 ], [ 6.995416666666664, 50.435416666666669 ], [ 6.994583333333331, 50.435416666666669 ], [ 6.994583333333331, 50.43375 ], [ 6.995416666666664, 50.43375 ], [ 6.995416666666664, 50.432916666666671 ], [ 6.994583333333331, 50.432916666666671 ], [ 6.99375, 50.432916666666671 ], [ 6.99375, 50.432083333333338 ], [ 6.99125, 50.432083333333338 ], [ 6.99125, 50.432916666666671 ], [ 6.98875, 50.432916666666671 ], [ 6.98875, 50.43375 ], [ 6.985416666666662, 50.43375 ], [ 6.985416666666662, 50.432916666666671 ], [ 6.98458333333333, 50.432916666666671 ], [ 6.98458333333333, 50.430416666666673 ], [ 6.98375, 50.430416666666673 ], [ 6.98375, 50.429583333333341 ], [ 6.98458333333333, 50.429583333333341 ], [ 6.98458333333333, 50.42875 ], [ 6.98375, 50.42875 ], [ 6.98375, 50.427916666666668 ], [ 6.982916666666664, 50.427916666666668 ], [ 6.982916666666664, 50.427083333333336 ], [ 6.982083333333328, 50.427083333333336 ], [ 6.98125, 50.427083333333336 ], [ 6.98125, 50.425416666666671 ], [ 6.982083333333328, 50.425416666666671 ], [ 6.982083333333328, 50.42375 ], [ 6.98125, 50.42375 ], [ 6.98125, 50.422083333333333 ], [ 6.980416666666663, 50.422083333333333 ], [ 6.980416666666663, 50.42125 ], [ 6.979583333333331, 50.42125 ], [ 6.979583333333331, 50.420416666666668 ], [ 6.97875, 50.420416666666668 ], [ 6.977916666666662, 50.420416666666668 ], [ 6.977916666666662, 50.419583333333335 ], [ 6.977083333333329, 50.419583333333335 ], [ 6.977083333333329, 50.41875 ], [ 6.97625, 50.41875 ], [ 6.97625, 50.41791666666667 ], [ 6.975416666666664, 50.41791666666667 ], [ 6.97375, 50.41791666666667 ], [ 6.97375, 50.417083333333338 ], [ 6.97125, 50.417083333333338 ], [ 6.97125, 50.41791666666667 ], [ 6.97208333333333, 50.41791666666667 ], [ 6.97208333333333, 50.41875 ], [ 6.97125, 50.41875 ], [ 6.97125, 50.419583333333335 ], [ 6.970416666666662, 50.419583333333335 ], [ 6.970416666666662, 50.420416666666668 ], [ 6.969583333333329, 50.420416666666668 ], [ 6.969583333333329, 50.42125 ], [ 6.96875, 50.42125 ], [ 6.96875, 50.422083333333333 ], [ 6.967916666666664, 50.422083333333333 ], [ 6.967916666666664, 50.422916666666666 ], [ 6.96125, 50.422916666666666 ], [ 6.96125, 50.42375 ], [ 6.960416666666664, 50.42375 ], [ 6.960416666666664, 50.425416666666671 ], [ 6.959583333333331, 50.425416666666671 ], [ 6.959583333333331, 50.427916666666668 ], [ 6.95875, 50.427916666666668 ], [ 6.95875, 50.42875 ], [ 6.95708333333333, 50.42875 ], [ 6.95708333333333, 50.427916666666668 ], [ 6.95625, 50.427916666666668 ], [ 6.954583333333328, 50.427916666666668 ], [ 6.954583333333328, 50.427083333333336 ], [ 6.952916666666663, 50.427083333333336 ], [ 6.952916666666663, 50.427916666666668 ], [ 6.952083333333331, 50.427916666666668 ], [ 6.952083333333331, 50.429583333333341 ], [ 6.95125, 50.429583333333341 ], [ 6.95125, 50.430416666666673 ], [ 6.950416666666662, 50.430416666666673 ], [ 6.950416666666662, 50.43125 ], [ 6.95125, 50.43125 ], [ 6.95125, 50.432083333333338 ], [ 6.952083333333331, 50.432083333333338 ], [ 6.952916666666663, 50.432083333333338 ], [ 6.952916666666663, 50.432916666666671 ], [ 6.95375, 50.432916666666671 ], [ 6.95375, 50.43375 ], [ 6.954583333333328, 50.43375 ], [ 6.954583333333328, 50.437916666666666 ], [ 6.955416666666661, 50.437916666666666 ], [ 6.95625, 50.437916666666666 ], [ 6.95625, 50.43875 ], [ 6.957916666666662, 50.43875 ], [ 6.95875, 50.43875 ], [ 6.95875, 50.439583333333339 ], [ 6.959583333333331, 50.439583333333339 ], [ 6.960416666666664, 50.439583333333339 ], [ 6.960416666666664, 50.440416666666671 ], [ 6.96125, 50.440416666666671 ], [ 6.96125, 50.442916666666669 ], [ 6.962083333333329, 50.442916666666669 ], [ 6.962083333333329, 50.444583333333334 ], [ 6.962916666666661, 50.444583333333334 ], [ 6.962916666666661, 50.44625 ], [ 6.96375, 50.44625 ], [ 6.96375, 50.447083333333339 ], [ 6.96458333333333, 50.447083333333339 ], [ 6.96458333333333, 50.44875 ], [ 6.965416666666663, 50.44875 ], [ 6.965416666666663, 50.449583333333337 ], [ 6.96625, 50.449583333333337 ], [ 6.96625, 50.450416666666669 ], [ 6.967083333333328, 50.450416666666669 ], [ 6.967083333333328, 50.45125 ], [ 6.96625, 50.45125 ], [ 6.96625, 50.452083333333334 ], [ 6.965416666666663, 50.452083333333334 ], [ 6.965416666666663, 50.454583333333339 ], [ 6.96458333333333, 50.454583333333339 ], [ 6.96458333333333, 50.45625 ], [ 6.96375, 50.45625 ], [ 6.96375, 50.457083333333337 ], [ 6.962916666666661, 50.457083333333337 ], [ 6.962916666666661, 50.45875 ], [ 6.96375, 50.45875 ], [ 6.96375, 50.460416666666674 ], [ 6.96458333333333, 50.460416666666674 ], [ 6.965416666666663, 50.460416666666674 ], [ 6.965416666666663, 50.46125 ], [ 6.96625, 50.46125 ], [ 6.96625, 50.46375 ], [ 6.967083333333328, 50.46375 ], [ 6.967916666666664, 50.46375 ], [ 6.967916666666664, 50.464583333333337 ], [ 6.96875, 50.464583333333337 ], [ 6.969583333333329, 50.464583333333337 ], [ 6.969583333333329, 50.46541666666667 ], [ 6.970416666666662, 50.46541666666667 ], [ 6.970416666666662, 50.46625 ], [ 6.97125, 50.46625 ], [ 6.97125, 50.467083333333335 ], [ 6.97208333333333, 50.467083333333335 ], [ 6.97208333333333, 50.467916666666667 ], [ 6.972916666666663, 50.467916666666667 ], [ 6.972916666666663, 50.470416666666672 ], [ 6.97375, 50.470416666666672 ], [ 6.97375, 50.472083333333337 ], [ 6.974583333333328, 50.472083333333337 ], [ 6.974583333333328, 50.47291666666667 ], [ 6.975416666666664, 50.47291666666667 ], [ 6.975416666666664, 50.47375 ], [ 6.97625, 50.47375 ], [ 6.977083333333329, 50.47375 ], [ 6.977083333333329, 50.474583333333335 ], [ 6.977916666666662, 50.474583333333335 ], [ 6.977916666666662, 50.48041666666667 ], [ 6.977083333333329, 50.48041666666667 ], [ 6.977083333333329, 50.482083333333335 ], [ 6.97625, 50.482083333333335 ], [ 6.97625, 50.48375 ], [ 6.975416666666664, 50.48375 ], [ 6.975416666666664, 50.484583333333333 ], [ 6.974583333333328, 50.484583333333333 ], [ 6.974583333333328, 50.485416666666666 ], [ 6.97375, 50.485416666666666 ], [ 6.97375, 50.487083333333338 ], [ 6.974583333333328, 50.487083333333338 ], [ 6.974583333333328, 50.487916666666671 ], [ 6.975416666666664, 50.487916666666671 ], [ 6.975416666666664, 50.48875 ], [ 6.977083333333329, 50.48875 ], [ 6.977083333333329, 50.487916666666671 ], [ 6.980416666666663, 50.487916666666671 ], [ 6.980416666666663, 50.487083333333338 ], [ 6.982083333333328, 50.487083333333338 ], [ 6.982083333333328, 50.48625 ], [ 6.982916666666664, 50.48625 ], [ 6.982916666666664, 50.487083333333338 ], [ 6.98875, 50.487083333333338 ], [ 6.989583333333329, 50.487083333333338 ], [ 6.989583333333329, 50.487916666666671 ], [ 6.990416666666661, 50.487916666666671 ], [ 6.990416666666661, 50.489583333333336 ], [ 6.99125, 50.489583333333336 ], [ 6.99125, 50.490416666666668 ], [ 6.99208333333333, 50.490416666666668 ], [ 6.99208333333333, 50.49125 ], [ 6.992916666666662, 50.49125 ], [ 6.992916666666662, 50.492916666666673 ], [ 6.99375, 50.492916666666673 ], [ 6.99375, 50.49375 ], [ 6.994583333333331, 50.49375 ], [ 6.994583333333331, 50.494583333333338 ], [ 6.995416666666664, 50.494583333333338 ], [ 6.99625, 50.494583333333338 ], [ 6.99625, 50.495416666666671 ], [ 6.997083333333329, 50.495416666666671 ], [ 6.997083333333329, 50.497083333333336 ], [ 6.997916666666661, 50.497083333333336 ], [ 6.997916666666661, 50.497916666666669 ], [ 6.99875, 50.497916666666669 ], [ 6.99875, 50.49875 ], [ 6.99958333333333, 50.49875 ], [ 6.99958333333333, 50.499583333333334 ], [ 6.99875, 50.499583333333334 ], [ 6.99875, 50.500416666666666 ], [ 6.99958333333333, 50.500416666666666 ], [ 6.99958333333333, 50.50125 ], [ 7.000416666666663, 50.50125 ], [ 7.000416666666663, 50.502083333333339 ], [ 7.00375, 50.502083333333339 ], [ 7.004583333333329, 50.502083333333339 ], [ 7.004583333333329, 50.502916666666671 ], [ 7.005416666666662, 50.502916666666671 ], [ 7.00625, 50.502916666666671 ], [ 7.00625, 50.50375 ] ] ] } },
{ "type": "Feature", "properties": { "COMID": 23012535, "unitarea": 4.8062816590309279 }, "geometry": { "type": "Polygon", "coordinates": [ [ [ 6.952083333333331, 50.46125 ], [ 6.95375, 50.46125 ], [ 6.95375, 50.460416666666674 ], [ 6.95625, 50.460416666666674 ], [ 6.95625, 50.459583333333335 ], [ 6.957916666666662, 50.459583333333335 ], [ 6.957916666666662, 50.45875 ], [ 6.960416666666664, 50.45875 ], [ 6.960416666666664, 50.457916666666669 ], [ 6.962916666666661, 50.457916666666669 ], [ 6.962916666666661, 50.457083333333337 ], [ 6.96375, 50.457083333333337 ], [ 6.96375, 50.45625 ], [ 6.96458333333333, 50.45625 ], [ 6.96458333333333, 50.454583333333339 ], [ 6.965416666666663, 50.454583333333339 ], [ 6.965416666666663, 50.452083333333334 ], [ 6.96625, 50.452083333333334 ], [ 6.96625, 50.45125 ], [ 6.967083333333328, 50.45125 ], [ 6.967083333333328, 50.450416666666669 ], [ 6.96625, 50.450416666666669 ], [ 6.96625, 50.449583333333337 ], [ 6.965416666666663, 50.449583333333337 ], [ 6.965416666666663, 50.44875 ], [ 6.96458333333333, 50.44875 ], [ 6.96458333333333, 50.447083333333339 ], [ 6.96375, 50.447083333333339 ], [ 6.96375, 50.44625 ], [ 6.962916666666661, 50.44625 ], [ 6.962916666666661, 50.444583333333334 ], [ 6.962083333333329, 50.444583333333334 ], [ 6.962083333333329, 50.442916666666669 ], [ 6.96125, 50.442916666666669 ], [ 6.96125, 50.440416666666671 ], [ 6.960416666666664, 50.440416666666671 ], [ 6.960416666666664, 50.439583333333339 ], [ 6.959583333333331, 50.439583333333339 ], [ 6.95875, 50.439583333333339 ], [ 6.95875, 50.43875 ], [ 6.957916666666662, 50.43875 ], [ 6.95625, 50.43875 ], [ 6.95625, 50.437916666666666 ], [ 6.949583333333329, 50.437916666666666 ], [ 6.949583333333329, 50.43875 ], [ 6.94375, 50.43875 ], [ 6.94375, 50.439583333333339 ], [ 6.942083333333329, 50.439583333333339 ], [ 6.942083333333329, 50.43875 ], [ 6.94125, 50.43875 ], [ 6.939583333333328, 50.43875 ], [ 6.939583333333328, 50.437916666666666 ], [ 6.93875, 50.437916666666666 ], [ 6.93875, 50.43875 ], [ 6.937916666666663, 50.43875 ], [ 6.937916666666663, 50.439583333333339 ], [ 6.93708333333333, 50.439583333333339 ], [ 6.93708333333333, 50.440416666666671 ], [ 6.93625, 50.440416666666671 ], [ 6.93625, 50.44125 ], [ 6.935416666666661, 50.44125 ], [ 6.935416666666661, 50.442083333333336 ], [ 6.934583333333329, 50.442083333333336 ], [ 6.934583333333329, 50.442916666666669 ], [ 6.93375, 50.442916666666669 ], [ 6.93375, 50.444583333333334 ], [ 6.932916666666664, 50.444583333333334 ], [ 6.932916666666664, 50.44625 ], [ 6.93375, 50.44625 ], [ 6.93375, 50.447083333333339 ], [ 6.932916666666664, 50.447083333333339 ], [ 6.932916666666664, 50.447916666666671 ], [ 6.932083333333331, 50.447916666666671 ], [ 6.932083333333331, 50.44875 ], [ 6.93125, 50.44875 ], [ 6.93125, 50.449583333333337 ], [ 6.930416666666662, 50.449583333333337 ], [ 6.930416666666662, 50.450416666666669 ], [ 6.92958333333333, 50.450416666666669 ], [ 6.92958333333333, 50.45125 ], [ 6.92875, 50.45125 ], [ 6.92875, 50.452083333333334 ], [ 6.927916666666661, 50.452083333333334 ], [ 6.927916666666661, 50.452916666666667 ], [ 6.92875, 50.452916666666667 ], [ 6.92958333333333, 50.452916666666667 ], [ 6.92958333333333, 50.45375 ], [ 6.930416666666662, 50.45375 ], [ 6.930416666666662, 50.454583333333339 ], [ 6.93125, 50.454583333333339 ], [ 6.93125, 50.455416666666672 ], [ 6.932083333333331, 50.455416666666672 ], [ 6.932916666666664, 50.455416666666672 ], [ 6.932916666666664, 50.45625 ], [ 6.940416666666664, 50.45625 ], [ 6.94125, 50.45625 ], [ 6.94125, 50.457083333333337 ], [ 6.94375, 50.457083333333337 ], [ 6.94458333333333, 50.457083333333337 ], [ 6.94458333333333, 50.457916666666669 ], [ 6.945416666666663, 50.457916666666669 ], [ 6.94625, 50.457916666666669 ], [ 6.94625, 50.459583333333335 ], [ 6.947083333333328, 50.459583333333335 ], [ 6.947083333333328, 50.45875 ], [ 6.94875, 50.45875 ], [ 6.94875, 50.459583333333335 ], [ 6.949583333333329, 50.459583333333335 ], [ 6.949583333333329, 50.460416666666674 ], [ 6.95125, 50.460416666666674 ], [ 6.952083333333331, 50.460416666666674 ], [ 6.952083333333331, 50.46125 ] ] ] } },
{ "type": "Feature", "properties": { "COMID": 23013417, "unitarea": 36.381158613577902 }, "geometry": { "type": "Polygon", "coordinates": [ [ [ 7.01958333333333, 50.48125 ], [ 7.02375, 50.48125 ], [ 7.02375, 50.48041666666667 ], [ 7.022916666666664, 50.48041666666667 ], [ 7.022916666666664, 50.479583333333338 ], [ 7.02375, 50.479583333333338 ], [ 7.02375, 50.47875 ], [ 7.024583333333329, 50.47875 ], [ 7.024583333333329, 50.477916666666673 ], [ 7.025416666666661, 50.477916666666673 ], [ 7.025416666666661, 50.47708333333334 ], [ 7.02708333333333, 50.47708333333334 ], [ 7.02708333333333, 50.47625 ], [ 7.027916666666663, 50.47625 ], [ 7.027916666666663, 50.474583333333335 ], [ 7.02875, 50.474583333333335 ], [ 7.02875, 50.47375 ], [ 7.029583333333328, 50.47375 ], [ 7.029583333333328, 50.47291666666667 ], [ 7.032083333333329, 50.47291666666667 ], [ 7.032083333333329, 50.472083333333337 ], [ 7.03625, 50.472083333333337 ], [ 7.03625, 50.47125 ], [ 7.037083333333328, 50.47125 ], [ 7.037083333333328, 50.470416666666672 ], [ 7.037916666666664, 50.470416666666672 ], [ 7.037916666666664, 50.469583333333333 ], [ 7.03875, 50.469583333333333 ], [ 7.03875, 50.46875 ], [ 7.039583333333329, 50.46875 ], [ 7.039583333333329, 50.467083333333335 ], [ 7.03875, 50.467083333333335 ], [ 7.03875, 50.46541666666667 ], [ 7.039583333333329, 50.46541666666667 ], [ 7.039583333333329, 50.46375 ], [ 7.040416666666662, 50.46375 ], [ 7.040416666666662, 50.462916666666672 ], [ 7.042916666666663, 50.462916666666672 ], [ 7.042916666666663, 50.46125 ], [ 7.04375, 50.46125 ], [ 7.04375, 50.459583333333335 ], [ 7.042916666666663, 50.459583333333335 ], [ 7.042916666666663, 50.45875 ], [ 7.042083333333331, 50.45875 ], [ 7.042083333333331, 50.45625 ], [ 7.042916666666663, 50.45625 ], [ 7.042916666666663, 50.45375 ], [ 7.04375, 50.45375 ], [ 7.04375, 50.452916666666667 ], [ 7.042916666666663, 50.452916666666667 ], [ 7.042916666666663, 50.452083333333334 ], [ 7.042083333333331, 50.452083333333334 ], [ 7.042083333333331, 50.45125 ], [ 7.044583333333328, 50.45125 ], [ 7.044583333333328, 50.450416666666669 ], [ 7.04625, 50.450416666666669 ], [ 7.04625, 50.449583333333337 ], [ 7.04708333333333, 50.449583333333337 ], [ 7.04708333333333, 50.44875 ], [ 7.047916666666662, 50.44875 ], [ 7.047916666666662, 50.44625 ], [ 7.04708333333333, 50.44625 ], [ 7.04708333333333, 50.444583333333334 ], [ 7.047916666666662, 50.444583333333334 ], [ 7.047916666666662, 50.442083333333336 ], [ 7.04875, 50.442083333333336 ], [ 7.04875, 50.44125 ], [ 7.049583333333331, 50.44125 ], [ 7.049583333333331, 50.440416666666671 ], [ 7.050416666666663, 50.440416666666671 ], [ 7.050416666666663, 50.439583333333339 ], [ 7.05125, 50.439583333333339 ], [ 7.05125, 50.43875 ], [ 7.050416666666663, 50.43875 ], [ 7.050416666666663, 50.437083333333334 ], [ 7.05125, 50.437083333333334 ], [ 7.05125, 50.43625 ], [ 7.052083333333329, 50.43625 ], [ 7.052083333333329, 50.435416666666669 ], [ 7.052916666666661, 50.435416666666669 ], [ 7.052916666666661, 50.432916666666671 ], [ 7.05375, 50.432916666666671 ], [ 7.05375, 50.432083333333338 ], [ 7.055416666666662, 50.432083333333338 ], [ 7.055416666666662, 50.43125 ], [ 7.057083333333331, 50.43125 ], [ 7.057083333333331, 50.430416666666673 ], [ 7.05875, 50.430416666666673 ], [ 7.05875, 50.42875 ], [ 7.057916666666664, 50.42875 ], [ 7.057916666666664, 50.427083333333336 ], [ 7.057083333333331, 50.427083333333336 ], [ 7.057083333333331, 50.42625 ], [ 7.05625, 50.42625 ], [ 7.05458333333333, 50.42625 ], [ 7.05458333333333, 50.425416666666671 ], [ 7.05375, 50.425416666666671 ], [ 7.05375, 50.424583333333338 ], [ 7.05458333333333, 50.424583333333338 ], [ 7.05458333333333, 50.42375 ], [ 7.055416666666662, 50.42375 ], [ 7.055416666666662, 50.42125 ], [ 7.05458333333333, 50.42125 ], [ 7.05458333333333, 50.420416666666668 ], [ 7.05375, 50.420416666666668 ], [ 7.05375, 50.417083333333338 ], [ 7.052916666666661, 50.417083333333338 ], [ 7.052916666666661, 50.41625 ], [ 7.052083333333329, 50.41625 ], [ 7.052083333333329, 50.415416666666673 ], [ 7.05125, 50.415416666666673 ], [ 7.04875, 50.415416666666673 ], [ 7.04875, 50.41458333333334 ], [ 7.047916666666662, 50.41458333333334 ], [ 7.045416666666664, 50.41458333333334 ], [ 7.045416666666664, 50.41375 ], [ 7.044583333333328, 50.41375 ], [ 7.044583333333328, 50.412916666666668 ], [ 7.04375, 50.412916666666668 ], [ 7.04375, 50.412083333333335 ], [ 7.042916666666663, 50.412083333333335 ], [ 7.042916666666663, 50.41125 ], [ 7.042083333333331, 50.41125 ], [ 7.042083333333331, 50.41041666666667 ], [ 7.04125, 50.41041666666667 ], [ 7.04125, 50.407916666666672 ], [ 7.040416666666662, 50.407916666666672 ], [ 7.040416666666662, 50.407083333333333 ], [ 7.039583333333329, 50.407083333333333 ], [ 7.039583333333329, 50.40625 ], [ 7.040416666666662, 50.40625 ], [ 7.040416666666662, 50.40375 ], [ 7.04125, 50.40375 ], [ 7.04125, 50.40291666666667 ], [ 7.042083333333331, 50.40291666666667 ], [ 7.042083333333331, 50.402083333333337 ], [ 7.042916666666663, 50.402083333333337 ], [ 7.042916666666663, 50.40125 ], [ 7.042083333333331, 50.40125 ], [ 7.04125, 50.40125 ], [ 7.04125, 50.400416666666672 ], [ 7.040416666666662, 50.400416666666672 ], [ 7.040416666666662, 50.397916666666674 ], [ 7.04125, 50.397916666666674 ], [ 7.04125, 50.397083333333335 ], [ 7.042083333333331, 50.397083333333335 ], [ 7.042083333333331, 50.395416666666669 ], [ 7.042916666666663, 50.395416666666669 ], [ 7.042916666666663, 50.394583333333337 ], [ 7.042083333333331, 50.394583333333337 ], [ 7.042083333333331, 50.39375 ], [ 7.04125, 50.39375 ], [ 7.04125, 50.392916666666672 ], [ 7.040416666666662, 50.392916666666672 ], [ 7.040416666666662, 50.392083333333339 ], [ 7.039583333333329, 50.392083333333339 ], [ 7.039583333333329, 50.390416666666667 ], [ 7.040416666666662, 50.390416666666667 ], [ 7.040416666666662, 50.387083333333337 ], [ 7.039583333333329, 50.387083333333337 ], [ 7.03875, 50.387083333333337 ], [ 7.03875, 50.38625 ], [ 7.037916666666664, 50.38625 ], [ 7.03625, 50.38625 ], [ 7.03625, 50.385416666666671 ], [ 7.035416666666663, 50.385416666666671 ], [ 7.032083333333329, 50.385416666666671 ], [ 7.032083333333329, 50.384583333333339 ], [ 7.03125, 50.384583333333339 ], [ 7.022083333333331, 50.384583333333339 ], [ 7.022083333333331, 50.38375 ], [ 7.02125, 50.38375 ], [ 7.02125, 50.384583333333339 ], [ 7.01958333333333, 50.384583333333339 ], [ 7.01958333333333, 50.385416666666671 ], [ 7.01875, 50.385416666666671 ], [ 7.01875, 50.38625 ], [ 7.009583333333328, 50.38625 ], [ 7.009583333333328, 50.387083333333337 ], [ 7.00875, 50.387083333333337 ], [ 7.00875, 50.38875 ], [ 7.007916666666663, 50.38875 ], [ 7.007916666666663, 50.389583333333334 ], [ 7.00708333333333, 50.389583333333334 ], [ 7.00708333333333, 50.392083333333339 ], [ 7.00625, 50.392083333333339 ], [ 7.00625, 50.392916666666672 ], [ 7.00375, 50.392916666666672 ], [ 7.00375, 50.392083333333339 ], [ 7.002916666666664, 50.392083333333339 ], [ 6.997916666666661, 50.392083333333339 ], [ 6.997916666666661, 50.39125 ], [ 6.99375, 50.39125 ], [ 6.99375, 50.392083333333339 ], [ 6.992916666666662, 50.392083333333339 ], [ 6.992916666666662, 50.392916666666672 ], [ 6.99208333333333, 50.392916666666672 ], [ 6.99208333333333, 50.394583333333337 ], [ 6.99125, 50.394583333333337 ], [ 6.99125, 50.395416666666669 ], [ 6.990416666666661, 50.395416666666669 ], [ 6.990416666666661, 50.39625 ], [ 6.989583333333329, 50.39625 ], [ 6.989583333333329, 50.397083333333335 ], [ 6.98875, 50.397083333333335 ], [ 6.98875, 50.399583333333339 ], [ 6.987916666666663, 50.399583333333339 ], [ 6.987916666666663, 50.400416666666672 ], [ 6.98875, 50.400416666666672 ], [ 6.98875, 50.40125 ], [ 6.989583333333329, 50.40125 ], [ 6.989583333333329, 50.402083333333337 ], [ 6.990416666666661, 50.402083333333337 ], [ 6.990416666666661, 50.40291666666667 ], [ 6.99125, 50.40291666666667 ], [ 6.99125, 50.405416666666667 ], [ 6.990416666666661, 50.405416666666667 ], [ 6.990416666666661, 50.40625 ], [ 6.98875, 50.40625 ], [ 6.98875, 50.407083333333333 ], [ 6.987916666666663, 50.407083333333333 ], [ 6.987916666666663, 50.407916666666672 ], [ 6.98625, 50.407916666666672 ], [ 6.98625, 50.40875 ], [ 6.985416666666662, 50.40875 ], [ 6.985416666666662, 50.409583333333337 ], [ 6.98458333333333, 50.409583333333337 ], [ 6.98458333333333, 50.41041666666667 ], [ 6.985416666666662, 50.41041666666667 ], [ 6.985416666666662, 50.41125 ], [ 6.98625, 50.41125 ], [ 6.98625, 50.412916666666668 ], [ 6.98458333333333, 50.412916666666668 ], [ 6.98458333333333, 50.41375 ], [ 6.982083333333328, 50.41375 ], [ 6.982083333333328, 50.41458333333334 ], [ 6.980416666666663, 50.41458333333334 ], [ 6.980416666666663, 50.41375 ], [ 6.979583333333331, 50.41375 ], [ 6.979583333333331, 50.412916666666668 ], [ 6.977083333333329, 50.412916666666668 ], [ 6.977083333333329, 50.41375 ], [ 6.97625, 50.41375 ], [ 6.97625, 50.41458333333334 ], [ 6.972916666666663, 50.41458333333334 ], [ 6.972916666666663, 50.415416666666673 ], [ 6.97208333333333, 50.415416666666673 ], [ 6.97208333333333, 50.417083333333338 ], [ 6.972916666666663, 50.417083333333338 ], [ 6.97375, 50.417083333333338 ], [ 6.97375, 50.41791666666667 ], [ 6.975416666666664, 50.41791666666667 ], [ 6.97625, 50.41791666666667 ], [ 6.97625, 50.41875 ], [ 6.977083333333329, 50.41875 ], [ 6.977083333333329, 50.419583333333335 ], [ 6.977916666666662, 50.419583333333335 ], [ 6.977916666666662, 50.420416666666668 ], [ 6.97875, 50.420416666666668 ], [ 6.979583333333331, 50.420416666666668 ], [ 6.979583333333331, 50.42125 ], [ 6.980416666666663, 50.42125 ], [ 6.980416666666663, 50.422083333333333 ], [ 6.98125, 50.422083333333333 ], [ 6.98125, 50.42375 ], [ 6.982083333333328, 50.42375 ], [ 6.982083333333328, 50.425416666666671 ], [ 6.98125, 50.425416666666671 ], [ 6.98125, 50.427083333333336 ], [ 6.982083333333328, 50.427083333333336 ], [ 6.982916666666664, 50.427083333333336 ], [ 6.982916666666664, 50.427916666666668 ], [ 6.98375, 50.427916666666668 ], [ 6.98375, 50.42875 ], [ 6.98458333333333, 50.42875 ], [ 6.98458333333333, 50.429583333333341 ], [ 6.98375, 50.429583333333341 ], [ 6.98375, 50.430416666666673 ], [ 6.98458333333333, 50.430416666666673 ], [ 6.98458333333333, 50.432916666666671 ], [ 6.985416666666662, 50.432916666666671 ], [ 6.985416666666662, 50.43375 ], [ 6.98875, 50.43375 ], [ 6.98875, 50.432916666666671 ], [ 6.99125, 50.432916666666671 ], [ 6.99125, 50.432083333333338 ], [ 6.99375, 50.432083333333338 ], [ 6.99375, 50.432916666666671 ], [ 6.994583333333331, 50.432916666666671 ], [ 6.995416666666664, 50.432916666666671 ], [ 6.995416666666664, 50.43375 ], [ 6.994583333333331, 50.43375 ], [ 6.994583333333331, 50.435416666666669 ], [ 6.995416666666664, 50.435416666666669 ], [ 6.995416666666664, 50.437916666666666 ], [ 6.994583333333331, 50.437916666666666 ], [ 6.994583333333331, 50.43875 ], [ 6.995416666666664, 50.43875 ], [ 6.99625, 50.43875 ], [ 6.99625, 50.439583333333339 ], [ 6.997916666666661, 50.439583333333339 ], [ 6.99875, 50.439583333333339 ], [ 6.99875, 50.440416666666671 ], [ 6.99958333333333, 50.440416666666671 ], [ 7.000416666666663, 50.440416666666671 ], [ 7.000416666666663, 50.44125 ], [ 7.00125, 50.44125 ], [ 7.00125, 50.442916666666669 ], [ 7.002083333333328, 50.442916666666669 ], [ 7.002083333333328, 50.44625 ], [ 7.002916666666664, 50.44625 ], [ 7.002916666666664, 50.447083333333339 ], [ 7.00375, 50.447083333333339 ], [ 7.00375, 50.447916666666671 ], [ 7.004583333333329, 50.447916666666671 ], [ 7.004583333333329, 50.44875 ], [ 7.005416666666662, 50.44875 ], [ 7.005416666666662, 50.45125 ], [ 7.004583333333329, 50.45125 ], [ 7.004583333333329, 50.452916666666667 ], [ 7.00375, 50.452916666666667 ], [ 7.00375, 50.457083333333337 ], [ 7.002916666666664, 50.457083333333337 ], [ 7.002916666666664, 50.457916666666669 ], [ 7.00375, 50.457916666666669 ], [ 7.004583333333329, 50.457916666666669 ], [ 7.004583333333329, 50.45875 ], [ 7.005416666666662, 50.45875 ], [ 7.00625, 50.45875 ], [ 7.00625, 50.459583333333335 ], [ 7.00708333333333, 50.459583333333335 ], [ 7.00708333333333, 50.462083333333339 ], [ 7.00625, 50.462083333333339 ], [ 7.00625, 50.462916666666672 ], [ 7.005416666666662, 50.462916666666672 ], [ 7.005416666666662, 50.46375 ], [ 7.00375, 50.46375 ], [ 7.00375, 50.464583333333337 ], [ 7.002083333333328, 50.464583333333337 ], [ 7.002083333333328, 50.46541666666667 ], [ 7.00125, 50.46541666666667 ], [ 7.00125, 50.46875 ], [ 7.002083333333328, 50.46875 ], [ 7.002083333333328, 50.469583333333333 ], [ 7.002916666666664, 50.469583333333333 ], [ 7.002916666666664, 50.470416666666672 ], [ 7.00375, 50.470416666666672 ], [ 7.004583333333329, 50.470416666666672 ], [ 7.004583333333329, 50.47125 ], [ 7.005416666666662, 50.47125 ], [ 7.005416666666662, 50.472083333333337 ], [ 7.00625, 50.472083333333337 ], [ 7.00625, 50.47291666666667 ], [ 7.005416666666662, 50.47291666666667 ], [ 7.005416666666662, 50.475416666666668 ], [ 7.00625, 50.475416666666668 ], [ 7.00708333333333, 50.475416666666668 ], [ 7.00708333333333, 50.47625 ], [ 7.007916666666663, 50.47625 ], [ 7.00875, 50.47625 ], [ 7.00875, 50.47708333333334 ], [ 7.009583333333328, 50.47708333333334 ], [ 7.009583333333328, 50.477916666666673 ], [ 7.010416666666664, 50.477916666666673 ], [ 7.010416666666664, 50.47875 ], [ 7.012083333333329, 50.47875 ], [ 7.012083333333329, 50.477916666666673 ], [ 7.01375, 50.477916666666673 ], [ 7.01375, 50.47708333333334 ], [ 7.017083333333328, 50.47708333333334 ], [ 7.017083333333328, 50.477916666666673 ], [ 7.017916666666661, 50.477916666666673 ], [ 7.017916666666661, 50.479583333333338 ], [ 7.01875, 50.479583333333338 ], [ 7.01875, 50.48041666666667 ], [ 7.01958333333333, 50.48041666666667 ], [ 7.01958333333333, 50.48125 ] ] ] } },
{ "type": "Feature", "properties": { "COMID": 23012566, "unitarea": 17.512929702196686 }, "geometry": { "type": "Polygon", "coordinates": [ [ [ 6.88875, 50.462083333333339 ], [ 6.890416666666663, 50.462083333333339 ], [ 6.890416666666663, 50.46125 ], [ 6.89375, 50.46125 ], [ 6.89375, 50.460416666666674 ], [ 6.897916666666664, 50.460416666666674 ], [ 6.897916666666664, 50.459583333333335 ], [ 6.89875, 50.459583333333335 ], [ 6.89875, 50.457083333333337 ], [ 6.904583333333328, 50.457083333333337 ], [ 6.904583333333328, 50.457916666666669 ], [ 6.90958333333333, 50.457916666666669 ], [ 6.90958333333333, 50.457083333333337 ], [ 6.91125, 50.457083333333337 ], [ 6.91125, 50.45625 ], [ 6.912916666666664, 50.45625 ], [ 6.912916666666664, 50.455416666666672 ], [ 6.915416666666662, 50.455416666666672 ], [ 6.915416666666662, 50.45625 ], [ 6.91625, 50.45625 ], [ 6.917083333333331, 50.45625 ], [ 6.917083333333331, 50.457083333333337 ], [ 6.91875, 50.457083333333337 ], [ 6.919583333333328, 50.457083333333337 ], [ 6.919583333333328, 50.457916666666669 ], [ 6.920416666666664, 50.457916666666669 ], [ 6.920416666666664, 50.457083333333337 ], [ 6.92125, 50.457083333333337 ], [ 6.92125, 50.45625 ], [ 6.92208333333333, 50.45625 ], [ 6.92208333333333, 50.455416666666672 ], [ 6.922916666666662, 50.455416666666672 ], [ 6.922916666666662, 50.45375 ], [ 6.92375, 50.45375 ], [ 6.92375, 50.452916666666667 ], [ 6.92625, 50.452916666666667 ], [ 6.92625, 50.452083333333334 ], [ 6.92875, 50.452083333333334 ], [ 6.92875, 50.45125 ], [ 6.92958333333333, 50.45125 ], [ 6.92958333333333, 50.450416666666669 ], [ 6.930416666666662, 50.450416666666669 ], [ 6.930416666666662, 50.449583333333337 ], [ 6.93125, 50.449583333333337 ], [ 6.93125, 50.44875 ], [ 6.932083333333331, 50.44875 ], [ 6.932083333333331, 50.447916666666671 ], [ 6.932916666666664, 50.447916666666671 ], [ 6.932916666666664, 50.447083333333339 ], [ 6.93375, 50.447083333333339 ], [ 6.93375, 50.44625 ], [ 6.932916666666664, 50.44625 ], [ 6.932916666666664, 50.444583333333334 ], [ 6.93375, 50.444583333333334 ], [ 6.93375, 50.44375 ], [ 6.932916666666664, 50.44375 ], [ 6.932916666666664, 50.442916666666669 ], [ 6.932083333333331, 50.442916666666669 ], [ 6.932083333333331, 50.442083333333336 ], [ 6.93125, 50.442083333333336 ], [ 6.92875, 50.442083333333336 ], [ 6.92875, 50.44125 ], [ 6.927916666666661, 50.44125 ], [ 6.927916666666661, 50.440416666666671 ], [ 6.927083333333329, 50.440416666666671 ], [ 6.927083333333329, 50.439583333333339 ], [ 6.92625, 50.439583333333339 ], [ 6.92625, 50.43875 ], [ 6.925416666666663, 50.43875 ], [ 6.925416666666663, 50.437083333333334 ], [ 6.924583333333331, 50.437083333333334 ], [ 6.924583333333331, 50.435416666666669 ], [ 6.92375, 50.435416666666669 ], [ 6.92375, 50.432083333333338 ], [ 6.924583333333331, 50.432083333333338 ], [ 6.924583333333331, 50.427083333333336 ], [ 6.92375, 50.427083333333336 ], [ 6.92375, 50.425416666666671 ], [ 6.922916666666662, 50.425416666666671 ], [ 6.922916666666662, 50.424583333333338 ], [ 6.92208333333333, 50.424583333333338 ], [ 6.92208333333333, 50.422916666666666 ], [ 6.92125, 50.422916666666666 ], [ 6.92125, 50.420416666666668 ], [ 6.920416666666664, 50.420416666666668 ], [ 6.920416666666664, 50.419583333333335 ], [ 6.919583333333328, 50.419583333333335 ], [ 6.919583333333328, 50.41875 ], [ 6.91875, 50.41875 ], [ 6.91875, 50.41791666666667 ], [ 6.917916666666663, 50.41791666666667 ], [ 6.917083333333331, 50.41791666666667 ], [ 6.917083333333331, 50.417083333333338 ], [ 6.91625, 50.417083333333338 ], [ 6.915416666666662, 50.417083333333338 ], [ 6.915416666666662, 50.41458333333334 ], [ 6.914583333333329, 50.41458333333334 ], [ 6.914583333333329, 50.412916666666668 ], [ 6.91375, 50.412916666666668 ], [ 6.91375, 50.412083333333335 ], [ 6.912916666666664, 50.412083333333335 ], [ 6.90875, 50.412083333333335 ], [ 6.90875, 50.41125 ], [ 6.907916666666662, 50.41125 ], [ 6.907083333333329, 50.41125 ], [ 6.907083333333329, 50.41041666666667 ], [ 6.90625, 50.41041666666667 ], [ 6.905416666666664, 50.41041666666667 ], [ 6.905416666666664, 50.409583333333337 ], [ 6.904583333333328, 50.409583333333337 ], [ 6.902916666666663, 50.409583333333337 ], [ 6.902916666666663, 50.40875 ], [ 6.90208333333333, 50.40875 ], [ 6.895416666666662, 50.40875 ], [ 6.895416666666662, 50.407916666666672 ], [ 6.89458333333333, 50.407916666666672 ], [ 6.89458333333333, 50.407083333333333 ], [ 6.89375, 50.407083333333333 ], [ 6.892916666666661, 50.407083333333333 ], [ 6.892916666666661, 50.40625 ], [ 6.88208333333333, 50.40625 ], [ 6.88208333333333, 50.407083333333333 ], [ 6.88125, 50.407083333333333 ], [ 6.88125, 50.41041666666667 ], [ 6.880416666666662, 50.41041666666667 ], [ 6.880416666666662, 50.415416666666673 ], [ 6.879583333333329, 50.415416666666673 ], [ 6.879583333333329, 50.41625 ], [ 6.880416666666662, 50.41625 ], [ 6.88125, 50.41625 ], [ 6.88125, 50.417083333333338 ], [ 6.88208333333333, 50.417083333333338 ], [ 6.88208333333333, 50.41875 ], [ 6.882916666666663, 50.41875 ], [ 6.882916666666663, 50.419583333333335 ], [ 6.88375, 50.419583333333335 ], [ 6.88375, 50.420416666666668 ], [ 6.88208333333333, 50.420416666666668 ], [ 6.88208333333333, 50.42125 ], [ 6.88125, 50.42125 ], [ 6.88125, 50.422083333333333 ], [ 6.88208333333333, 50.422083333333333 ], [ 6.88208333333333, 50.422916666666666 ], [ 6.88125, 50.422916666666666 ], [ 6.88125, 50.425416666666671 ], [ 6.880416666666662, 50.425416666666671 ], [ 6.880416666666662, 50.427083333333336 ], [ 6.879583333333329, 50.427083333333336 ], [ 6.879583333333329, 50.427916666666668 ], [ 6.87875, 50.427916666666668 ], [ 6.87875, 50.42875 ], [ 6.877916666666664, 50.42875 ], [ 6.877916666666664, 50.429583333333341 ], [ 6.877083333333328, 50.429583333333341 ], [ 6.877083333333328, 50.430416666666673 ], [ 6.87625, 50.430416666666673 ], [ 6.87625, 50.43125 ], [ 6.875416666666663, 50.43125 ], [ 6.875416666666663, 50.432083333333338 ], [ 6.87375, 50.432083333333338 ], [ 6.87375, 50.432916666666671 ], [ 6.872916666666661, 50.432916666666671 ], [ 6.872916666666661, 50.43375 ], [ 6.87375, 50.43375 ], [ 6.87375, 50.437083333333334 ], [ 6.875416666666663, 50.437083333333334 ], [ 6.87625, 50.437083333333334 ], [ 6.87625, 50.437916666666666 ], [ 6.877916666666664, 50.437916666666666 ], [ 6.87875, 50.437916666666666 ], [ 6.87875, 50.43875 ], [ 6.879583333333329, 50.43875 ], [ 6.879583333333329, 50.439583333333339 ], [ 6.880416666666662, 50.439583333333339 ], [ 6.88125, 50.439583333333339 ], [ 6.88125, 50.440416666666671 ], [ 6.880416666666662, 50.440416666666671 ], [ 6.880416666666662, 50.44125 ], [ 6.879583333333329, 50.44125 ], [ 6.879583333333329, 50.442083333333336 ], [ 6.87875, 50.442083333333336 ], [ 6.87875, 50.444583333333334 ], [ 6.877916666666664, 50.444583333333334 ], [ 6.877916666666664, 50.445416666666674 ], [ 6.877083333333328, 50.445416666666674 ], [ 6.877083333333328, 50.44625 ], [ 6.87625, 50.44625 ], [ 6.87625, 50.445416666666674 ], [ 6.875416666666663, 50.445416666666674 ], [ 6.875416666666663, 50.447083333333339 ], [ 6.87458333333333, 50.447083333333339 ], [ 6.87458333333333, 50.447916666666671 ], [ 6.875416666666663, 50.447916666666671 ], [ 6.875416666666663, 50.44875 ], [ 6.87625, 50.44875 ], [ 6.87625, 50.449583333333337 ], [ 6.877083333333328, 50.449583333333337 ], [ 6.877083333333328, 50.450416666666669 ], [ 6.877916666666664, 50.450416666666669 ], [ 6.877916666666664, 50.449583333333337 ], [ 6.87875, 50.449583333333337 ], [ 6.87875, 50.450416666666669 ], [ 6.879583333333329, 50.450416666666669 ], [ 6.879583333333329, 50.454583333333339 ], [ 6.880416666666662, 50.454583333333339 ], [ 6.880416666666662, 50.455416666666672 ], [ 6.88125, 50.455416666666672 ], [ 6.88125, 50.457083333333337 ], [ 6.882916666666663, 50.457083333333337 ], [ 6.88375, 50.457083333333337 ], [ 6.88375, 50.457916666666669 ], [ 6.884583333333328, 50.457916666666669 ], [ 6.885416666666664, 50.457916666666669 ], [ 6.885416666666664, 50.45875 ], [ 6.88625, 50.45875 ], [ 6.88625, 50.460416666666674 ], [ 6.887083333333329, 50.460416666666674 ], [ 6.887083333333329, 50.46125 ], [ 6.887916666666662, 50.46125 ], [ 6.88875, 50.46125 ], [ 6.88875, 50.462083333333339 ] ] ] } },
{ "type": "Feature", "properties": { "COMID": 23012709, "unitarea": 33.109890341839524 }, "geometry": { "type": "Polygon", "coordinates": [ [ [ 6.88208333333333, 50.40625 ], [ 6.884583333333328, 50.40625 ], [ 6.884583333333328, 50.405416666666667 ], [ 6.885416666666664, 50.405416666666667 ], [ 6.885416666666664, 50.404583333333335 ], [ 6.88625, 50.404583333333335 ], [ 6.88625, 50.40375 ], [ 6.887083333333329, 50.40375 ], [ 6.887083333333329, 50.40291666666667 ], [ 6.887916666666662, 50.40291666666667 ], [ 6.887916666666662, 50.399583333333339 ], [ 6.88875, 50.399583333333339 ], [ 6.88875, 50.39875 ], [ 6.889583333333331, 50.39875 ], [ 6.889583333333331, 50.397083333333335 ], [ 6.89125, 50.397083333333335 ], [ 6.89125, 50.39625 ], [ 6.892083333333328, 50.39625 ], [ 6.892083333333328, 50.395416666666669 ], [ 6.89125, 50.395416666666669 ], [ 6.89125, 50.394583333333337 ], [ 6.890416666666663, 50.394583333333337 ], [ 6.890416666666663, 50.39375 ], [ 6.889583333333331, 50.39375 ], [ 6.887916666666662, 50.39375 ], [ 6.887916666666662, 50.392916666666672 ], [ 6.887083333333329, 50.392916666666672 ], [ 6.887083333333329, 50.390416666666667 ], [ 6.887916666666662, 50.390416666666667 ], [ 6.887916666666662, 50.389583333333334 ], [ 6.887083333333329, 50.389583333333334 ], [ 6.887083333333329, 50.387083333333337 ], [ 6.887916666666662, 50.387083333333337 ], [ 6.887916666666662, 50.38625 ], [ 6.88875, 50.38625 ], [ 6.88875, 50.382083333333334 ], [ 6.887916666666662, 50.382083333333334 ], [ 6.887083333333329, 50.382083333333334 ], [ 6.887083333333329, 50.379583333333336 ], [ 6.887916666666662, 50.379583333333336 ], [ 6.887916666666662, 50.37875 ], [ 6.88875, 50.37875 ], [ 6.88875, 50.377916666666671 ], [ 6.89125, 50.377916666666671 ], [ 6.89125, 50.377083333333339 ], [ 6.892083333333328, 50.377083333333339 ], [ 6.892083333333328, 50.375416666666666 ], [ 6.895416666666662, 50.375416666666666 ], [ 6.895416666666662, 50.374583333333334 ], [ 6.89875, 50.374583333333334 ], [ 6.89875, 50.37375 ], [ 6.899583333333329, 50.37375 ], [ 6.899583333333329, 50.372083333333336 ], [ 6.900416666666661, 50.372083333333336 ], [ 6.900416666666661, 50.37125 ], [ 6.90125, 50.37125 ], [ 6.90125, 50.370416666666671 ], [ 6.900416666666661, 50.370416666666671 ], [ 6.900416666666661, 50.369583333333338 ], [ 6.899583333333329, 50.369583333333338 ], [ 6.899583333333329, 50.367916666666673 ], [ 6.89875, 50.367916666666673 ], [ 6.89875, 50.367083333333341 ], [ 6.897916666666664, 50.367083333333341 ], [ 6.897916666666664, 50.36625 ], [ 6.89875, 50.36625 ], [ 6.89875, 50.365416666666668 ], [ 6.899583333333329, 50.365416666666668 ], [ 6.899583333333329, 50.364583333333336 ], [ 6.90125, 50.364583333333336 ], [ 6.90125, 50.36375 ], [ 6.90375, 50.36375 ], [ 6.90375, 50.362916666666671 ], [ 6.904583333333328, 50.362916666666671 ], [ 6.904583333333328, 50.360416666666666 ], [ 6.90375, 50.360416666666666 ], [ 6.90375, 50.359583333333333 ], [ 6.902916666666663, 50.359583333333333 ], [ 6.902916666666663, 50.35625 ], [ 6.90208333333333, 50.35625 ], [ 6.90208333333333, 50.35541666666667 ], [ 6.90125, 50.35541666666667 ], [ 6.90125, 50.354583333333338 ], [ 6.900416666666661, 50.354583333333338 ], [ 6.900416666666661, 50.35375 ], [ 6.899583333333329, 50.35375 ], [ 6.899583333333329, 50.352916666666673 ], [ 6.89875, 50.352916666666673 ], [ 6.89875, 50.35208333333334 ], [ 6.897916666666664, 50.35208333333334 ], [ 6.897916666666664, 50.35125 ], [ 6.900416666666661, 50.35125 ], [ 6.900416666666661, 50.350416666666668 ], [ 6.90208333333333, 50.350416666666668 ], [ 6.90208333333333, 50.349583333333335 ], [ 6.902916666666663, 50.349583333333335 ], [ 6.902916666666663, 50.34875 ], [ 6.90375, 50.34875 ], [ 6.90375, 50.34791666666667 ], [ 6.90625, 50.34791666666667 ], [ 6.90625, 50.347083333333337 ], [ 6.90958333333333, 50.347083333333337 ], [ 6.90958333333333, 50.34791666666667 ], [ 6.912083333333328, 50.34791666666667 ], [ 6.912916666666664, 50.34791666666667 ], [ 6.912916666666664, 50.34875 ], [ 6.92125, 50.34875 ], [ 6.92208333333333, 50.34875 ], [ 6.92208333333333, 50.349583333333335 ], [ 6.922916666666662, 50.349583333333335 ], [ 6.922916666666662, 50.34875 ], [ 6.92375, 50.34875 ], [ 6.92375, 50.344583333333333 ], [ 6.925416666666663, 50.344583333333333 ], [ 6.925416666666663, 50.345416666666672 ], [ 6.92625, 50.345416666666672 ], [ 6.92625, 50.344583333333333 ], [ 6.927916666666661, 50.344583333333333 ], [ 6.927916666666661, 50.34375 ], [ 6.92875, 50.34375 ], [ 6.92875, 50.342916666666667 ], [ 6.92958333333333, 50.342916666666667 ], [ 6.92958333333333, 50.34125 ], [ 6.932083333333331, 50.34125 ], [ 6.932083333333331, 50.34041666666667 ], [ 6.939583333333328, 50.34041666666667 ], [ 6.939583333333328, 50.339583333333337 ], [ 6.94875, 50.339583333333337 ], [ 6.94875, 50.33875 ], [ 6.949583333333329, 50.33875 ], [ 6.949583333333329, 50.33625 ], [ 6.94875, 50.33625 ], [ 6.94875, 50.335416666666674 ], [ 6.947916666666664, 50.335416666666674 ], [ 6.94625, 50.335416666666674 ], [ 6.94625, 50.334583333333335 ], [ 6.945416666666663, 50.334583333333335 ], [ 6.94458333333333, 50.334583333333335 ], [ 6.94458333333333, 50.33375 ], [ 6.94375, 50.33375 ], [ 6.94375, 50.332916666666669 ], [ 6.942916666666662, 50.332916666666669 ], [ 6.942916666666662, 50.332083333333337 ], [ 6.942083333333329, 50.332083333333337 ], [ 6.942083333333329, 50.33125 ], [ 6.940416666666664, 50.33125 ], [ 6.940416666666664, 50.332083333333337 ], [ 6.939583333333328, 50.332083333333337 ], [ 6.939583333333328, 50.33125 ], [ 6.93875, 50.33125 ], [ 6.93875, 50.330416666666672 ], [ 6.937916666666663, 50.330416666666672 ], [ 6.937916666666663, 50.329583333333339 ], [ 6.935416666666661, 50.329583333333339 ], [ 6.935416666666661, 50.33125 ], [ 6.934583333333329, 50.33125 ], [ 6.934583333333329, 50.332083333333337 ], [ 6.93375, 50.332083333333337 ], [ 6.93375, 50.332916666666669 ], [ 6.932916666666664, 50.332916666666669 ], [ 6.932916666666664, 50.332083333333337 ], [ 6.932083333333331, 50.332083333333337 ], [ 6.932083333333331, 50.332916666666669 ], [ 6.930416666666662, 50.332916666666669 ], [ 6.930416666666662, 50.33375 ], [ 6.92958333333333, 50.33375 ], [ 6.92958333333333, 50.334583333333335 ], [ 6.92625, 50.334583333333335 ], [ 6.92625, 50.33375 ], [ 6.922916666666662, 50.33375 ], [ 6.922916666666662, 50.334583333333335 ], [ 6.92208333333333, 50.334583333333335 ], [ 6.92208333333333, 50.335416666666674 ], [ 6.91875, 50.335416666666674 ], [ 6.91875, 50.33625 ], [ 6.915416666666662, 50.33625 ], [ 6.915416666666662, 50.337083333333339 ], [ 6.91375, 50.337083333333339 ], [ 6.91375, 50.33625 ], [ 6.912916666666664, 50.33625 ], [ 6.91125, 50.33625 ], [ 6.91125, 50.335416666666674 ], [ 6.910416666666663, 50.335416666666674 ], [ 6.90958333333333, 50.335416666666674 ], [ 6.90958333333333, 50.334583333333335 ], [ 6.90875, 50.334583333333335 ], [ 6.904583333333328, 50.334583333333335 ], [ 6.904583333333328, 50.33375 ], [ 6.90375, 50.33375 ], [ 6.90375, 50.334583333333335 ], [ 6.90208333333333, 50.334583333333335 ], [ 6.90208333333333, 50.33625 ], [ 6.900416666666661, 50.33625 ], [ 6.900416666666661, 50.335416666666674 ], [ 6.899583333333329, 50.335416666666674 ], [ 6.899583333333329, 50.33625 ], [ 6.89458333333333, 50.33625 ], [ 6.89458333333333, 50.337083333333339 ], [ 6.89375, 50.337083333333339 ], [ 6.89375, 50.337916666666672 ], [ 6.892083333333328, 50.337916666666672 ], [ 6.892083333333328, 50.33875 ], [ 6.88208333333333, 50.33875 ], [ 6.88208333333333, 50.339583333333337 ], [ 6.88125, 50.339583333333337 ], [ 6.88125, 50.33875 ], [ 6.880416666666662, 50.33875 ], [ 6.880416666666662, 50.337916666666672 ], [ 6.879583333333329, 50.337916666666672 ], [ 6.877083333333328, 50.337916666666672 ], [ 6.877083333333328, 50.337083333333339 ], [ 6.87625, 50.337083333333339 ], [ 6.87458333333333, 50.337083333333339 ], [ 6.87458333333333, 50.33625 ], [ 6.87375, 50.33625 ], [ 6.872916666666661, 50.33625 ], [ 6.872916666666661, 50.335416666666674 ], [ 6.872083333333329, 50.335416666666674 ], [ 6.867916666666662, 50.335416666666674 ], [ 6.867916666666662, 50.334583333333335 ], [ 6.862916666666663, 50.334583333333335 ], [ 6.862916666666663, 50.335416666666674 ], [ 6.862083333333331, 50.335416666666674 ], [ 6.862083333333331, 50.33625 ], [ 6.86125, 50.33625 ], [ 6.86125, 50.337916666666672 ], [ 6.857916666666664, 50.337916666666672 ], [ 6.857916666666664, 50.339583333333337 ], [ 6.85875, 50.339583333333337 ], [ 6.85875, 50.34041666666667 ], [ 6.857916666666664, 50.34041666666667 ], [ 6.857916666666664, 50.34125 ], [ 6.85625, 50.34125 ], [ 6.85625, 50.342916666666667 ], [ 6.855416666666663, 50.342916666666667 ], [ 6.855416666666663, 50.345416666666672 ], [ 6.854583333333331, 50.345416666666672 ], [ 6.854583333333331, 50.34625 ], [ 6.85375, 50.34625 ], [ 6.85375, 50.347083333333337 ], [ 6.852916666666662, 50.347083333333337 ], [ 6.852916666666662, 50.34791666666667 ], [ 6.852083333333329, 50.34791666666667 ], [ 6.852083333333329, 50.34875 ], [ 6.85125, 50.34875 ], [ 6.85125, 50.349583333333335 ], [ 6.84625, 50.349583333333335 ], [ 6.84625, 50.34875 ], [ 6.84375, 50.34875 ], [ 6.84375, 50.349583333333335 ], [ 6.842083333333328, 50.349583333333335 ], [ 6.842083333333328, 50.350416666666668 ], [ 6.83958333333333, 50.350416666666668 ], [ 6.83958333333333, 50.35125 ], [ 6.83875, 50.35125 ], [ 6.83875, 50.35375 ], [ 6.83625, 50.35375 ], [ 6.83625, 50.354583333333338 ], [ 6.835416666666664, 50.354583333333338 ], [ 6.835416666666664, 50.35541666666667 ], [ 6.83625, 50.35541666666667 ], [ 6.83625, 50.35625 ], [ 6.837083333333329, 50.35625 ], [ 6.837083333333329, 50.357083333333335 ], [ 6.837916666666661, 50.357083333333335 ], [ 6.837916666666661, 50.359583333333333 ], [ 6.83625, 50.359583333333333 ], [ 6.83625, 50.36125 ], [ 6.835416666666664, 50.36125 ], [ 6.835416666666664, 50.362083333333338 ], [ 6.83125, 50.362083333333338 ], [ 6.83125, 50.362916666666671 ], [ 6.830416666666661, 50.362916666666671 ], [ 6.830416666666661, 50.36375 ], [ 6.829583333333328, 50.36375 ], [ 6.829583333333328, 50.364583333333336 ], [ 6.82875, 50.364583333333336 ], [ 6.82875, 50.365416666666668 ], [ 6.829583333333328, 50.365416666666668 ], [ 6.829583333333328, 50.367083333333341 ], [ 6.82875, 50.367083333333341 ], [ 6.82875, 50.367916666666673 ], [ 6.827916666666663, 50.367916666666673 ], [ 6.827916666666663, 50.36875 ], [ 6.827083333333331, 50.36875 ], [ 6.827083333333331, 50.369583333333338 ], [ 6.82625, 50.369583333333338 ], [ 6.82625, 50.36875 ], [ 6.825416666666662, 50.36875 ], [ 6.817916666666662, 50.36875 ], [ 6.817916666666662, 50.367916666666673 ], [ 6.817083333333329, 50.367916666666673 ], [ 6.817083333333329, 50.36875 ], [ 6.815416666666664, 50.36875 ], [ 6.815416666666664, 50.367916666666673 ], [ 6.814583333333328, 50.367916666666673 ], [ 6.814583333333328, 50.367083333333341 ], [ 6.81125, 50.367083333333341 ], [ 6.81125, 50.36875 ], [ 6.807916666666664, 50.36875 ], [ 6.807916666666664, 50.369583333333338 ], [ 6.807083333333331, 50.369583333333338 ], [ 6.807083333333331, 50.370416666666671 ], [ 6.807916666666664, 50.370416666666671 ], [ 6.807916666666664, 50.37125 ], [ 6.80875, 50.37125 ], [ 6.80875, 50.372083333333336 ], [ 6.809583333333329, 50.372083333333336 ], [ 6.809583333333329, 50.374583333333334 ], [ 6.810416666666661, 50.374583333333334 ], [ 6.810416666666661, 50.375416666666666 ], [ 6.81125, 50.375416666666666 ], [ 6.81125, 50.37625 ], [ 6.81208333333333, 50.37625 ], [ 6.81208333333333, 50.377083333333339 ], [ 6.812916666666663, 50.377083333333339 ], [ 6.81375, 50.377083333333339 ], [ 6.81375, 50.377916666666671 ], [ 6.814583333333328, 50.377916666666671 ], [ 6.815416666666664, 50.377916666666671 ], [ 6.815416666666664, 50.37875 ], [ 6.81875, 50.37875 ], [ 6.81958333333333, 50.37875 ], [ 6.81958333333333, 50.379583333333336 ], [ 6.820416666666663, 50.379583333333336 ], [ 6.820416666666663, 50.380416666666669 ], [ 6.822083333333328, 50.380416666666669 ], [ 6.822916666666664, 50.380416666666669 ], [ 6.822916666666664, 50.38125 ], [ 6.824583333333329, 50.38125 ], [ 6.825416666666662, 50.38125 ], [ 6.825416666666662, 50.382083333333334 ], [ 6.827083333333331, 50.382083333333334 ], [ 6.827916666666663, 50.382083333333334 ], [ 6.827916666666663, 50.38375 ], [ 6.82875, 50.38375 ], [ 6.82875, 50.385416666666671 ], [ 6.827916666666663, 50.385416666666671 ], [ 6.827916666666663, 50.38625 ], [ 6.82875, 50.38625 ], [ 6.82875, 50.387083333333337 ], [ 6.83625, 50.387083333333337 ], [ 6.83625, 50.38625 ], [ 6.837083333333329, 50.38625 ], [ 6.837083333333329, 50.385416666666671 ], [ 6.837916666666661, 50.385416666666671 ], [ 6.837916666666661, 50.384583333333339 ], [ 6.842083333333328, 50.384583333333339 ], [ 6.842083333333328, 50.385416666666671 ], [ 6.842916666666664, 50.385416666666671 ], [ 6.842916666666664, 50.38625 ], [ 6.84375, 50.38625 ], [ 6.84375, 50.387083333333337 ], [ 6.84875, 50.387083333333337 ], [ 6.849583333333328, 50.387083333333337 ], [ 6.849583333333328, 50.387916666666669 ], [ 6.850416666666664, 50.387916666666669 ], [ 6.850416666666664, 50.38875 ], [ 6.85125, 50.38875 ], [ 6.85125, 50.389583333333334 ], [ 6.852083333333329, 50.389583333333334 ], [ 6.852083333333329, 50.39125 ], [ 6.852916666666662, 50.39125 ], [ 6.852916666666662, 50.39375 ], [ 6.852083333333329, 50.39375 ], [ 6.852083333333329, 50.394583333333337 ], [ 6.852916666666662, 50.394583333333337 ], [ 6.852916666666662, 50.395416666666669 ], [ 6.85375, 50.395416666666669 ], [ 6.85375, 50.39625 ], [ 6.855416666666663, 50.39625 ], [ 6.85625, 50.39625 ], [ 6.85625, 50.397083333333335 ], [ 6.857083333333328, 50.397083333333335 ], [ 6.857083333333328, 50.39625 ], [ 6.862916666666663, 50.39625 ], [ 6.862916666666663, 50.397083333333335 ], [ 6.86375, 50.397083333333335 ], [ 6.86375, 50.397916666666674 ], [ 6.865416666666661, 50.397916666666674 ], [ 6.86625, 50.397916666666674 ], [ 6.86625, 50.39875 ], [ 6.86875, 50.39875 ], [ 6.869583333333331, 50.39875 ], [ 6.869583333333331, 50.399583333333339 ], [ 6.87375, 50.399583333333339 ], [ 6.87458333333333, 50.399583333333339 ], [ 6.87458333333333, 50.400416666666672 ], [ 6.875416666666663, 50.400416666666672 ], [ 6.87625, 50.400416666666672 ], [ 6.87625, 50.40125 ], [ 6.880416666666662, 50.40125 ], [ 6.88125, 50.40125 ], [ 6.88125, 50.40291666666667 ], [ 6.88208333333333, 50.40291666666667 ], [ 6.88208333333333, 50.404583333333335 ], [ 6.882916666666663, 50.404583333333335 ], [ 6.882916666666663, 50.405416666666667 ], [ 6.88208333333333, 50.405416666666667 ], [ 6.88208333333333, 50.40625 ] ] ] } },
{ "type": "Feature", "properties": { "COMID": 23013317, "unitarea": 61.338819368442309 }, "geometry": { "type": "Polygon", "coordinates": [ [ [ 6.932916666666664, 50.44375 ], [ 6.93375, 50.44375 ], [ 6.93375, 50.442916666666669 ], [ 6.934583333333329, 50.442916666666669 ], [ 6.934583333333329, 50.442083333333336 ], [ 6.935416666666661, 50.442083333333336 ], [ 6.935416666666661, 50.44125 ], [ 6.93625, 50.44125 ], [ 6.93625, 50.440416666666671 ], [ 6.93708333333333, 50.440416666666671 ], [ 6.93708333333333, 50.439583333333339 ], [ 6.937916666666663, 50.439583333333339 ], [ 6.937916666666663, 50.43875 ], [ 6.93875, 50.43875 ], [ 6.93875, 50.437916666666666 ], [ 6.939583333333328, 50.437916666666666 ], [ 6.939583333333328, 50.43875 ], [ 6.94125, 50.43875 ], [ 6.942083333333329, 50.43875 ], [ 6.942083333333329, 50.439583333333339 ], [ 6.94375, 50.439583333333339 ], [ 6.94375, 50.43875 ], [ 6.949583333333329, 50.43875 ], [ 6.949583333333329, 50.437916666666666 ], [ 6.954583333333328, 50.437916666666666 ], [ 6.954583333333328, 50.43375 ], [ 6.95375, 50.43375 ], [ 6.95375, 50.432916666666671 ], [ 6.952916666666663, 50.432916666666671 ], [ 6.952916666666663, 50.432083333333338 ], [ 6.952083333333331, 50.432083333333338 ], [ 6.95125, 50.432083333333338 ], [ 6.95125, 50.43125 ], [ 6.950416666666662, 50.43125 ], [ 6.950416666666662, 50.430416666666673 ], [ 6.95125, 50.430416666666673 ], [ 6.95125, 50.429583333333341 ], [ 6.952083333333331, 50.429583333333341 ], [ 6.952083333333331, 50.427916666666668 ], [ 6.952916666666663, 50.427916666666668 ], [ 6.952916666666663, 50.427083333333336 ], [ 6.954583333333328, 50.427083333333336 ], [ 6.954583333333328, 50.427916666666668 ], [ 6.95625, 50.427916666666668 ], [ 6.95708333333333, 50.427916666666668 ], [ 6.95708333333333, 50.42875 ], [ 6.95875, 50.42875 ], [ 6.95875, 50.427916666666668 ], [ 6.959583333333331, 50.427916666666668 ], [ 6.959583333333331, 50.425416666666671 ], [ 6.960416666666664, 50.425416666666671 ], [ 6.960416666666664, 50.42375 ], [ 6.96125, 50.42375 ], [ 6.96125, 50.422916666666666 ], [ 6.967916666666664, 50.422916666666666 ], [ 6.967916666666664, 50.422083333333333 ], [ 6.96875, 50.422083333333333 ], [ 6.96875, 50.42125 ], [ 6.969583333333329, 50.42125 ], [ 6.969583333333329, 50.420416666666668 ], [ 6.970416666666662, 50.420416666666668 ], [ 6.970416666666662, 50.419583333333335 ], [ 6.97125, 50.419583333333335 ], [ 6.97125, 50.41875 ], [ 6.97208333333333, 50.41875 ], [ 6.97208333333333, 50.41791666666667 ], [ 6.97125, 50.41791666666667 ], [ 6.97125, 50.417083333333338 ], [ 6.97208333333333, 50.417083333333338 ], [ 6.97208333333333, 50.415416666666673 ], [ 6.972916666666663, 50.415416666666673 ], [ 6.972916666666663, 50.41458333333334 ], [ 6.97625, 50.41458333333334 ], [ 6.97625, 50.41375 ], [ 6.977083333333329, 50.41375 ], [ 6.977083333333329, 50.412916666666668 ], [ 6.979583333333331, 50.412916666666668 ], [ 6.979583333333331, 50.41375 ], [ 6.980416666666663, 50.41375 ], [ 6.980416666666663, 50.41458333333334 ], [ 6.982083333333328, 50.41458333333334 ], [ 6.982083333333328, 50.41375 ], [ 6.98458333333333, 50.41375 ], [ 6.98458333333333, 50.412916666666668 ], [ 6.98625, 50.412916666666668 ], [ 6.98625, 50.41125 ], [ 6.985416666666662, 50.41125 ], [ 6.985416666666662, 50.41041666666667 ], [ 6.98458333333333, 50.41041666666667 ], [ 6.98458333333333, 50.409583333333337 ], [ 6.985416666666662, 50.409583333333337 ], [ 6.985416666666662, 50.40875 ], [ 6.98625, 50.40875 ], [ 6.98625, 50.407916666666672 ], [ 6.987916666666663, 50.407916666666672 ], [ 6.987916666666663, 50.407083333333333 ], [ 6.98875, 50.407083333333333 ], [ 6.98875, 50.40625 ], [ 6.990416666666661, 50.40625 ], [ 6.990416666666661, 50.405416666666667 ], [ 6.99125, 50.405416666666667 ], [ 6.99125, 50.40291666666667 ], [ 6.990416666666661, 50.40291666666667 ], [ 6.990416666666661, 50.402083333333337 ], [ 6.989583333333329, 50.402083333333337 ], [ 6.989583333333329, 50.40125 ], [ 6.98875, 50.40125 ], [ 6.98875, 50.400416666666672 ], [ 6.987916666666663, 50.400416666666672 ], [ 6.987916666666663, 50.399583333333339 ], [ 6.98875, 50.399583333333339 ], [ 6.98875, 50.397083333333335 ], [ 6.989583333333329, 50.397083333333335 ], [ 6.989583333333329, 50.39625 ], [ 6.990416666666661, 50.39625 ], [ 6.990416666666661, 50.395416666666669 ], [ 6.99125, 50.395416666666669 ], [ 6.99125, 50.394583333333337 ], [ 6.99208333333333, 50.394583333333337 ], [ 6.99208333333333, 50.392916666666672 ], [ 6.992916666666662, 50.392916666666672 ], [ 6.992916666666662, 50.392083333333339 ], [ 6.99375, 50.392083333333339 ], [ 6.99375, 50.39125 ], [ 6.997916666666661, 50.39125 ], [ 6.997916666666661, 50.392083333333339 ], [ 7.002916666666664, 50.392083333333339 ], [ 7.00375, 50.392083333333339 ], [ 7.00375, 50.392916666666672 ], [ 7.00625, 50.392916666666672 ], [ 7.00625, 50.392083333333339 ], [ 7.00708333333333, 50.392083333333339 ], [ 7.00708333333333, 50.389583333333334 ], [ 7.007916666666663, 50.389583333333334 ], [ 7.007916666666663, 50.38875 ], [ 7.00875, 50.38875 ], [ 7.00875, 50.387083333333337 ], [ 7.009583333333328, 50.387083333333337 ], [ 7.009583333333328, 50.38625 ], [ 7.00875, 50.38625 ], [ 7.004583333333329, 50.38625 ], [ 7.004583333333329, 50.385416666666671 ], [ 7.00375, 50.385416666666671 ], [ 7.00375, 50.384583333333339 ], [ 7.002916666666664, 50.384583333333339 ], [ 7.002083333333328, 50.384583333333339 ], [ 7.002083333333328, 50.38375 ], [ 6.99958333333333, 50.38375 ], [ 6.99958333333333, 50.384583333333339 ], [ 6.99875, 50.384583333333339 ], [ 6.99875, 50.38375 ], [ 6.997916666666661, 50.38375 ], [ 6.997916666666661, 50.382916666666674 ], [ 6.997083333333329, 50.382916666666674 ], [ 6.997083333333329, 50.382083333333334 ], [ 6.99625, 50.382083333333334 ], [ 6.99625, 50.380416666666669 ], [ 6.995416666666664, 50.380416666666669 ], [ 6.995416666666664, 50.379583333333336 ], [ 6.997083333333329, 50.379583333333336 ], [ 6.997083333333329, 50.37875 ], [ 6.997916666666661, 50.37875 ], [ 6.997916666666661, 50.377916666666671 ], [ 7.002916666666664, 50.377916666666671 ], [ 7.002916666666664, 50.377083333333339 ], [ 7.00375, 50.377083333333339 ], [ 7.00375, 50.37625 ], [ 7.004583333333329, 50.37625 ], [ 7.004583333333329, 50.375416666666666 ], [ 7.005416666666662, 50.375416666666666 ], [ 7.005416666666662, 50.374583333333334 ], [ 7.00708333333333, 50.374583333333334 ], [ 7.00708333333333, 50.372916666666669 ], [ 7.007916666666663, 50.372916666666669 ], [ 7.007916666666663, 50.372083333333336 ], [ 7.00708333333333, 50.372083333333336 ], [ 7.00708333333333, 50.37125 ], [ 7.007916666666663, 50.37125 ], [ 7.007916666666663, 50.370416666666671 ], [ 7.00708333333333, 50.370416666666671 ], [ 7.00708333333333, 50.367916666666673 ], [ 7.00625, 50.367916666666673 ], [ 7.00625, 50.367083333333341 ], [ 7.00375, 50.367083333333341 ], [ 7.00375, 50.367916666666673 ], [ 7.00125, 50.367916666666673 ], [ 7.00125, 50.367083333333341 ], [ 7.000416666666663, 50.367083333333341 ], [ 7.000416666666663, 50.362916666666671 ], [ 6.99958333333333, 50.362916666666671 ], [ 6.997083333333329, 50.362916666666671 ], [ 6.997083333333329, 50.362083333333338 ], [ 6.99625, 50.362083333333338 ], [ 6.99625, 50.359583333333333 ], [ 6.995416666666664, 50.359583333333333 ], [ 6.995416666666664, 50.35875 ], [ 6.994583333333331, 50.35875 ], [ 6.99125, 50.35875 ], [ 6.99125, 50.357916666666668 ], [ 6.990416666666661, 50.357916666666668 ], [ 6.982916666666664, 50.357916666666668 ], [ 6.982916666666664, 50.357083333333335 ], [ 6.982083333333328, 50.357083333333335 ], [ 6.982083333333328, 50.35375 ], [ 6.98125, 50.35375 ], [ 6.98125, 50.35208333333334 ], [ 6.980416666666663, 50.35208333333334 ], [ 6.980416666666663, 50.35125 ], [ 6.979583333333331, 50.35125 ], [ 6.979583333333331, 50.350416666666668 ], [ 6.97875, 50.350416666666668 ], [ 6.977083333333329, 50.350416666666668 ], [ 6.977083333333329, 50.349583333333335 ], [ 6.97625, 50.349583333333335 ], [ 6.974583333333328, 50.349583333333335 ], [ 6.974583333333328, 50.34875 ], [ 6.97375, 50.34875 ], [ 6.972916666666663, 50.34875 ], [ 6.972916666666663, 50.34791666666667 ], [ 6.97208333333333, 50.34791666666667 ], [ 6.970416666666662, 50.34791666666667 ], [ 6.970416666666662, 50.347083333333337 ], [ 6.969583333333329, 50.347083333333337 ], [ 6.969583333333329, 50.34625 ], [ 6.96625, 50.34625 ], [ 6.96625, 50.347083333333337 ], [ 6.96375, 50.347083333333337 ], [ 6.96375, 50.34625 ], [ 6.962083333333329, 50.34625 ], [ 6.962083333333329, 50.347083333333337 ], [ 6.96125, 50.347083333333337 ], [ 6.96125, 50.34791666666667 ], [ 6.959583333333331, 50.34791666666667 ], [ 6.959583333333331, 50.347083333333337 ], [ 6.95875, 50.347083333333337 ], [ 6.95708333333333, 50.347083333333337 ], [ 6.95708333333333, 50.34625 ], [ 6.95625, 50.34625 ], [ 6.95375, 50.34625 ], [ 6.95375, 50.345416666666672 ], [ 6.952916666666663, 50.345416666666672 ], [ 6.952916666666663, 50.34125 ], [ 6.952083333333331, 50.34125 ], [ 6.952083333333331, 50.339583333333337 ], [ 6.95125, 50.339583333333337 ], [ 6.95125, 50.33875 ], [ 6.950416666666662, 50.33875 ], [ 6.950416666666662, 50.337916666666672 ], [ 6.949583333333329, 50.337916666666672 ], [ 6.949583333333329, 50.33875 ], [ 6.94875, 50.33875 ], [ 6.94875, 50.339583333333337 ], [ 6.939583333333328, 50.339583333333337 ], [ 6.939583333333328, 50.34041666666667 ], [ 6.932083333333331, 50.34041666666667 ], [ 6.932083333333331, 50.34125 ], [ 6.92958333333333, 50.34125 ], [ 6.92958333333333, 50.342916666666667 ], [ 6.92875, 50.342916666666667 ], [ 6.92875, 50.34375 ], [ 6.927916666666661, 50.34375 ], [ 6.927916666666661, 50.344583333333333 ], [ 6.92625, 50.344583333333333 ], [ 6.92625, 50.345416666666672 ], [ 6.925416666666663, 50.345416666666672 ], [ 6.925416666666663, 50.344583333333333 ], [ 6.92375, 50.344583333333333 ], [ 6.92375, 50.34875 ], [ 6.922916666666662, 50.34875 ], [ 6.922916666666662, 50.349583333333335 ], [ 6.92208333333333, 50.349583333333335 ], [ 6.92208333333333, 50.34875 ], [ 6.92125, 50.34875 ], [ 6.912916666666664, 50.34875 ], [ 6.912916666666664, 50.34791666666667 ], [ 6.912083333333328, 50.34791666666667 ], [ 6.90958333333333, 50.34791666666667 ], [ 6.90958333333333, 50.347083333333337 ], [ 6.90625, 50.347083333333337 ], [ 6.90625, 50.34791666666667 ], [ 6.90375, 50.34791666666667 ], [ 6.90375, 50.34875 ], [ 6.902916666666663, 50.34875 ], [ 6.902916666666663, 50.349583333333335 ], [ 6.90208333333333, 50.349583333333335 ], [ 6.90208333333333, 50.350416666666668 ], [ 6.900416666666661, 50.350416666666668 ], [ 6.900416666666661, 50.35125 ], [ 6.897916666666664, 50.35125 ], [ 6.897916666666664, 50.35208333333334 ], [ 6.89875, 50.35208333333334 ], [ 6.89875, 50.352916666666673 ], [ 6.899583333333329, 50.352916666666673 ], [ 6.899583333333329, 50.35375 ], [ 6.900416666666661, 50.35375 ], [ 6.900416666666661, 50.354583333333338 ], [ 6.90125, 50.354583333333338 ], [ 6.90125, 50.35541666666667 ], [ 6.90208333333333, 50.35541666666667 ], [ 6.90208333333333, 50.35625 ], [ 6.902916666666663, 50.35625 ], [ 6.902916666666663, 50.359583333333333 ], [ 6.90375, 50.359583333333333 ], [ 6.90375, 50.360416666666666 ], [ 6.904583333333328, 50.360416666666666 ], [ 6.904583333333328, 50.362916666666671 ], [ 6.90375, 50.362916666666671 ], [ 6.90375, 50.36375 ], [ 6.90125, 50.36375 ], [ 6.90125, 50.364583333333336 ], [ 6.899583333333329, 50.364583333333336 ], [ 6.899583333333329, 50.365416666666668 ], [ 6.89875, 50.365416666666668 ], [ 6.89875, 50.36625 ], [ 6.897916666666664, 50.36625 ], [ 6.897916666666664, 50.367083333333341 ], [ 6.89875, 50.367083333333341 ], [ 6.89875, 50.367916666666673 ], [ 6.899583333333329, 50.367916666666673 ], [ 6.899583333333329, 50.369583333333338 ], [ 6.900416666666661, 50.369583333333338 ], [ 6.900416666666661, 50.370416666666671 ], [ 6.90125, 50.370416666666671 ], [ 6.90125, 50.37125 ], [ 6.900416666666661, 50.37125 ], [ 6.900416666666661, 50.372083333333336 ], [ 6.899583333333329, 50.372083333333336 ], [ 6.899583333333329, 50.37375 ], [ 6.89875, 50.37375 ], [ 6.89875, 50.374583333333334 ], [ 6.895416666666662, 50.374583333333334 ], [ 6.895416666666662, 50.375416666666666 ], [ 6.892083333333328, 50.375416666666666 ], [ 6.892083333333328, 50.377083333333339 ], [ 6.89125, 50.377083333333339 ], [ 6.89125, 50.377916666666671 ], [ 6.88875, 50.377916666666671 ], [ 6.88875, 50.37875 ], [ 6.887916666666662, 50.37875 ], [ 6.887916666666662, 50.379583333333336 ], [ 6.887083333333329, 50.379583333333336 ], [ 6.887083333333329, 50.382083333333334 ], [ 6.887916666666662, 50.382083333333334 ], [ 6.88875, 50.382083333333334 ], [ 6.88875, 50.38625 ], [ 6.887916666666662, 50.38625 ], [ 6.887916666666662, 50.387083333333337 ], [ 6.887083333333329, 50.387083333333337 ], [ 6.887083333333329, 50.389583333333334 ], [ 6.887916666666662, 50.389583333333334 ], [ 6.887916666666662, 50.390416666666667 ], [ 6.887083333333329, 50.390416666666667 ], [ 6.887083333333329, 50.392916666666672 ], [ 6.887916666666662, 50.392916666666672 ], [ 6.887916666666662, 50.39375 ], [ 6.889583333333331, 50.39375 ], [ 6.890416666666663, 50.39375 ], [ 6.890416666666663, 50.394583333333337 ], [ 6.89125, 50.394583333333337 ], [ 6.89125, 50.395416666666669 ], [ 6.892083333333328, 50.395416666666669 ], [ 6.892083333333328, 50.39625 ], [ 6.89125, 50.39625 ], [ 6.89125, 50.397083333333335 ], [ 6.889583333333331, 50.397083333333335 ], [ 6.889583333333331, 50.39875 ], [ 6.88875, 50.39875 ], [ 6.88875, 50.399583333333339 ], [ 6.887916666666662, 50.399583333333339 ], [ 6.887916666666662, 50.40291666666667 ], [ 6.887083333333329, 50.40291666666667 ], [ 6.887083333333329, 50.40375 ], [ 6.88625, 50.40375 ], [ 6.88625, 50.404583333333335 ], [ 6.885416666666664, 50.404583333333335 ], [ 6.885416666666664, 50.405416666666667 ], [ 6.884583333333328, 50.405416666666667 ], [ 6.884583333333328, 50.40625 ], [ 6.892083333333328, 50.40625 ], [ 6.892916666666661, 50.40625 ], [ 6.892916666666661, 50.407083333333333 ], [ 6.89375, 50.407083333333333 ], [ 6.89458333333333, 50.407083333333333 ], [ 6.89458333333333, 50.407916666666672 ], [ 6.895416666666662, 50.407916666666672 ], [ 6.895416666666662, 50.40875 ], [ 6.90208333333333, 50.40875 ], [ 6.902916666666663, 50.40875 ], [ 6.902916666666663, 50.409583333333337 ], [ 6.904583333333328, 50.409583333333337 ], [ 6.905416666666664, 50.409583333333337 ], [ 6.905416666666664, 50.41041666666667 ], [ 6.90625, 50.41041666666667 ], [ 6.907083333333329, 50.41041666666667 ], [ 6.907083333333329, 50.41125 ], [ 6.907916666666662, 50.41125 ], [ 6.90875, 50.41125 ], [ 6.90875, 50.412083333333335 ], [ 6.912916666666664, 50.412083333333335 ], [ 6.91375, 50.412083333333335 ], [ 6.91375, 50.412916666666668 ], [ 6.914583333333329, 50.412916666666668 ], [ 6.914583333333329, 50.41458333333334 ], [ 6.915416666666662, 50.41458333333334 ], [ 6.915416666666662, 50.417083333333338 ], [ 6.91625, 50.417083333333338 ], [ 6.917083333333331, 50.417083333333338 ], [ 6.917083333333331, 50.41791666666667 ], [ 6.917916666666663, 50.41791666666667 ], [ 6.91875, 50.41791666666667 ], [ 6.91875, 50.41875 ], [ 6.919583333333328, 50.41875 ], [ 6.919583333333328, 50.419583333333335 ], [ 6.920416666666664, 50.419583333333335 ], [ 6.920416666666664, 50.420416666666668 ], [ 6.92125, 50.420416666666668 ], [ 6.92125, 50.422916666666666 ], [ 6.92208333333333, 50.422916666666666 ], [ 6.92208333333333, 50.424583333333338 ], [ 6.922916666666662, 50.424583333333338 ], [ 6.922916666666662, 50.425416666666671 ], [ 6.92375, 50.425416666666671 ], [ 6.92375, 50.427083333333336 ], [ 6.924583333333331, 50.427083333333336 ], [ 6.924583333333331, 50.432083333333338 ], [ 6.92375, 50.432083333333338 ], [ 6.92375, 50.435416666666669 ], [ 6.924583333333331, 50.435416666666669 ], [ 6.924583333333331, 50.437083333333334 ], [ 6.925416666666663, 50.437083333333334 ], [ 6.925416666666663, 50.43875 ], [ 6.92625, 50.43875 ], [ 6.92625, 50.439583333333339 ], [ 6.927083333333329, 50.439583333333339 ], [ 6.927083333333329, 50.440416666666671 ], [ 6.927916666666661, 50.440416666666671 ], [ 6.927916666666661, 50.44125 ], [ 6.92875, 50.44125 ], [ 6.92875, 50.442083333333336 ], [ 6.93125, 50.442083333333336 ], [ 6.932083333333331, 50.442083333333336 ], [ 6.932083333333331, 50.442916666666669 ], [ 6.932916666666664, 50.442916666666669 ], [ 6.932916666666664, 50.44375 ] ] ] } },
{ "type": "Feature", "properties": { "COMID": 23013469, "unitarea": 35.73053009907656 }, "geometry": { "type": "Polygon", "coordinates": [ [ [ 7.06625, 50.505416666666669 ], [ 7.06958333333333, 50.505416666666669 ], [ 7.06958333333333, 50.504583333333336 ], [ 7.07375, 50.504583333333336 ], [ 7.07375, 50.502916666666671 ], [ 7.074583333333329, 50.502916666666671 ], [ 7.074583333333329, 50.497916666666669 ], [ 7.08208333333333, 50.497916666666669 ], [ 7.08208333333333, 50.497083333333336 ], [ 7.082916666666662, 50.497083333333336 ], [ 7.082916666666662, 50.495416666666671 ], [ 7.08375, 50.495416666666671 ], [ 7.08375, 50.49375 ], [ 7.092916666666664, 50.49375 ], [ 7.092916666666664, 50.492916666666673 ], [ 7.09375, 50.492916666666673 ], [ 7.09375, 50.487083333333338 ], [ 7.09875, 50.487083333333338 ], [ 7.09875, 50.487916666666671 ], [ 7.100416666666664, 50.487916666666671 ], [ 7.10125, 50.487916666666671 ], [ 7.10125, 50.48875 ], [ 7.10958333333333, 50.48875 ], [ 7.10958333333333, 50.48375 ], [ 7.110416666666662, 50.48375 ], [ 7.110416666666662, 50.482916666666668 ], [ 7.11125, 50.482916666666668 ], [ 7.11125, 50.482083333333335 ], [ 7.110416666666662, 50.482083333333335 ], [ 7.110416666666662, 50.48125 ], [ 7.11125, 50.48125 ], [ 7.11125, 50.48041666666667 ], [ 7.112083333333331, 50.48041666666667 ], [ 7.112083333333331, 50.47875 ], [ 7.119583333333328, 50.47875 ], [ 7.119583333333328, 50.477916666666673 ], [ 7.11875, 50.477916666666673 ], [ 7.11875, 50.47625 ], [ 7.117916666666662, 50.47625 ], [ 7.117916666666662, 50.475416666666668 ], [ 7.11875, 50.475416666666668 ], [ 7.11875, 50.47375 ], [ 7.119583333333328, 50.47375 ], [ 7.119583333333328, 50.47291666666667 ], [ 7.120416666666664, 50.47291666666667 ], [ 7.120416666666664, 50.472083333333337 ], [ 7.119583333333328, 50.472083333333337 ], [ 7.119583333333328, 50.47125 ], [ 7.11875, 50.47125 ], [ 7.11875, 50.46625 ], [ 7.12125, 50.46625 ], [ 7.12125, 50.46541666666667 ], [ 7.122916666666661, 50.46541666666667 ], [ 7.122916666666661, 50.464583333333337 ], [ 7.125416666666663, 50.464583333333337 ], [ 7.125416666666663, 50.462916666666672 ], [ 7.12458333333333, 50.462916666666672 ], [ 7.12458333333333, 50.46125 ], [ 7.12375, 50.46125 ], [ 7.12375, 50.460416666666674 ], [ 7.122916666666661, 50.460416666666674 ], [ 7.122916666666661, 50.459583333333335 ], [ 7.122083333333329, 50.459583333333335 ], [ 7.120416666666664, 50.459583333333335 ], [ 7.120416666666664, 50.45875 ], [ 7.119583333333328, 50.45875 ], [ 7.119583333333328, 50.459583333333335 ], [ 7.11875, 50.459583333333335 ], [ 7.11875, 50.45875 ], [ 7.117916666666662, 50.45875 ], [ 7.11625, 50.45875 ], [ 7.11625, 50.457916666666669 ], [ 7.11708333333333, 50.457916666666669 ], [ 7.11708333333333, 50.45375 ], [ 7.11625, 50.45375 ], [ 7.115416666666661, 50.45375 ], [ 7.115416666666661, 50.452916666666667 ], [ 7.114583333333329, 50.452916666666667 ], [ 7.11125, 50.452916666666667 ], [ 7.11125, 50.452083333333334 ], [ 7.110416666666662, 50.452083333333334 ], [ 7.10875, 50.452083333333334 ], [ 7.10875, 50.45125 ], [ 7.107916666666664, 50.45125 ], [ 7.107916666666664, 50.450416666666669 ], [ 7.107083333333328, 50.450416666666669 ], [ 7.104583333333331, 50.450416666666669 ], [ 7.104583333333331, 50.449583333333337 ], [ 7.10375, 50.449583333333337 ], [ 7.10125, 50.449583333333337 ], [ 7.10125, 50.44875 ], [ 7.100416666666664, 50.44875 ], [ 7.09875, 50.44875 ], [ 7.09875, 50.447916666666671 ], [ 7.097916666666663, 50.447916666666671 ], [ 7.09708333333333, 50.447916666666671 ], [ 7.09708333333333, 50.447083333333339 ], [ 7.09625, 50.447083333333339 ], [ 7.095416666666662, 50.447083333333339 ], [ 7.095416666666662, 50.44625 ], [ 7.094583333333329, 50.44625 ], [ 7.094583333333329, 50.442083333333336 ], [ 7.09375, 50.442083333333336 ], [ 7.092916666666664, 50.442083333333336 ], [ 7.092916666666664, 50.44125 ], [ 7.092083333333328, 50.44125 ], [ 7.092083333333328, 50.440416666666671 ], [ 7.09125, 50.440416666666671 ], [ 7.09125, 50.439583333333339 ], [ 7.090416666666663, 50.439583333333339 ], [ 7.08958333333333, 50.439583333333339 ], [ 7.08958333333333, 50.43875 ], [ 7.08875, 50.43875 ], [ 7.087916666666661, 50.43875 ], [ 7.087916666666661, 50.437916666666666 ], [ 7.087083333333329, 50.437916666666666 ], [ 7.08625, 50.437916666666666 ], [ 7.08625, 50.437083333333334 ], [ 7.085416666666664, 50.437083333333334 ], [ 7.08375, 50.437083333333334 ], [ 7.08375, 50.43625 ], [ 7.082916666666662, 50.43625 ], [ 7.08208333333333, 50.43625 ], [ 7.08208333333333, 50.435416666666669 ], [ 7.08125, 50.435416666666669 ], [ 7.08125, 50.434583333333336 ], [ 7.080416666666661, 50.434583333333336 ], [ 7.077083333333331, 50.434583333333336 ], [ 7.077083333333331, 50.43375 ], [ 7.07625, 50.43375 ], [ 7.07625, 50.432916666666671 ], [ 7.075416666666662, 50.432916666666671 ], [ 7.075416666666662, 50.43375 ], [ 7.074583333333329, 50.43375 ], [ 7.074583333333329, 50.432916666666671 ], [ 7.07375, 50.432916666666671 ], [ 7.07375, 50.432083333333338 ], [ 7.072916666666664, 50.432083333333338 ], [ 7.072916666666664, 50.43125 ], [ 7.072083333333328, 50.43125 ], [ 7.072083333333328, 50.432083333333338 ], [ 7.07125, 50.432083333333338 ], [ 7.07125, 50.43125 ], [ 7.070416666666663, 50.43125 ], [ 7.064583333333328, 50.43125 ], [ 7.064583333333328, 50.430416666666673 ], [ 7.06375, 50.430416666666673 ], [ 7.06375, 50.43125 ], [ 7.062916666666663, 50.43125 ], [ 7.062916666666663, 50.430416666666673 ], [ 7.06208333333333, 50.430416666666673 ], [ 7.059583333333329, 50.430416666666673 ], [ 7.059583333333329, 50.429583333333341 ], [ 7.05875, 50.429583333333341 ], [ 7.05875, 50.430416666666673 ], [ 7.057083333333331, 50.430416666666673 ], [ 7.057083333333331, 50.43125 ], [ 7.055416666666662, 50.43125 ], [ 7.055416666666662, 50.432083333333338 ], [ 7.05375, 50.432083333333338 ], [ 7.05375, 50.432916666666671 ], [ 7.052916666666661, 50.432916666666671 ], [ 7.052916666666661, 50.435416666666669 ], [ 7.052083333333329, 50.435416666666669 ], [ 7.052083333333329, 50.43625 ], [ 7.05125, 50.43625 ], [ 7.05125, 50.437083333333334 ], [ 7.050416666666663, 50.437083333333334 ], [ 7.050416666666663, 50.43875 ], [ 7.05125, 50.43875 ], [ 7.05125, 50.439583333333339 ], [ 7.050416666666663, 50.439583333333339 ], [ 7.050416666666663, 50.440416666666671 ], [ 7.049583333333331, 50.440416666666671 ], [ 7.049583333333331, 50.44125 ], [ 7.04875, 50.44125 ], [ 7.04875, 50.442083333333336 ], [ 7.047916666666662, 50.442083333333336 ], [ 7.047916666666662, 50.444583333333334 ], [ 7.04708333333333, 50.444583333333334 ], [ 7.04708333333333, 50.44625 ], [ 7.047916666666662, 50.44625 ], [ 7.047916666666662, 50.44875 ], [ 7.04708333333333, 50.44875 ], [ 7.04708333333333, 50.449583333333337 ], [ 7.04625, 50.449583333333337 ], [ 7.04625, 50.450416666666669 ], [ 7.044583333333328, 50.450416666666669 ], [ 7.044583333333328, 50.45125 ], [ 7.042083333333331, 50.45125 ], [ 7.042083333333331, 50.452083333333334 ], [ 7.042916666666663, 50.452083333333334 ], [ 7.042916666666663, 50.452916666666667 ], [ 7.04375, 50.452916666666667 ], [ 7.04375, 50.45375 ], [ 7.042916666666663, 50.45375 ], [ 7.042916666666663, 50.45625 ], [ 7.042083333333331, 50.45625 ], [ 7.042083333333331, 50.45875 ], [ 7.042916666666663, 50.45875 ], [ 7.042916666666663, 50.459583333333335 ], [ 7.04375, 50.459583333333335 ], [ 7.04375, 50.46125 ], [ 7.042916666666663, 50.46125 ], [ 7.042916666666663, 50.462916666666672 ], [ 7.040416666666662, 50.462916666666672 ], [ 7.040416666666662, 50.46375 ], [ 7.039583333333329, 50.46375 ], [ 7.039583333333329, 50.46541666666667 ], [ 7.03875, 50.46541666666667 ], [ 7.03875, 50.467083333333335 ], [ 7.039583333333329, 50.467083333333335 ], [ 7.039583333333329, 50.46875 ], [ 7.03875, 50.46875 ], [ 7.03875, 50.469583333333333 ], [ 7.037916666666664, 50.469583333333333 ], [ 7.037916666666664, 50.470416666666672 ], [ 7.037083333333328, 50.470416666666672 ], [ 7.037083333333328, 50.47125 ], [ 7.03625, 50.47125 ], [ 7.03625, 50.472083333333337 ], [ 7.032083333333329, 50.472083333333337 ], [ 7.032083333333329, 50.47291666666667 ], [ 7.029583333333328, 50.47291666666667 ], [ 7.029583333333328, 50.47375 ], [ 7.02875, 50.47375 ], [ 7.02875, 50.474583333333335 ], [ 7.027916666666663, 50.474583333333335 ], [ 7.027916666666663, 50.47625 ], [ 7.02708333333333, 50.47625 ], [ 7.02708333333333, 50.47708333333334 ], [ 7.025416666666661, 50.47708333333334 ], [ 7.025416666666661, 50.477916666666673 ], [ 7.024583333333329, 50.477916666666673 ], [ 7.024583333333329, 50.47875 ], [ 7.02375, 50.47875 ], [ 7.02375, 50.479583333333338 ], [ 7.022916666666664, 50.479583333333338 ], [ 7.022916666666664, 50.48041666666667 ], [ 7.02375, 50.48041666666667 ], [ 7.02375, 50.48125 ], [ 7.024583333333329, 50.48125 ], [ 7.024583333333329, 50.482083333333335 ], [ 7.025416666666661, 50.482083333333335 ], [ 7.025416666666661, 50.482916666666668 ], [ 7.02625, 50.482916666666668 ], [ 7.02625, 50.48375 ], [ 7.02708333333333, 50.48375 ], [ 7.02708333333333, 50.484583333333333 ], [ 7.027916666666663, 50.484583333333333 ], [ 7.027916666666663, 50.485416666666666 ], [ 7.02875, 50.485416666666666 ], [ 7.02875, 50.48625 ], [ 7.029583333333328, 50.48625 ], [ 7.029583333333328, 50.487083333333338 ], [ 7.030416666666664, 50.487083333333338 ], [ 7.030416666666664, 50.48875 ], [ 7.029583333333328, 50.48875 ], [ 7.029583333333328, 50.490416666666668 ], [ 7.02875, 50.490416666666668 ], [ 7.02875, 50.492916666666673 ], [ 7.027916666666663, 50.492916666666673 ], [ 7.027916666666663, 50.494583333333338 ], [ 7.02708333333333, 50.494583333333338 ], [ 7.02708333333333, 50.495416666666671 ], [ 7.02625, 50.495416666666671 ], [ 7.02625, 50.49625 ], [ 7.025416666666661, 50.49625 ], [ 7.025416666666661, 50.497083333333336 ], [ 7.02708333333333, 50.497083333333336 ], [ 7.027916666666663, 50.497083333333336 ], [ 7.027916666666663, 50.497916666666669 ], [ 7.032083333333329, 50.497916666666669 ], [ 7.032083333333329, 50.497083333333336 ], [ 7.039583333333329, 50.497083333333336 ], [ 7.039583333333329, 50.49625 ], [ 7.042083333333331, 50.49625 ], [ 7.042083333333331, 50.495416666666671 ], [ 7.04708333333333, 50.495416666666671 ], [ 7.04708333333333, 50.49625 ], [ 7.049583333333331, 50.49625 ], [ 7.050416666666663, 50.49625 ], [ 7.050416666666663, 50.497083333333336 ], [ 7.052083333333329, 50.497083333333336 ], [ 7.052916666666661, 50.497083333333336 ], [ 7.052916666666661, 50.497916666666669 ], [ 7.05375, 50.497916666666669 ], [ 7.05375, 50.49875 ], [ 7.05458333333333, 50.49875 ], [ 7.05458333333333, 50.499583333333334 ], [ 7.055416666666662, 50.499583333333334 ], [ 7.055416666666662, 50.500416666666666 ], [ 7.05625, 50.500416666666666 ], [ 7.05625, 50.502083333333339 ], [ 7.057083333333331, 50.502083333333339 ], [ 7.057083333333331, 50.502916666666671 ], [ 7.057916666666664, 50.502916666666671 ], [ 7.05875, 50.502916666666671 ], [ 7.05875, 50.50375 ], [ 7.059583333333329, 50.50375 ], [ 7.060416666666661, 50.50375 ], [ 7.060416666666661, 50.504583333333336 ], [ 7.06125, 50.504583333333336 ], [ 7.06125, 50.50375 ], [ 7.06375, 50.50375 ], [ 7.06375, 50.504583333333336 ], [ 7.065416666666664, 50.504583333333336 ], [ 7.06625, 50.504583333333336 ], [ 7.06625, 50.505416666666669 ] ] ] } },
{ "type": "Feature", "properties": { "COMID": 23013225, "unitarea": 47.263873119584169 }, "geometry": { "type": "Polygon", "coordinates": [ [ [ 6.830416666666661, 50.362916666666671 ], [ 6.83125, 50.362916666666671 ], [ 6.83125, 50.362083333333338 ], [ 6.835416666666664, 50.362083333333338 ], [ 6.835416666666664, 50.36125 ], [ 6.83625, 50.36125 ], [ 6.83625, 50.359583333333333 ], [ 6.837916666666661, 50.359583333333333 ], [ 6.837916666666661, 50.357083333333335 ], [ 6.837083333333329, 50.357083333333335 ], [ 6.837083333333329, 50.35625 ], [ 6.83625, 50.35625 ], [ 6.83625, 50.35541666666667 ], [ 6.835416666666664, 50.35541666666667 ], [ 6.835416666666664, 50.354583333333338 ], [ 6.83625, 50.354583333333338 ], [ 6.83625, 50.35375 ], [ 6.83875, 50.35375 ], [ 6.83875, 50.35125 ], [ 6.83958333333333, 50.35125 ], [ 6.83958333333333, 50.350416666666668 ], [ 6.842083333333328, 50.350416666666668 ], [ 6.842083333333328, 50.349583333333335 ], [ 6.84375, 50.349583333333335 ], [ 6.84375, 50.34875 ], [ 6.84625, 50.34875 ], [ 6.84625, 50.349583333333335 ], [ 6.85125, 50.349583333333335 ], [ 6.85125, 50.34875 ], [ 6.852083333333329, 50.34875 ], [ 6.852083333333329, 50.34791666666667 ], [ 6.852916666666662, 50.34791666666667 ], [ 6.852916666666662, 50.347083333333337 ], [ 6.85375, 50.347083333333337 ], [ 6.85375, 50.34625 ], [ 6.854583333333331, 50.34625 ], [ 6.854583333333331, 50.345416666666672 ], [ 6.855416666666663, 50.345416666666672 ], [ 6.855416666666663, 50.342916666666667 ], [ 6.85625, 50.342916666666667 ], [ 6.85625, 50.34125 ], [ 6.857916666666664, 50.34125 ], [ 6.857916666666664, 50.34041666666667 ], [ 6.85875, 50.34041666666667 ], [ 6.85875, 50.339583333333337 ], [ 6.857916666666664, 50.339583333333337 ], [ 6.857916666666664, 50.337916666666672 ], [ 6.86125, 50.337916666666672 ], [ 6.86125, 50.33625 ], [ 6.862083333333331, 50.33625 ], [ 6.862083333333331, 50.335416666666674 ], [ 6.862916666666663, 50.335416666666674 ], [ 6.862916666666663, 50.334583333333335 ], [ 6.867916666666662, 50.334583333333335 ], [ 6.867916666666662, 50.335416666666674 ], [ 6.872083333333329, 50.335416666666674 ], [ 6.872916666666661, 50.335416666666674 ], [ 6.872916666666661, 50.33625 ], [ 6.87375, 50.33625 ], [ 6.87458333333333, 50.33625 ], [ 6.87458333333333, 50.337083333333339 ], [ 6.87625, 50.337083333333339 ], [ 6.877083333333328, 50.337083333333339 ], [ 6.877083333333328, 50.337916666666672 ], [ 6.879583333333329, 50.337916666666672 ], [ 6.880416666666662, 50.337916666666672 ], [ 6.880416666666662, 50.33875 ], [ 6.88125, 50.33875 ], [ 6.88125, 50.339583333333337 ], [ 6.88208333333333, 50.339583333333337 ], [ 6.88208333333333, 50.33875 ], [ 6.892083333333328, 50.33875 ], [ 6.892083333333328, 50.337916666666672 ], [ 6.89375, 50.337916666666672 ], [ 6.89375, 50.337083333333339 ], [ 6.89458333333333, 50.337083333333339 ], [ 6.89458333333333, 50.33625 ], [ 6.899583333333329, 50.33625 ], [ 6.899583333333329, 50.335416666666674 ], [ 6.900416666666661, 50.335416666666674 ], [ 6.900416666666661, 50.33625 ], [ 6.90208333333333, 50.33625 ], [ 6.90208333333333, 50.334583333333335 ], [ 6.90375, 50.334583333333335 ], [ 6.90375, 50.33375 ], [ 6.904583333333328, 50.33375 ], [ 6.904583333333328, 50.334583333333335 ], [ 6.90875, 50.334583333333335 ], [ 6.90958333333333, 50.334583333333335 ], [ 6.90958333333333, 50.335416666666674 ], [ 6.910416666666663, 50.335416666666674 ], [ 6.91125, 50.335416666666674 ], [ 6.91125, 50.33625 ], [ 6.912916666666664, 50.33625 ], [ 6.91375, 50.33625 ], [ 6.91375, 50.337083333333339 ], [ 6.915416666666662, 50.337083333333339 ], [ 6.915416666666662, 50.33625 ], [ 6.91875, 50.33625 ], [ 6.91875, 50.335416666666674 ], [ 6.92208333333333, 50.335416666666674 ], [ 6.92208333333333, 50.334583333333335 ], [ 6.922916666666662, 50.334583333333335 ], [ 6.922916666666662, 50.33375 ], [ 6.92625, 50.33375 ], [ 6.92625, 50.334583333333335 ], [ 6.92958333333333, 50.334583333333335 ], [ 6.92958333333333, 50.33375 ], [ 6.930416666666662, 50.33375 ], [ 6.930416666666662, 50.332916666666669 ], [ 6.932083333333331, 50.332916666666669 ], [ 6.932083333333331, 50.332083333333337 ], [ 6.932916666666664, 50.332083333333337 ], [ 6.932916666666664, 50.332916666666669 ], [ 6.93375, 50.332916666666669 ], [ 6.93375, 50.332083333333337 ], [ 6.934583333333329, 50.332083333333337 ], [ 6.934583333333329, 50.33125 ], [ 6.935416666666661, 50.33125 ], [ 6.935416666666661, 50.329583333333339 ], [ 6.937916666666663, 50.329583333333339 ], [ 6.937916666666663, 50.330416666666672 ], [ 6.93875, 50.330416666666672 ], [ 6.93875, 50.33125 ], [ 6.939583333333328, 50.33125 ], [ 6.939583333333328, 50.332083333333337 ], [ 6.940416666666664, 50.332083333333337 ], [ 6.940416666666664, 50.33125 ], [ 6.942083333333329, 50.33125 ], [ 6.942083333333329, 50.332083333333337 ], [ 6.942916666666662, 50.332083333333337 ], [ 6.942916666666662, 50.332916666666669 ], [ 6.94375, 50.332916666666669 ], [ 6.94375, 50.332083333333337 ], [ 6.94458333333333, 50.332083333333337 ], [ 6.94458333333333, 50.33125 ], [ 6.945416666666663, 50.33125 ], [ 6.945416666666663, 50.330416666666672 ], [ 6.94625, 50.330416666666672 ], [ 6.94625, 50.32875 ], [ 6.947083333333328, 50.32875 ], [ 6.947083333333328, 50.327916666666667 ], [ 6.947916666666664, 50.327916666666667 ], [ 6.947916666666664, 50.327083333333334 ], [ 6.94875, 50.327083333333334 ], [ 6.94875, 50.325416666666669 ], [ 6.947916666666664, 50.325416666666669 ], [ 6.947916666666664, 50.32375 ], [ 6.947083333333328, 50.32375 ], [ 6.947083333333328, 50.32125 ], [ 6.94625, 50.32125 ], [ 6.94625, 50.320416666666674 ], [ 6.945416666666663, 50.320416666666674 ], [ 6.94458333333333, 50.320416666666674 ], [ 6.94458333333333, 50.319583333333334 ], [ 6.94375, 50.319583333333334 ], [ 6.94375, 50.317916666666669 ], [ 6.942916666666662, 50.317916666666669 ], [ 6.942083333333329, 50.317916666666669 ], [ 6.942083333333329, 50.317083333333336 ], [ 6.94125, 50.317083333333336 ], [ 6.94125, 50.31375 ], [ 6.940416666666664, 50.31375 ], [ 6.940416666666664, 50.312083333333334 ], [ 6.94125, 50.312083333333334 ], [ 6.94125, 50.31125 ], [ 6.942083333333329, 50.31125 ], [ 6.942083333333329, 50.310416666666669 ], [ 6.942916666666662, 50.310416666666669 ], [ 6.942916666666662, 50.309583333333336 ], [ 6.94375, 50.309583333333336 ], [ 6.94375, 50.307916666666671 ], [ 6.94458333333333, 50.307916666666671 ], [ 6.94458333333333, 50.30625 ], [ 6.947083333333328, 50.30625 ], [ 6.947083333333328, 50.305416666666673 ], [ 6.947916666666664, 50.305416666666673 ], [ 6.947916666666664, 50.302916666666668 ], [ 6.949583333333329, 50.302916666666668 ], [ 6.949583333333329, 50.299583333333338 ], [ 6.950416666666662, 50.299583333333338 ], [ 6.950416666666662, 50.297916666666666 ], [ 6.95125, 50.297916666666666 ], [ 6.95125, 50.297083333333333 ], [ 6.952083333333331, 50.297083333333333 ], [ 6.952083333333331, 50.295416666666668 ], [ 6.95375, 50.295416666666668 ], [ 6.95375, 50.294583333333335 ], [ 6.954583333333328, 50.294583333333335 ], [ 6.954583333333328, 50.29375 ], [ 6.955416666666661, 50.29375 ], [ 6.955416666666661, 50.29291666666667 ], [ 6.95625, 50.29291666666667 ], [ 6.95625, 50.292083333333338 ], [ 6.95708333333333, 50.292083333333338 ], [ 6.95708333333333, 50.290416666666673 ], [ 6.95625, 50.290416666666673 ], [ 6.95625, 50.28958333333334 ], [ 6.955416666666661, 50.28958333333334 ], [ 6.955416666666661, 50.28875 ], [ 6.95625, 50.28875 ], [ 6.95625, 50.287916666666668 ], [ 6.955416666666661, 50.287916666666668 ], [ 6.955416666666661, 50.287083333333335 ], [ 6.954583333333328, 50.287083333333335 ], [ 6.952083333333331, 50.287083333333335 ], [ 6.952083333333331, 50.282916666666672 ], [ 6.95125, 50.282916666666672 ], [ 6.949583333333329, 50.282916666666672 ], [ 6.949583333333329, 50.282083333333333 ], [ 6.94875, 50.282083333333333 ], [ 6.947916666666664, 50.282083333333333 ], [ 6.947916666666664, 50.27791666666667 ], [ 6.94875, 50.27791666666667 ], [ 6.94875, 50.277083333333337 ], [ 6.949583333333329, 50.277083333333337 ], [ 6.949583333333329, 50.27625 ], [ 6.95125, 50.27625 ], [ 6.95125, 50.275416666666672 ], [ 6.952083333333331, 50.275416666666672 ], [ 6.952083333333331, 50.274583333333339 ], [ 6.952916666666663, 50.274583333333339 ], [ 6.952916666666663, 50.272916666666674 ], [ 6.952083333333331, 50.272916666666674 ], [ 6.952083333333331, 50.272083333333335 ], [ 6.95125, 50.272083333333335 ], [ 6.94458333333333, 50.272083333333335 ], [ 6.94458333333333, 50.27125 ], [ 6.94375, 50.27125 ], [ 6.942083333333329, 50.27125 ], [ 6.942083333333329, 50.270416666666669 ], [ 6.939583333333328, 50.270416666666669 ], [ 6.939583333333328, 50.27125 ], [ 6.93875, 50.27125 ], [ 6.93875, 50.272083333333335 ], [ 6.93708333333333, 50.272083333333335 ], [ 6.93708333333333, 50.272916666666674 ], [ 6.93625, 50.272916666666674 ], [ 6.93625, 50.272083333333335 ], [ 6.935416666666661, 50.272083333333335 ], [ 6.935416666666661, 50.27125 ], [ 6.934583333333329, 50.27125 ], [ 6.932083333333331, 50.27125 ], [ 6.932083333333331, 50.270416666666669 ], [ 6.92958333333333, 50.270416666666669 ], [ 6.92958333333333, 50.27125 ], [ 6.92875, 50.27125 ], [ 6.92875, 50.270416666666669 ], [ 6.927916666666661, 50.270416666666669 ], [ 6.919583333333328, 50.270416666666669 ], [ 6.919583333333328, 50.269583333333337 ], [ 6.91875, 50.269583333333337 ], [ 6.91625, 50.269583333333337 ], [ 6.91625, 50.26875 ], [ 6.914583333333329, 50.26875 ], [ 6.914583333333329, 50.269583333333337 ], [ 6.912083333333328, 50.269583333333337 ], [ 6.912083333333328, 50.270416666666669 ], [ 6.91125, 50.270416666666669 ], [ 6.91125, 50.27125 ], [ 6.90875, 50.27125 ], [ 6.90875, 50.272083333333335 ], [ 6.904583333333328, 50.272083333333335 ], [ 6.904583333333328, 50.272916666666674 ], [ 6.902916666666663, 50.272916666666674 ], [ 6.902916666666663, 50.274583333333339 ], [ 6.90208333333333, 50.274583333333339 ], [ 6.90208333333333, 50.275416666666672 ], [ 6.900416666666661, 50.275416666666672 ], [ 6.900416666666661, 50.27625 ], [ 6.899583333333329, 50.27625 ], [ 6.899583333333329, 50.277083333333337 ], [ 6.89875, 50.277083333333337 ], [ 6.89875, 50.27791666666667 ], [ 6.897916666666664, 50.27791666666667 ], [ 6.897916666666664, 50.27875 ], [ 6.895416666666662, 50.27875 ], [ 6.895416666666662, 50.282083333333333 ], [ 6.89375, 50.282083333333333 ], [ 6.89375, 50.28375 ], [ 6.892916666666661, 50.28375 ], [ 6.892916666666661, 50.284583333333337 ], [ 6.892083333333328, 50.284583333333337 ], [ 6.892083333333328, 50.28541666666667 ], [ 6.89125, 50.28541666666667 ], [ 6.89125, 50.28625 ], [ 6.890416666666663, 50.28625 ], [ 6.890416666666663, 50.287916666666668 ], [ 6.89125, 50.287916666666668 ], [ 6.89125, 50.28875 ], [ 6.892083333333328, 50.28875 ], [ 6.892083333333328, 50.29125 ], [ 6.892916666666661, 50.29125 ], [ 6.892916666666661, 50.29375 ], [ 6.892083333333328, 50.29375 ], [ 6.892083333333328, 50.295416666666668 ], [ 6.89125, 50.295416666666668 ], [ 6.89125, 50.297083333333333 ], [ 6.890416666666663, 50.297083333333333 ], [ 6.890416666666663, 50.297916666666666 ], [ 6.889583333333331, 50.297916666666666 ], [ 6.889583333333331, 50.297083333333333 ], [ 6.88875, 50.297083333333333 ], [ 6.88875, 50.297916666666666 ], [ 6.877916666666664, 50.297916666666666 ], [ 6.877916666666664, 50.29875 ], [ 6.877083333333328, 50.29875 ], [ 6.877083333333328, 50.300416666666671 ], [ 6.87625, 50.300416666666671 ], [ 6.87625, 50.302083333333336 ], [ 6.87458333333333, 50.302083333333336 ], [ 6.87458333333333, 50.302916666666668 ], [ 6.872083333333329, 50.302916666666668 ], [ 6.872083333333329, 50.30375 ], [ 6.87125, 50.30375 ], [ 6.87125, 50.304583333333341 ], [ 6.867916666666662, 50.304583333333341 ], [ 6.867916666666662, 50.305416666666673 ], [ 6.86625, 50.305416666666673 ], [ 6.86625, 50.30625 ], [ 6.865416666666661, 50.30625 ], [ 6.865416666666661, 50.307083333333338 ], [ 6.864583333333329, 50.307083333333338 ], [ 6.864583333333329, 50.307916666666671 ], [ 6.86375, 50.307916666666671 ], [ 6.86375, 50.30875 ], [ 6.86125, 50.30875 ], [ 6.86125, 50.309583333333336 ], [ 6.857083333333328, 50.309583333333336 ], [ 6.857083333333328, 50.310416666666669 ], [ 6.854583333333331, 50.310416666666669 ], [ 6.854583333333331, 50.312083333333334 ], [ 6.852916666666662, 50.312083333333334 ], [ 6.852916666666662, 50.312916666666666 ], [ 6.852083333333329, 50.312916666666666 ], [ 6.852083333333329, 50.31375 ], [ 6.850416666666664, 50.31375 ], [ 6.850416666666664, 50.314583333333339 ], [ 6.84708333333333, 50.314583333333339 ], [ 6.84708333333333, 50.315416666666671 ], [ 6.844583333333329, 50.315416666666671 ], [ 6.844583333333329, 50.31625 ], [ 6.840416666666663, 50.31625 ], [ 6.840416666666663, 50.315416666666671 ], [ 6.83958333333333, 50.315416666666671 ], [ 6.83958333333333, 50.31625 ], [ 6.837916666666661, 50.31625 ], [ 6.837916666666661, 50.317916666666669 ], [ 6.837083333333329, 50.317916666666669 ], [ 6.837083333333329, 50.31875 ], [ 6.83625, 50.31875 ], [ 6.83625, 50.319583333333334 ], [ 6.835416666666664, 50.319583333333334 ], [ 6.835416666666664, 50.320416666666674 ], [ 6.83375, 50.320416666666674 ], [ 6.83375, 50.322083333333339 ], [ 6.832916666666662, 50.322083333333339 ], [ 6.832916666666662, 50.322916666666671 ], [ 6.83208333333333, 50.322916666666671 ], [ 6.83208333333333, 50.32375 ], [ 6.83125, 50.32375 ], [ 6.83125, 50.324583333333337 ], [ 6.82875, 50.324583333333337 ], [ 6.82875, 50.325416666666669 ], [ 6.827916666666663, 50.325416666666669 ], [ 6.827916666666663, 50.32625 ], [ 6.827083333333331, 50.32625 ], [ 6.827083333333331, 50.327083333333334 ], [ 6.82625, 50.327083333333334 ], [ 6.82625, 50.327916666666667 ], [ 6.822083333333328, 50.327916666666667 ], [ 6.822083333333328, 50.330416666666672 ], [ 6.822916666666664, 50.330416666666672 ], [ 6.822916666666664, 50.332916666666669 ], [ 6.82125, 50.332916666666669 ], [ 6.82125, 50.33375 ], [ 6.820416666666663, 50.33375 ], [ 6.820416666666663, 50.337083333333339 ], [ 6.81958333333333, 50.337083333333339 ], [ 6.81958333333333, 50.33875 ], [ 6.81875, 50.33875 ], [ 6.81875, 50.34041666666667 ], [ 6.817916666666662, 50.34041666666667 ], [ 6.817916666666662, 50.34125 ], [ 6.81875, 50.34125 ], [ 6.81875, 50.342916666666667 ], [ 6.81958333333333, 50.342916666666667 ], [ 6.81958333333333, 50.34375 ], [ 6.81875, 50.34375 ], [ 6.81875, 50.344583333333333 ], [ 6.81958333333333, 50.344583333333333 ], [ 6.81958333333333, 50.347083333333337 ], [ 6.820416666666663, 50.347083333333337 ], [ 6.820416666666663, 50.34791666666667 ], [ 6.82125, 50.34791666666667 ], [ 6.82125, 50.35125 ], [ 6.822083333333328, 50.35125 ], [ 6.822083333333328, 50.35208333333334 ], [ 6.822916666666664, 50.35208333333334 ], [ 6.822916666666664, 50.352916666666673 ], [ 6.822083333333328, 50.352916666666673 ], [ 6.822083333333328, 50.354583333333338 ], [ 6.822916666666664, 50.354583333333338 ], [ 6.822916666666664, 50.35541666666667 ], [ 6.82375, 50.35541666666667 ], [ 6.82375, 50.357083333333335 ], [ 6.824583333333329, 50.357083333333335 ], [ 6.824583333333329, 50.35875 ], [ 6.825416666666662, 50.35875 ], [ 6.82625, 50.35875 ], [ 6.82625, 50.359583333333333 ], [ 6.827916666666663, 50.359583333333333 ], [ 6.82875, 50.359583333333333 ], [ 6.82875, 50.36125 ], [ 6.829583333333328, 50.36125 ], [ 6.829583333333328, 50.362083333333338 ], [ 6.830416666666661, 50.362083333333338 ], [ 6.830416666666661, 50.362916666666671 ] ] ] } }
]
}
