{
"type": "FeatureCollection",
"name": "ahr_catchment_Marg_additionalsrc_cutpolygon",
"crs": { "type": "name", "properties": { "name": "urn:ogc:def:crs:OGC:1.3:CRS84" } },
"xy_coordinate_resolution": 1e-15,
"features": [
{ "type": "Feature", "properties": { "COMID": 23010851, "unitarea": 47.549767236603863 }, "geometry": { "type": "MultiPolygon", "coordinates": [ [ [ [ 7.18125, 50.57625 ], [ 7.184583333333329, 50.57625 ], [ 7.184583333333329, 50.575416666666669 ], [ 7.18625, 50.575416666666669 ], [ 7.18625, 50.574583333333337 ], [ 7.189583333333328, 50.574583333333337 ], [ 7.189583333333328, 50.57375 ], [ 7.192916666666662, 50.57375 ], [ 7.192916666666662, 50.572916666666671 ], [ 7.195416666666663, 50.572916666666671 ], [ 7.195416666666663, 50.572083333333339 ], [ 7.19625, 50.572083333333339 ], [ 7.19625, 50.57125 ], [ 7.19875, 50.57125 ], [ 7.19875, 50.570416666666674 ], [ 7.20375, 50.570416666666674 ], [ 7.20375, 50.569583333333334 ], [ 7.204583333333328, 50.569583333333334 ], [ 7.204583333333328, 50.567916666666669 ], [ 7.20875, 50.567916666666669 ], [ 7.20875, 50.56875 ], [ 7.21125, 50.56875 ], [ 7.212083333333329, 50.56875 ], [ 7.212083333333329, 50.569583333333334 ], [ 7.212916666666661, 50.569583333333334 ], [ 7.212916666666661, 50.56875 ], [ 7.21458333333333, 50.56875 ], [ 7.21458333333333, 50.569583333333334 ], [ 7.217916666666664, 50.569583333333334 ], [ 7.217916666666664, 50.56875 ], [ 7.22125, 50.56875 ], [ 7.22125, 50.567083333333336 ], [ 7.225416666666664, 50.567083333333336 ], [ 7.225416666666664, 50.565416666666671 ], [ 7.22625, 50.565416666666671 ], [ 7.22625, 50.564583333333339 ], [ 7.227916666666662, 50.564583333333339 ], [ 7.227916666666662, 50.56375 ], [ 7.229583333333331, 50.56375 ], [ 7.229583333333331, 50.56125 ], [ 7.230416666666663, 50.56125 ], [ 7.230416666666663, 50.560416666666669 ], [ 7.23125, 50.560416666666669 ], [ 7.23125, 50.559583333333336 ], [ 7.232083333333328, 50.559583333333336 ], [ 7.232083333333328, 50.55875 ], [ 7.23375, 50.55875 ], [ 7.23375, 50.559583333333336 ], [ 7.23458333333333, 50.559583333333336 ], [ 7.23458333333333, 50.560416666666669 ], [ 7.235416666666662, 50.560416666666669 ], [ 7.235416666666662, 50.56125 ], [ 7.237083333333331, 50.56125 ], [ 7.237916666666663, 50.56125 ], [ 7.237916666666663, 50.562083333333334 ], [ 7.24125, 50.562083333333334 ], [ 7.24208333333333, 50.562083333333334 ], [ 7.24208333333333, 50.562916666666666 ], [ 7.242916666666662, 50.562916666666666 ], [ 7.242916666666662, 50.562083333333334 ], [ 7.24375, 50.562083333333334 ], [ 7.24375, 50.56125 ], [ 7.244583333333328, 50.56125 ], [ 7.244583333333328, 50.560416666666669 ], [ 7.245416666666664, 50.560416666666669 ], [ 7.245416666666664, 50.559583333333336 ], [ 7.252083333333328, 50.559583333333336 ], [ 7.252083333333328, 50.560416666666669 ], [ 7.252916666666664, 50.560416666666669 ], [ 7.252916666666664, 50.56125 ], [ 7.25375, 50.56125 ], [ 7.25375, 50.562083333333334 ], [ 7.260416666666664, 50.562083333333334 ], [ 7.260416666666664, 50.56125 ], [ 7.26125, 50.56125 ], [ 7.26125, 50.559583333333336 ], [ 7.262083333333329, 50.559583333333336 ], [ 7.262083333333329, 50.55875 ], [ 7.26625, 50.55875 ], [ 7.26625, 50.559583333333336 ], [ 7.267916666666661, 50.559583333333336 ], [ 7.26875, 50.559583333333336 ], [ 7.26875, 50.560416666666669 ], [ 7.270416666666662, 50.560416666666669 ], [ 7.27125, 50.560416666666669 ], [ 7.27125, 50.56125 ], [ 7.272083333333331, 50.56125 ], [ 7.272083333333331, 50.560416666666669 ], [ 7.272916666666664, 50.560416666666669 ], [ 7.272916666666664, 50.55875 ], [ 7.27375, 50.55875 ], [ 7.27375, 50.557916666666671 ], [ 7.27625, 50.557916666666671 ], [ 7.27625, 50.557083333333338 ], [ 7.27875, 50.557083333333338 ], [ 7.27875, 50.55625 ], [ 7.277916666666663, 50.55625 ], [ 7.27625, 50.55625 ], [ 7.27625, 50.555416666666673 ], [ 7.275416666666661, 50.555416666666673 ], [ 7.275416666666661, 50.554583333333341 ], [ 7.27625, 50.554583333333341 ], [ 7.27625, 50.55375 ], [ 7.27708333333333, 50.55375 ], [ 7.27708333333333, 50.552916666666668 ], [ 7.27625, 50.552916666666668 ], [ 7.27375, 50.552916666666668 ], [ 7.27375, 50.552083333333336 ], [ 7.272916666666664, 50.552083333333336 ], [ 7.272916666666664, 50.552916666666668 ], [ 7.270416666666662, 50.552916666666668 ], [ 7.270416666666662, 50.552083333333336 ], [ 7.26958333333333, 50.552083333333336 ], [ 7.26958333333333, 50.55125 ], [ 7.26875, 50.55125 ], [ 7.267083333333328, 50.55125 ], [ 7.267083333333328, 50.549583333333338 ], [ 7.26625, 50.549583333333338 ], [ 7.26625, 50.54875 ], [ 7.267083333333328, 50.54875 ], [ 7.267083333333328, 50.547916666666666 ], [ 7.26625, 50.547916666666666 ], [ 7.265416666666663, 50.547916666666666 ], [ 7.265416666666663, 50.547083333333333 ], [ 7.264583333333331, 50.547083333333333 ], [ 7.262083333333329, 50.547083333333333 ], [ 7.262083333333329, 50.545416666666668 ], [ 7.26125, 50.545416666666668 ], [ 7.26125, 50.544583333333335 ], [ 7.260416666666664, 50.544583333333335 ], [ 7.260416666666664, 50.54375 ], [ 7.259583333333328, 50.54375 ], [ 7.259583333333328, 50.542083333333338 ], [ 7.25875, 50.542083333333338 ], [ 7.25875, 50.54125 ], [ 7.257916666666663, 50.54125 ], [ 7.257916666666663, 50.53958333333334 ], [ 7.25708333333333, 50.53958333333334 ], [ 7.25708333333333, 50.53875 ], [ 7.25625, 50.53875 ], [ 7.25625, 50.537916666666668 ], [ 7.255416666666662, 50.537916666666668 ], [ 7.255416666666662, 50.537083333333335 ], [ 7.254583333333329, 50.537083333333335 ], [ 7.254583333333329, 50.53625 ], [ 7.25375, 50.53625 ], [ 7.25375, 50.53541666666667 ], [ 7.254583333333329, 50.53541666666667 ], [ 7.254583333333329, 50.53375 ], [ 7.255416666666662, 50.53375 ], [ 7.255416666666662, 50.532916666666672 ], [ 7.25625, 50.532916666666672 ], [ 7.25625, 50.53125 ], [ 7.259583333333328, 50.53125 ], [ 7.259583333333328, 50.530416666666667 ], [ 7.26125, 50.530416666666667 ], [ 7.26125, 50.529583333333335 ], [ 7.262083333333329, 50.529583333333335 ], [ 7.262083333333329, 50.527083333333337 ], [ 7.26125, 50.527083333333337 ], [ 7.26125, 50.517916666666672 ], [ 7.260416666666664, 50.517916666666672 ], [ 7.260416666666664, 50.510416666666671 ], [ 7.259583333333328, 50.510416666666671 ], [ 7.25875, 50.510416666666671 ], [ 7.25875, 50.509583333333339 ], [ 7.257916666666663, 50.509583333333339 ], [ 7.25625, 50.509583333333339 ], [ 7.25625, 50.50875 ], [ 7.255416666666662, 50.50875 ], [ 7.255416666666662, 50.507916666666674 ], [ 7.254583333333329, 50.507916666666674 ], [ 7.254583333333329, 50.50625 ], [ 7.25375, 50.50625 ], [ 7.25375, 50.505416666666669 ], [ 7.25125, 50.505416666666669 ], [ 7.25125, 50.507916666666674 ], [ 7.247916666666661, 50.507916666666674 ], [ 7.247916666666661, 50.507083333333334 ], [ 7.247083333333329, 50.507083333333334 ], [ 7.247083333333329, 50.50625 ], [ 7.244583333333328, 50.50625 ], [ 7.244583333333328, 50.507083333333334 ], [ 7.24375, 50.507083333333334 ], [ 7.24375, 50.50625 ], [ 7.242916666666662, 50.50625 ], [ 7.242916666666662, 50.505416666666669 ], [ 7.24208333333333, 50.505416666666669 ], [ 7.24208333333333, 50.504583333333336 ], [ 7.24125, 50.504583333333336 ], [ 7.23625, 50.504583333333336 ], [ 7.23625, 50.50375 ], [ 7.23458333333333, 50.50375 ], [ 7.23458333333333, 50.504583333333336 ], [ 7.23125, 50.504583333333336 ], [ 7.23125, 50.502916666666671 ], [ 7.230416666666663, 50.502916666666671 ], [ 7.227916666666662, 50.502916666666671 ], [ 7.227916666666662, 50.502083333333339 ], [ 7.22625, 50.502083333333339 ], [ 7.22625, 50.502916666666671 ], [ 7.224583333333328, 50.502916666666671 ], [ 7.224583333333328, 50.502083333333339 ], [ 7.22375, 50.502083333333339 ], [ 7.22375, 50.50125 ], [ 7.222916666666663, 50.50125 ], [ 7.222916666666663, 50.500416666666666 ], [ 7.22208333333333, 50.500416666666666 ], [ 7.22208333333333, 50.50125 ], [ 7.219583333333329, 50.50125 ], [ 7.219583333333329, 50.500416666666666 ], [ 7.21875, 50.500416666666666 ], [ 7.217916666666664, 50.500416666666666 ], [ 7.217916666666664, 50.499583333333334 ], [ 7.217083333333328, 50.499583333333334 ], [ 7.21458333333333, 50.499583333333334 ], [ 7.21458333333333, 50.49875 ], [ 7.21375, 50.49875 ], [ 7.212083333333329, 50.49875 ], [ 7.212083333333329, 50.497083333333336 ], [ 7.21125, 50.497083333333336 ], [ 7.210416666666664, 50.497083333333336 ], [ 7.210416666666664, 50.49625 ], [ 7.209583333333331, 50.49625 ], [ 7.209583333333331, 50.497083333333336 ], [ 7.20875, 50.497083333333336 ], [ 7.20875, 50.497916666666669 ], [ 7.20708333333333, 50.497916666666669 ], [ 7.20708333333333, 50.49875 ], [ 7.20625, 50.49875 ], [ 7.20625, 50.499583333333334 ], [ 7.205416666666661, 50.499583333333334 ], [ 7.205416666666661, 50.500416666666666 ], [ 7.20375, 50.500416666666666 ], [ 7.20375, 50.50125 ], [ 7.202083333333331, 50.50125 ], [ 7.202083333333331, 50.500416666666666 ], [ 7.20125, 50.500416666666666 ], [ 7.200416666666662, 50.500416666666666 ], [ 7.200416666666662, 50.499583333333334 ], [ 7.199583333333329, 50.499583333333334 ], [ 7.197916666666664, 50.499583333333334 ], [ 7.197916666666664, 50.49875 ], [ 7.197083333333328, 50.49875 ], [ 7.197083333333328, 50.497916666666669 ], [ 7.19625, 50.497916666666669 ], [ 7.195416666666663, 50.497916666666669 ], [ 7.195416666666663, 50.497083333333336 ], [ 7.19458333333333, 50.497083333333336 ], [ 7.19458333333333, 50.497916666666669 ], [ 7.19375, 50.497916666666669 ], [ 7.19375, 50.49875 ], [ 7.19125, 50.49875 ], [ 7.19125, 50.497916666666669 ], [ 7.189583333333328, 50.497916666666669 ], [ 7.189583333333328, 50.49875 ], [ 7.18875, 50.49875 ], [ 7.18875, 50.499583333333334 ], [ 7.187916666666663, 50.499583333333334 ], [ 7.187916666666663, 50.50125 ], [ 7.18375, 50.50125 ], [ 7.18375, 50.500416666666666 ], [ 7.182083333333328, 50.500416666666666 ], [ 7.182083333333328, 50.50375 ], [ 7.18125, 50.50375 ], [ 7.18125, 50.504583333333336 ], [ 7.17875, 50.504583333333336 ], [ 7.17875, 50.505416666666669 ], [ 7.177083333333329, 50.505416666666669 ], [ 7.177083333333329, 50.50625 ], [ 7.17625, 50.50625 ], [ 7.17625, 50.507083333333334 ], [ 7.175416666666663, 50.507083333333334 ], [ 7.175416666666663, 50.507916666666674 ], [ 7.174583333333331, 50.507916666666674 ], [ 7.174583333333331, 50.50875 ], [ 7.17375, 50.50875 ], [ 7.17375, 50.509583333333339 ], [ 7.172916666666662, 50.509583333333339 ], [ 7.172916666666662, 50.510416666666671 ], [ 7.17208333333333, 50.510416666666671 ], [ 7.17208333333333, 50.51125 ], [ 7.17125, 50.51125 ], [ 7.17125, 50.510416666666671 ], [ 7.170416666666664, 50.510416666666671 ], [ 7.167083333333331, 50.510416666666671 ], [ 7.167083333333331, 50.509583333333339 ], [ 7.162916666666664, 50.509583333333339 ], [ 7.162916666666664, 50.510416666666671 ], [ 7.160416666666663, 50.510416666666671 ], [ 7.160416666666663, 50.51125 ], [ 7.15875, 50.51125 ], [ 7.15875, 50.512083333333337 ], [ 7.157916666666662, 50.512083333333337 ], [ 7.157916666666662, 50.512916666666669 ], [ 7.15375, 50.512916666666669 ], [ 7.15375, 50.51375 ], [ 7.152916666666663, 50.51375 ], [ 7.152916666666663, 50.514583333333334 ], [ 7.15375, 50.514583333333334 ], [ 7.15375, 50.515416666666667 ], [ 7.154583333333328, 50.515416666666667 ], [ 7.154583333333328, 50.51625 ], [ 7.155416666666664, 50.51625 ], [ 7.155416666666664, 50.517083333333339 ], [ 7.15625, 50.517083333333339 ], [ 7.15625, 50.517916666666672 ], [ 7.157083333333329, 50.517916666666672 ], [ 7.157083333333329, 50.51875 ], [ 7.15875, 50.51875 ], [ 7.15958333333333, 50.51875 ], [ 7.15958333333333, 50.519583333333337 ], [ 7.160416666666663, 50.519583333333337 ], [ 7.16125, 50.519583333333337 ], [ 7.16125, 50.520416666666669 ], [ 7.162916666666664, 50.520416666666669 ], [ 7.16375, 50.520416666666669 ], [ 7.16375, 50.52125 ], [ 7.164583333333329, 50.52125 ], [ 7.165416666666662, 50.52125 ], [ 7.165416666666662, 50.522083333333335 ], [ 7.16625, 50.522083333333335 ], [ 7.167083333333331, 50.522083333333335 ], [ 7.167083333333331, 50.522916666666674 ], [ 7.167916666666663, 50.522916666666674 ], [ 7.16875, 50.522916666666674 ], [ 7.16875, 50.52375 ], [ 7.167916666666663, 50.52375 ], [ 7.167916666666663, 50.524583333333339 ], [ 7.167083333333331, 50.524583333333339 ], [ 7.167083333333331, 50.525416666666672 ], [ 7.16625, 50.525416666666672 ], [ 7.16625, 50.527083333333337 ], [ 7.165416666666662, 50.527083333333337 ], [ 7.165416666666662, 50.52791666666667 ], [ 7.164583333333329, 50.52791666666667 ], [ 7.164583333333329, 50.529583333333335 ], [ 7.165416666666662, 50.529583333333335 ], [ 7.165416666666662, 50.53125 ], [ 7.164583333333329, 50.53125 ], [ 7.164583333333329, 50.532916666666672 ], [ 7.165416666666662, 50.532916666666672 ], [ 7.165416666666662, 50.53375 ], [ 7.164583333333329, 50.53375 ], [ 7.164583333333329, 50.53541666666667 ], [ 7.16375, 50.53541666666667 ], [ 7.16375, 50.53625 ], [ 7.164583333333329, 50.53625 ], [ 7.164583333333329, 50.53875 ], [ 7.165416666666662, 50.53875 ], [ 7.165416666666662, 50.54125 ], [ 7.164583333333329, 50.54125 ], [ 7.164583333333329, 50.54375 ], [ 7.165416666666662, 50.54375 ], [ 7.165416666666662, 50.544583333333335 ], [ 7.164583333333329, 50.544583333333335 ], [ 7.164583333333329, 50.545416666666668 ], [ 7.165416666666662, 50.545416666666668 ], [ 7.165416666666662, 50.54625 ], [ 7.16625, 50.54625 ], [ 7.16625, 50.54875 ], [ 7.167083333333331, 50.54875 ], [ 7.167083333333331, 50.549583333333338 ], [ 7.16625, 50.549583333333338 ], [ 7.16625, 50.550416666666671 ], [ 7.167083333333331, 50.550416666666671 ], [ 7.167916666666663, 50.550416666666671 ], [ 7.167916666666663, 50.55125 ], [ 7.16875, 50.55125 ], [ 7.16875, 50.552083333333336 ], [ 7.174583333333331, 50.552083333333336 ], [ 7.175416666666663, 50.552083333333336 ], [ 7.175416666666663, 50.552916666666668 ], [ 7.17625, 50.552916666666668 ], [ 7.177083333333329, 50.552916666666668 ], [ 7.177083333333329, 50.55375 ], [ 7.177916666666661, 50.55375 ], [ 7.177916666666661, 50.555416666666673 ], [ 7.17875, 50.555416666666673 ], [ 7.17875, 50.557916666666671 ], [ 7.177916666666661, 50.557916666666671 ], [ 7.177916666666661, 50.55875 ], [ 7.17875, 50.55875 ], [ 7.17958333333333, 50.55875 ], [ 7.17958333333333, 50.565416666666671 ], [ 7.17875, 50.565416666666671 ], [ 7.17875, 50.56625 ], [ 7.177916666666661, 50.56625 ], [ 7.177916666666661, 50.567083333333336 ], [ 7.177083333333329, 50.567083333333336 ], [ 7.177083333333329, 50.567916666666669 ], [ 7.17625, 50.567916666666669 ], [ 7.17625, 50.56875 ], [ 7.177083333333329, 50.56875 ], [ 7.177916666666661, 50.56875 ], [ 7.177916666666661, 50.569583333333334 ], [ 7.17958333333333, 50.569583333333334 ], [ 7.180416666666662, 50.569583333333334 ], [ 7.180416666666662, 50.57125 ], [ 7.18125, 50.57125 ], [ 7.18125, 50.572916666666671 ], [ 7.182083333333328, 50.572916666666671 ], [ 7.182083333333328, 50.57375 ], [ 7.182916666666664, 50.57375 ], [ 7.182916666666664, 50.574583333333337 ], [ 7.182083333333328, 50.574583333333337 ], [ 7.182083333333328, 50.575416666666669 ], [ 7.18125, 50.575416666666669 ], [ 7.18125, 50.57625 ] ] ] ] } },
{ "type": "Feature", "properties": { "COMID": 23010921, "unitarea": 76.024700545593532 }, "geometry": { "type": "MultiPolygon", "coordinates": [ [ [ [ 6.981413760498633, 50.537083333333335 ], [ 6.982083333333328, 50.537083333333335 ], [ 6.982083333333328, 50.538364786207282 ], [ 6.982284611660765, 50.53875 ], [ 6.982916666666664, 50.53875 ], [ 6.98375, 50.53875 ], [ 6.98375, 50.53958333333334 ], [ 6.98458333333333, 50.53958333333334 ], [ 6.98458333333333, 50.540416666666673 ], [ 6.985416666666662, 50.540416666666673 ], [ 6.985416666666662, 50.54125 ], [ 6.98625, 50.54125 ], [ 6.98625, 50.542083333333338 ], [ 6.987083333333331, 50.542083333333338 ], [ 6.987083333333331, 50.54291666666667 ], [ 6.98625, 50.54291666666667 ], [ 6.98625, 50.54375 ], [ 6.987083333333331, 50.54375 ], [ 6.987083333333331, 50.544583333333335 ], [ 6.98625, 50.544583333333335 ], [ 6.98625, 50.545416666666668 ], [ 6.987083333333331, 50.545416666666668 ], [ 6.987083333333331, 50.54625 ], [ 6.987916666666663, 50.54625 ], [ 6.98875, 50.54625 ], [ 6.98875, 50.547083333333333 ], [ 6.99625, 50.547083333333333 ], [ 6.997083333333329, 50.547083333333333 ], [ 6.997083333333329, 50.547916666666666 ], [ 7.002083333333328, 50.547916666666666 ], [ 7.002083333333328, 50.547083333333333 ], [ 7.00375, 50.547083333333333 ], [ 7.00375, 50.545416666666668 ], [ 7.005416666666662, 50.545416666666668 ], [ 7.005416666666662, 50.544583333333335 ], [ 7.007916666666663, 50.544583333333335 ], [ 7.007916666666663, 50.54375 ], [ 7.00875, 50.54375 ], [ 7.00875, 50.54125 ], [ 7.009583333333328, 50.54125 ], [ 7.009583333333328, 50.540416666666673 ], [ 7.010416666666664, 50.540416666666673 ], [ 7.010416666666664, 50.53958333333334 ], [ 7.01125, 50.53958333333334 ], [ 7.01125, 50.53875 ], [ 7.012083333333329, 50.53875 ], [ 7.012083333333329, 50.537916666666668 ], [ 7.01375, 50.537916666666668 ], [ 7.01375, 50.537083333333335 ], [ 7.01958333333333, 50.537083333333335 ], [ 7.01958333333333, 50.537916666666668 ], [ 7.025416666666661, 50.537916666666668 ], [ 7.02625, 50.537916666666668 ], [ 7.02625, 50.53875 ], [ 7.02708333333333, 50.53875 ], [ 7.02708333333333, 50.53958333333334 ], [ 7.027916666666663, 50.53958333333334 ], [ 7.027916666666663, 50.540416666666673 ], [ 7.02875, 50.540416666666673 ], [ 7.029583333333328, 50.540416666666673 ], [ 7.029583333333328, 50.54125 ], [ 7.035416666666663, 50.54125 ], [ 7.03625, 50.54125 ], [ 7.03625, 50.542083333333338 ], [ 7.037916666666664, 50.542083333333338 ], [ 7.03875, 50.542083333333338 ], [ 7.03875, 50.54291666666667 ], [ 7.039583333333329, 50.54291666666667 ], [ 7.040416666666662, 50.54291666666667 ], [ 7.040416666666662, 50.54375 ], [ 7.04708333333333, 50.54375 ], [ 7.04708333333333, 50.54291666666667 ], [ 7.047916666666662, 50.54291666666667 ], [ 7.04875, 50.54291666666667 ], [ 7.04875, 50.544583333333335 ], [ 7.047916666666662, 50.544583333333335 ], [ 7.047916666666662, 50.547916666666666 ], [ 7.04875, 50.547916666666666 ], [ 7.04875, 50.54875 ], [ 7.049583333333331, 50.54875 ], [ 7.049583333333331, 50.549583333333338 ], [ 7.05125, 50.549583333333338 ], [ 7.052083333333329, 50.549583333333338 ], [ 7.052083333333329, 50.550416666666671 ], [ 7.052916666666661, 50.550416666666671 ], [ 7.052916666666661, 50.552083333333336 ], [ 7.05375, 50.552083333333336 ], [ 7.05458333333333, 50.552083333333336 ], [ 7.05458333333333, 50.552916666666668 ], [ 7.055416666666662, 50.552916666666668 ], [ 7.05625, 50.552916666666668 ], [ 7.05625, 50.554583333333341 ], [ 7.057083333333331, 50.554583333333341 ], [ 7.057916666666664, 50.554583333333341 ], [ 7.057916666666664, 50.555416666666673 ], [ 7.059583333333329, 50.555416666666673 ], [ 7.060416666666661, 50.555416666666673 ], [ 7.060416666666661, 50.55625 ], [ 7.064583333333328, 50.55625 ], [ 7.064583333333328, 50.555416666666673 ], [ 7.07125, 50.555416666666673 ], [ 7.07125, 50.554583333333341 ], [ 7.07875, 50.554583333333341 ], [ 7.07875, 50.555416666666673 ], [ 7.079583333333328, 50.555416666666673 ], [ 7.079583333333328, 50.55625 ], [ 7.080416666666661, 50.55625 ], [ 7.080416666666661, 50.557083333333338 ], [ 7.08125, 50.557083333333338 ], [ 7.08125, 50.557916666666671 ], [ 7.08208333333333, 50.557916666666671 ], [ 7.08208333333333, 50.55875 ], [ 7.08375, 50.55875 ], [ 7.084583333333331, 50.55875 ], [ 7.084583333333331, 50.559583333333336 ], [ 7.087083333333329, 50.559583333333336 ], [ 7.087916666666661, 50.559583333333336 ], [ 7.087916666666661, 50.560416666666669 ], [ 7.08875, 50.560416666666669 ], [ 7.08875, 50.56125 ], [ 7.08958333333333, 50.56125 ], [ 7.08958333333333, 50.562083333333334 ], [ 7.090416666666663, 50.562083333333334 ], [ 7.09125, 50.562083333333334 ], [ 7.09125, 50.562916666666666 ], [ 7.092083333333328, 50.562916666666666 ], [ 7.092083333333328, 50.56375 ], [ 7.092916666666664, 50.56375 ], [ 7.092916666666664, 50.564583333333339 ], [ 7.09375, 50.564583333333339 ], [ 7.09375, 50.565416666666671 ], [ 7.094583333333329, 50.565416666666671 ], [ 7.094583333333329, 50.56625 ], [ 7.095416666666662, 50.56625 ], [ 7.095416666666662, 50.567083333333336 ], [ 7.09625, 50.567083333333336 ], [ 7.09708333333333, 50.567083333333336 ], [ 7.09708333333333, 50.567916666666669 ], [ 7.100416666666664, 50.567916666666669 ], [ 7.100416666666664, 50.567083333333336 ], [ 7.102916666666662, 50.567083333333336 ], [ 7.102916666666662, 50.56625 ], [ 7.10375, 50.56625 ], [ 7.10375, 50.567083333333336 ], [ 7.10875, 50.567083333333336 ], [ 7.10875, 50.56625 ], [ 7.10958333333333, 50.56625 ], [ 7.10958333333333, 50.565416666666671 ], [ 7.112083333333331, 50.565416666666671 ], [ 7.112083333333331, 50.564583333333339 ], [ 7.112916666666663, 50.564583333333339 ], [ 7.112916666666663, 50.56375 ], [ 7.114583333333329, 50.56375 ], [ 7.114583333333329, 50.562916666666666 ], [ 7.11625, 50.562916666666666 ], [ 7.11625, 50.56375 ], [ 7.11708333333333, 50.56375 ], [ 7.117916666666662, 50.56375 ], [ 7.117916666666662, 50.564583333333339 ], [ 7.11875, 50.564583333333339 ], [ 7.11875, 50.56375 ], [ 7.119583333333328, 50.56375 ], [ 7.119583333333328, 50.56125 ], [ 7.12125, 50.56125 ], [ 7.12125, 50.560416666666669 ], [ 7.122083333333329, 50.560416666666669 ], [ 7.122083333333329, 50.55875 ], [ 7.12458333333333, 50.55875 ], [ 7.12458333333333, 50.557916666666671 ], [ 7.12875, 50.557916666666671 ], [ 7.12875, 50.557083333333338 ], [ 7.13125, 50.557083333333338 ], [ 7.13125, 50.557916666666671 ], [ 7.13625, 50.557916666666671 ], [ 7.13625, 50.557083333333338 ], [ 7.142916666666661, 50.557083333333338 ], [ 7.142916666666661, 50.557916666666671 ], [ 7.14375, 50.557916666666671 ], [ 7.14375, 50.55875 ], [ 7.14625, 50.55875 ], [ 7.147083333333331, 50.55875 ], [ 7.147083333333331, 50.559583333333336 ], [ 7.15208333333333, 50.559583333333336 ], [ 7.15208333333333, 50.55875 ], [ 7.152916666666663, 50.55875 ], [ 7.152916666666663, 50.559583333333336 ], [ 7.154583333333328, 50.559583333333336 ], [ 7.154583333333328, 50.55875 ], [ 7.155416666666664, 50.55875 ], [ 7.155416666666664, 50.557916666666671 ], [ 7.15875, 50.557916666666671 ], [ 7.15875, 50.557083333333338 ], [ 7.15958333333333, 50.557083333333338 ], [ 7.15958333333333, 50.55625 ], [ 7.160416666666663, 50.55625 ], [ 7.160416666666663, 50.555416666666673 ], [ 7.16125, 50.555416666666673 ], [ 7.16125, 50.55375 ], [ 7.162083333333328, 50.55375 ], [ 7.162083333333328, 50.552916666666668 ], [ 7.162916666666664, 50.552916666666668 ], [ 7.162916666666664, 50.552083333333336 ], [ 7.16375, 50.552083333333336 ], [ 7.16375, 50.55125 ], [ 7.162916666666664, 50.55125 ], [ 7.162916666666664, 50.550416666666671 ], [ 7.16375, 50.550416666666671 ], [ 7.16375, 50.54875 ], [ 7.165416666666662, 50.54875 ], [ 7.165416666666662, 50.547916666666666 ], [ 7.16625, 50.547916666666666 ], [ 7.16625, 50.54625 ], [ 7.165416666666662, 50.54625 ], [ 7.165416666666662, 50.545416666666668 ], [ 7.164583333333329, 50.545416666666668 ], [ 7.164583333333329, 50.544583333333335 ], [ 7.165416666666662, 50.544583333333335 ], [ 7.165416666666662, 50.54375 ], [ 7.164583333333329, 50.54375 ], [ 7.164583333333329, 50.54125 ], [ 7.165416666666662, 50.54125 ], [ 7.165416666666662, 50.53875 ], [ 7.164583333333329, 50.53875 ], [ 7.164583333333329, 50.53625 ], [ 7.16375, 50.53625 ], [ 7.16375, 50.53541666666667 ], [ 7.164583333333329, 50.53541666666667 ], [ 7.164583333333329, 50.53375 ], [ 7.165416666666662, 50.53375 ], [ 7.165416666666662, 50.532916666666672 ], [ 7.164583333333329, 50.532916666666672 ], [ 7.164583333333329, 50.53125 ], [ 7.165416666666662, 50.53125 ], [ 7.165416666666662, 50.529583333333335 ], [ 7.164583333333329, 50.529583333333335 ], [ 7.164583333333329, 50.52791666666667 ], [ 7.165416666666662, 50.52791666666667 ], [ 7.165416666666662, 50.527083333333337 ], [ 7.16625, 50.527083333333337 ], [ 7.16625, 50.525416666666672 ], [ 7.167083333333331, 50.525416666666672 ], [ 7.167083333333331, 50.524583333333339 ], [ 7.167916666666663, 50.524583333333339 ], [ 7.167916666666663, 50.52375 ], [ 7.16875, 50.52375 ], [ 7.16875, 50.522916666666674 ], [ 7.167916666666663, 50.522916666666674 ], [ 7.167083333333331, 50.522916666666674 ], [ 7.167083333333331, 50.522083333333335 ], [ 7.16625, 50.522083333333335 ], [ 7.165416666666662, 50.522083333333335 ], [ 7.165416666666662, 50.52125 ], [ 7.164583333333329, 50.52125 ], [ 7.16375, 50.52125 ], [ 7.16375, 50.520416666666669 ], [ 7.162916666666664, 50.520416666666669 ], [ 7.16125, 50.520416666666669 ], [ 7.16125, 50.519583333333337 ], [ 7.160416666666663, 50.519583333333337 ], [ 7.15958333333333, 50.519583333333337 ], [ 7.15958333333333, 50.51875 ], [ 7.15875, 50.51875 ], [ 7.157083333333329, 50.51875 ], [ 7.157083333333329, 50.517916666666672 ], [ 7.15625, 50.517916666666672 ], [ 7.15625, 50.517083333333339 ], [ 7.155416666666664, 50.517083333333339 ], [ 7.155416666666664, 50.51625 ], [ 7.154583333333328, 50.51625 ], [ 7.154583333333328, 50.515416666666667 ], [ 7.15375, 50.515416666666667 ], [ 7.15375, 50.514583333333334 ], [ 7.152916666666663, 50.514583333333334 ], [ 7.152916666666663, 50.51375 ], [ 7.15208333333333, 50.51375 ], [ 7.15125, 50.51375 ], [ 7.15125, 50.512916666666669 ], [ 7.150416666666661, 50.512916666666669 ], [ 7.149583333333329, 50.512916666666669 ], [ 7.149583333333329, 50.512083333333337 ], [ 7.14875, 50.512083333333337 ], [ 7.14875, 50.510416666666671 ], [ 7.147916666666664, 50.510416666666671 ], [ 7.147916666666664, 50.509583333333339 ], [ 7.147083333333331, 50.509583333333339 ], [ 7.147083333333331, 50.50875 ], [ 7.14625, 50.50875 ], [ 7.14625, 50.507083333333334 ], [ 7.147916666666664, 50.507083333333334 ], [ 7.147916666666664, 50.505416666666669 ], [ 7.147083333333331, 50.505416666666669 ], [ 7.147083333333331, 50.504583333333336 ], [ 7.14625, 50.504583333333336 ], [ 7.142916666666661, 50.504583333333336 ], [ 7.142916666666661, 50.50375 ], [ 7.142083333333328, 50.50375 ], [ 7.142083333333328, 50.502916666666671 ], [ 7.140416666666663, 50.502916666666671 ], [ 7.140416666666663, 50.50375 ], [ 7.134583333333328, 50.50375 ], [ 7.134583333333328, 50.504583333333336 ], [ 7.127083333333328, 50.504583333333336 ], [ 7.127083333333328, 50.50375 ], [ 7.12625, 50.50375 ], [ 7.12625, 50.502916666666671 ], [ 7.125416666666663, 50.502916666666671 ], [ 7.125416666666663, 50.502083333333339 ], [ 7.12458333333333, 50.502083333333339 ], [ 7.12458333333333, 50.50125 ], [ 7.12375, 50.50125 ], [ 7.122916666666661, 50.50125 ], [ 7.122916666666661, 50.499583333333334 ], [ 7.122083333333329, 50.499583333333334 ], [ 7.122083333333329, 50.49875 ], [ 7.12125, 50.49875 ], [ 7.12125, 50.497916666666669 ], [ 7.120416666666664, 50.497916666666669 ], [ 7.120416666666664, 50.497083333333336 ], [ 7.119583333333328, 50.497083333333336 ], [ 7.119583333333328, 50.49625 ], [ 7.11875, 50.49625 ], [ 7.11875, 50.495416666666671 ], [ 7.117916666666662, 50.495416666666671 ], [ 7.117916666666662, 50.494583333333338 ], [ 7.11708333333333, 50.494583333333338 ], [ 7.115416666666661, 50.494583333333338 ], [ 7.115416666666661, 50.49375 ], [ 7.114583333333329, 50.49375 ], [ 7.114583333333329, 50.492916666666673 ], [ 7.11375, 50.492916666666673 ], [ 7.112916666666663, 50.492916666666673 ], [ 7.112916666666663, 50.492083333333341 ], [ 7.112083333333331, 50.492083333333341 ], [ 7.11125, 50.492083333333341 ], [ 7.11125, 50.490416666666668 ], [ 7.110416666666662, 50.490416666666668 ], [ 7.110416666666662, 50.48875 ], [ 7.10958333333333, 50.48875 ], [ 7.10125, 50.48875 ], [ 7.10125, 50.487916666666671 ], [ 7.100416666666664, 50.487916666666671 ], [ 7.09875, 50.487916666666671 ], [ 7.09875, 50.487083333333338 ], [ 7.09375, 50.487083333333338 ], [ 7.09375, 50.492916666666673 ], [ 7.092916666666664, 50.492916666666673 ], [ 7.092916666666664, 50.49375 ], [ 7.08375, 50.49375 ], [ 7.08375, 50.495416666666671 ], [ 7.082916666666662, 50.495416666666671 ], [ 7.082916666666662, 50.497083333333336 ], [ 7.08208333333333, 50.497083333333336 ], [ 7.08208333333333, 50.497916666666669 ], [ 7.074583333333329, 50.497916666666669 ], [ 7.074583333333329, 50.502916666666671 ], [ 7.07375, 50.502916666666671 ], [ 7.07375, 50.504583333333336 ], [ 7.06958333333333, 50.504583333333336 ], [ 7.06958333333333, 50.505416666666669 ], [ 7.06625, 50.505416666666669 ], [ 7.06625, 50.504583333333336 ], [ 7.065416666666664, 50.504583333333336 ], [ 7.06375, 50.504583333333336 ], [ 7.06375, 50.50375 ], [ 7.06125, 50.50375 ], [ 7.06125, 50.504583333333336 ], [ 7.060416666666661, 50.504583333333336 ], [ 7.060416666666661, 50.50375 ], [ 7.059583333333329, 50.50375 ], [ 7.05875, 50.50375 ], [ 7.05875, 50.502916666666671 ], [ 7.057916666666664, 50.502916666666671 ], [ 7.057083333333331, 50.502916666666671 ], [ 7.057083333333331, 50.502083333333339 ], [ 7.05625, 50.502083333333339 ], [ 7.05625, 50.500416666666666 ], [ 7.055416666666662, 50.500416666666666 ], [ 7.055416666666662, 50.499583333333334 ], [ 7.05458333333333, 50.499583333333334 ], [ 7.05458333333333, 50.49875 ], [ 7.05375, 50.49875 ], [ 7.05375, 50.497916666666669 ], [ 7.052916666666661, 50.497916666666669 ], [ 7.052916666666661, 50.497083333333336 ], [ 7.052083333333329, 50.497083333333336 ], [ 7.050416666666663, 50.497083333333336 ], [ 7.050416666666663, 50.49625 ], [ 7.049583333333331, 50.49625 ], [ 7.04708333333333, 50.49625 ], [ 7.04708333333333, 50.495416666666671 ], [ 7.042083333333331, 50.495416666666671 ], [ 7.042083333333331, 50.49625 ], [ 7.039583333333329, 50.49625 ], [ 7.039583333333329, 50.497083333333336 ], [ 7.032083333333329, 50.497083333333336 ], [ 7.032083333333329, 50.497916666666669 ], [ 7.027916666666663, 50.497916666666669 ], [ 7.027916666666663, 50.497083333333336 ], [ 7.022916666666664, 50.497083333333336 ], [ 7.022916666666664, 50.497916666666669 ], [ 7.01958333333333, 50.497916666666669 ], [ 7.01958333333333, 50.49875 ], [ 7.020416666666662, 50.49875 ], [ 7.020416666666662, 50.50125 ], [ 7.01875, 50.50125 ], [ 7.01875, 50.502083333333339 ], [ 7.017916666666661, 50.502083333333339 ], [ 7.017916666666661, 50.502916666666671 ], [ 7.017083333333328, 50.502916666666671 ], [ 7.017083333333328, 50.50375 ], [ 7.01375, 50.50375 ], [ 7.01375, 50.502916666666671 ], [ 7.012916666666662, 50.502916666666671 ], [ 7.012916666666662, 50.50375 ], [ 7.00625, 50.50375 ], [ 7.00625, 50.502916666666671 ], [ 7.005416666666662, 50.502916666666671 ], [ 7.004583333333329, 50.502916666666671 ], [ 7.004583333333329, 50.502083333333339 ], [ 7.00375, 50.502083333333339 ], [ 7.000416666666663, 50.502083333333339 ], [ 7.000416666666663, 50.50125 ], [ 6.99958333333333, 50.50125 ], [ 6.99958333333333, 50.500416666666666 ], [ 6.995416666666664, 50.500416666666666 ], [ 6.995416666666664, 50.50125 ], [ 6.992916666666662, 50.50125 ], [ 6.992916666666662, 50.502916666666671 ], [ 6.99208333333333, 50.502916666666671 ], [ 6.99208333333333, 50.50375 ], [ 6.990416666666661, 50.50375 ], [ 6.990416666666661, 50.504583333333336 ], [ 6.98625, 50.504583333333336 ], [ 6.98625, 50.505416666666669 ], [ 6.98458333333333, 50.505416666666669 ], [ 6.98458333333333, 50.50625 ], [ 6.98375, 50.50625 ], [ 6.98375, 50.507083333333334 ], [ 6.982916666666664, 50.507083333333334 ], [ 6.982916666666664, 50.507916666666674 ], [ 6.982083333333328, 50.507916666666674 ], [ 6.982083333333328, 50.509583333333339 ], [ 6.97875, 50.509583333333339 ], [ 6.97875, 50.510416666666671 ], [ 6.977083333333329, 50.510416666666671 ], [ 6.977083333333329, 50.512083333333337 ], [ 6.97625, 50.512083333333337 ], [ 6.97625, 50.512916666666669 ], [ 6.977083333333329, 50.512916666666669 ], [ 6.977083333333329, 50.51625 ], [ 6.977916666666662, 50.51625 ], [ 6.97875, 50.51625 ], [ 6.97875, 50.517083333333339 ], [ 6.979583333333331, 50.517083333333339 ], [ 6.979583333333331, 50.519583333333337 ], [ 6.97875, 50.519583333333337 ], [ 6.97875, 50.520416666666669 ], [ 6.977916666666662, 50.520416666666669 ], [ 6.977916666666662, 50.52125 ], [ 6.97875, 50.52125 ], [ 6.97875, 50.522083333333335 ], [ 6.977916666666662, 50.522083333333335 ], [ 6.977916666666662, 50.522916666666674 ], [ 6.977083333333329, 50.522916666666674 ], [ 6.977083333333329, 50.525416666666672 ], [ 6.97625, 50.525416666666672 ], [ 6.97625, 50.52625 ], [ 6.977083333333329, 50.52625 ], [ 6.977083333333329, 50.527083333333337 ], [ 6.977916666666662, 50.527083333333337 ], [ 6.977916666666662, 50.52791666666667 ], [ 6.97875, 50.52791666666667 ], [ 6.979583333333331, 50.52791666666667 ], [ 6.979583333333331, 50.52875 ], [ 6.980416666666663, 50.52875 ], [ 6.98125, 50.52875 ], [ 6.98125, 50.53125 ], [ 6.982083333333328, 50.53125 ], [ 6.982083333333328, 50.532083333333333 ], [ 6.98125, 50.532083333333333 ], [ 6.98125, 50.53375 ], [ 6.982083333333328, 50.53375 ], [ 6.982083333333328, 50.53625 ], [ 6.98125, 50.53625 ], [ 6.98125, 50.536769922527611 ], [ 6.981413760498633, 50.537083333333335 ] ] ] ] } },
{ "type": "Feature", "properties": { "COMID": 23010923, "unitarea": 7.9424384229956821 }, "geometry": { "type": "MultiPolygon", "coordinates": [ [ [ [ 6.937923542047687, 50.485444613949028 ], [ 6.954280636134697, 50.500416666666666 ], [ 6.954583333333328, 50.500416666666666 ], [ 6.954583333333328, 50.500693732898071 ], [ 6.955191059841868, 50.50125 ], [ 6.960416666666664, 50.50125 ], [ 6.96125, 50.50125 ], [ 6.96125, 50.502083333333339 ], [ 6.962083333333329, 50.502083333333339 ], [ 6.962083333333329, 50.502916666666671 ], [ 6.962916666666661, 50.502916666666671 ], [ 6.96375, 50.502916666666671 ], [ 6.96375, 50.50375 ], [ 6.96458333333333, 50.50375 ], [ 6.96458333333333, 50.504583333333336 ], [ 6.96625, 50.504583333333336 ], [ 6.967083333333328, 50.504583333333336 ], [ 6.967083333333328, 50.505416666666669 ], [ 6.967916666666664, 50.505416666666669 ], [ 6.96875, 50.505416666666669 ], [ 6.96875, 50.50625 ], [ 6.97208333333333, 50.50625 ], [ 6.972916666666663, 50.50625 ], [ 6.972916666666663, 50.507083333333334 ], [ 6.97375, 50.507083333333334 ], [ 6.97375, 50.507916666666674 ], [ 6.974583333333328, 50.507916666666674 ], [ 6.974583333333328, 50.509583333333339 ], [ 6.975416666666664, 50.509583333333339 ], [ 6.975416666666664, 50.510416666666671 ], [ 6.97625, 50.510416666666671 ], [ 6.97625, 50.51125 ], [ 6.977083333333329, 50.51125 ], [ 6.977083333333329, 50.510416666666671 ], [ 6.97875, 50.510416666666671 ], [ 6.97875, 50.509583333333339 ], [ 6.982083333333328, 50.509583333333339 ], [ 6.982083333333328, 50.507916666666674 ], [ 6.982916666666664, 50.507916666666674 ], [ 6.982916666666664, 50.507083333333334 ], [ 6.98375, 50.507083333333334 ], [ 6.98375, 50.50625 ], [ 6.98458333333333, 50.50625 ], [ 6.98458333333333, 50.505416666666669 ], [ 6.98625, 50.505416666666669 ], [ 6.98625, 50.504583333333336 ], [ 6.990416666666661, 50.504583333333336 ], [ 6.990416666666661, 50.50375 ], [ 6.99208333333333, 50.50375 ], [ 6.99208333333333, 50.502916666666671 ], [ 6.992916666666662, 50.502916666666671 ], [ 6.992916666666662, 50.50125 ], [ 6.995416666666664, 50.50125 ], [ 6.995416666666664, 50.500416666666666 ], [ 6.99875, 50.500416666666666 ], [ 6.99875, 50.499583333333334 ], [ 6.99958333333333, 50.499583333333334 ], [ 6.99958333333333, 50.49875 ], [ 6.99875, 50.49875 ], [ 6.99875, 50.497916666666669 ], [ 6.997916666666661, 50.497916666666669 ], [ 6.997916666666661, 50.497083333333336 ], [ 6.997083333333329, 50.497083333333336 ], [ 6.997083333333329, 50.495416666666671 ], [ 6.99625, 50.495416666666671 ], [ 6.99625, 50.494583333333338 ], [ 6.995416666666664, 50.494583333333338 ], [ 6.994583333333331, 50.494583333333338 ], [ 6.994583333333331, 50.49375 ], [ 6.99375, 50.49375 ], [ 6.99375, 50.492916666666673 ], [ 6.992916666666662, 50.492916666666673 ], [ 6.992916666666662, 50.49125 ], [ 6.99208333333333, 50.49125 ], [ 6.99208333333333, 50.490416666666668 ], [ 6.99125, 50.490416666666668 ], [ 6.99125, 50.489583333333336 ], [ 6.990416666666661, 50.489583333333336 ], [ 6.990416666666661, 50.487916666666671 ], [ 6.989583333333329, 50.487916666666671 ], [ 6.989583333333329, 50.487083333333338 ], [ 6.98875, 50.487083333333338 ], [ 6.982916666666664, 50.487083333333338 ], [ 6.982916666666664, 50.48625 ], [ 6.982083333333328, 50.48625 ], [ 6.982083333333328, 50.487083333333338 ], [ 6.980416666666663, 50.487083333333338 ], [ 6.980416666666663, 50.487916666666671 ], [ 6.977083333333329, 50.487916666666671 ], [ 6.977083333333329, 50.48875 ], [ 6.975416666666664, 50.48875 ], [ 6.975416666666664, 50.487916666666671 ], [ 6.974583333333328, 50.487916666666671 ], [ 6.974583333333328, 50.487083333333338 ], [ 6.97375, 50.487083333333338 ], [ 6.97375, 50.484583333333333 ], [ 6.972916666666663, 50.484583333333333 ], [ 6.972916666666663, 50.48375 ], [ 6.97208333333333, 50.48375 ], [ 6.97208333333333, 50.484583333333333 ], [ 6.97125, 50.484583333333333 ], [ 6.97125, 50.48375 ], [ 6.970416666666662, 50.48375 ], [ 6.970416666666662, 50.484583333333333 ], [ 6.969583333333329, 50.484583333333333 ], [ 6.969583333333329, 50.48375 ], [ 6.96875, 50.48375 ], [ 6.96875, 50.484583333333333 ], [ 6.96125, 50.484583333333333 ], [ 6.96125, 50.485416666666666 ], [ 6.95708333333333, 50.485416666666666 ], [ 6.95708333333333, 50.48625 ], [ 6.95125, 50.48625 ], [ 6.95125, 50.485416666666666 ], [ 6.937891953300367, 50.485416666666666 ], [ 6.937923542047687, 50.485444613949028 ] ] ] ] } },
{ "type": "Feature", "properties": { "COMID": 23013457, "unitarea": 29.453132844317693 }, "geometry": { "type": "MultiPolygon", "coordinates": [ [ [ [ 6.928369998271941, 50.461882267762903 ], [ 6.928763160331209, 50.462050443708655 ], [ 6.92812807937808, 50.47677834559974 ], [ 6.937891953300367, 50.485416666666666 ], [ 6.937916666666663, 50.485416666666666 ], [ 6.937916666666663, 50.484583333333333 ], [ 6.93708333333333, 50.484583333333333 ], [ 6.93708333333333, 50.48375 ], [ 6.93625, 50.48375 ], [ 6.93625, 50.48125 ], [ 6.93708333333333, 50.48125 ], [ 6.93708333333333, 50.479583333333338 ], [ 6.937916666666663, 50.479583333333338 ], [ 6.937916666666663, 50.47875 ], [ 6.93708333333333, 50.47875 ], [ 6.93708333333333, 50.477916666666673 ], [ 6.937916666666663, 50.477916666666673 ], [ 6.937916666666663, 50.47708333333334 ], [ 6.93708333333333, 50.47708333333334 ], [ 6.93708333333333, 50.475416666666668 ], [ 6.937916666666663, 50.475416666666668 ], [ 6.937916666666663, 50.474583333333335 ], [ 6.93875, 50.474583333333335 ], [ 6.93875, 50.47375 ], [ 6.939583333333328, 50.47375 ], [ 6.939583333333328, 50.472083333333337 ], [ 6.940416666666664, 50.472083333333337 ], [ 6.940416666666664, 50.46875 ], [ 6.939583333333328, 50.46875 ], [ 6.939583333333328, 50.46541666666667 ], [ 6.940416666666664, 50.46541666666667 ], [ 6.940416666666664, 50.464583333333337 ], [ 6.94125, 50.464583333333337 ], [ 6.94125, 50.46375 ], [ 6.942083333333329, 50.46375 ], [ 6.942083333333329, 50.462916666666672 ], [ 6.942916666666662, 50.462916666666672 ], [ 6.942916666666662, 50.462083333333339 ], [ 6.94375, 50.462083333333339 ], [ 6.94375, 50.46125 ], [ 6.94458333333333, 50.46125 ], [ 6.94458333333333, 50.460416666666674 ], [ 6.945416666666663, 50.460416666666674 ], [ 6.945416666666663, 50.459583333333335 ], [ 6.94625, 50.459583333333335 ], [ 6.94625, 50.457916666666669 ], [ 6.945416666666663, 50.457916666666669 ], [ 6.94458333333333, 50.457916666666669 ], [ 6.94458333333333, 50.457083333333337 ], [ 6.94375, 50.457083333333337 ], [ 6.94125, 50.457083333333337 ], [ 6.94125, 50.45625 ], [ 6.940416666666664, 50.45625 ], [ 6.932916666666664, 50.45625 ], [ 6.932916666666664, 50.455416666666672 ], [ 6.932083333333331, 50.455416666666672 ], [ 6.93125, 50.455416666666672 ], [ 6.93125, 50.454583333333339 ], [ 6.930416666666662, 50.454583333333339 ], [ 6.930416666666662, 50.45375 ], [ 6.92958333333333, 50.45375 ], [ 6.92958333333333, 50.452916666666667 ], [ 6.92875, 50.452916666666667 ], [ 6.927916666666661, 50.452916666666667 ], [ 6.927916666666661, 50.452083333333334 ], [ 6.92625, 50.452083333333334 ], [ 6.92625, 50.452916666666667 ], [ 6.92375, 50.452916666666667 ], [ 6.92375, 50.45375 ], [ 6.922916666666662, 50.45375 ], [ 6.922916666666662, 50.455416666666672 ], [ 6.92208333333333, 50.455416666666672 ], [ 6.92208333333333, 50.45625 ], [ 6.92125, 50.45625 ], [ 6.92125, 50.457083333333337 ], [ 6.920416666666664, 50.457083333333337 ], [ 6.920416666666664, 50.457916666666669 ], [ 6.919583333333328, 50.457916666666669 ], [ 6.919583333333328, 50.457083333333337 ], [ 6.91875, 50.457083333333337 ], [ 6.917083333333331, 50.457083333333337 ], [ 6.917083333333331, 50.45625 ], [ 6.91625, 50.45625 ], [ 6.915416666666662, 50.45625 ], [ 6.915416666666662, 50.455416666666672 ], [ 6.912916666666664, 50.455416666666672 ], [ 6.912916666666664, 50.45625 ], [ 6.91125, 50.45625 ], [ 6.91125, 50.457083333333337 ], [ 6.90958333333333, 50.457083333333337 ], [ 6.90958333333333, 50.457916666666669 ], [ 6.904583333333328, 50.457916666666669 ], [ 6.904583333333328, 50.457083333333337 ], [ 6.89875, 50.457083333333337 ], [ 6.89875, 50.459583333333335 ], [ 6.897916666666664, 50.459583333333335 ], [ 6.897916666666664, 50.460416666666674 ], [ 6.89375, 50.460416666666674 ], [ 6.89375, 50.46125 ], [ 6.890416666666663, 50.46125 ], [ 6.890416666666663, 50.462083333333339 ], [ 6.88875, 50.462083333333339 ], [ 6.88875, 50.46125 ], [ 6.887916666666662, 50.46125 ], [ 6.887916666666662, 50.462083333333339 ], [ 6.887083333333329, 50.462083333333339 ], [ 6.887083333333329, 50.46372136399058 ], [ 6.928369998271941, 50.461882267762903 ] ] ] ] } },
{ "type": "Feature", "properties": { "COMID": 23011377, "unitarea": 65.074541377435423 }, "geometry": { "type": "MultiPolygon", "coordinates": [ [ [ [ 6.985416666666662, 50.544762092031192 ], [ 6.985416666666662, 50.544583333333335 ], [ 6.987083333333331, 50.544583333333335 ], [ 6.987083333333331, 50.54375 ], [ 6.98625, 50.54375 ], [ 6.98625, 50.54291666666667 ], [ 6.987083333333331, 50.54291666666667 ], [ 6.987083333333331, 50.542083333333338 ], [ 6.98625, 50.542083333333338 ], [ 6.98625, 50.54125 ], [ 6.985416666666662, 50.54125 ], [ 6.985416666666662, 50.540416666666673 ], [ 6.98458333333333, 50.540416666666673 ], [ 6.98458333333333, 50.53958333333334 ], [ 6.98375, 50.53958333333334 ], [ 6.98375, 50.53875 ], [ 6.982916666666664, 50.53875 ], [ 6.982284611660765, 50.53875 ], [ 6.985392669963604, 50.544698315161817 ], [ 6.985416666666662, 50.544762092031192 ] ] ], [ [ [ 6.954583333333328, 50.500693732898071 ], [ 6.954583333333328, 50.500416666666666 ], [ 6.954280636134697, 50.500416666666666 ], [ 6.954583333333328, 50.500693732898071 ] ] ], [ [ [ 6.967853977159671, 50.512840681366306 ], [ 6.968279314607152, 50.512881453770561 ], [ 6.968810250493279, 50.512962276920568 ], [ 6.98125, 50.536769922527611 ], [ 6.98125, 50.53625 ], [ 6.982083333333328, 50.53625 ], [ 6.982083333333328, 50.53375 ], [ 6.98125, 50.53375 ], [ 6.98125, 50.532083333333333 ], [ 6.982083333333328, 50.532083333333333 ], [ 6.982083333333328, 50.53125 ], [ 6.98125, 50.53125 ], [ 6.98125, 50.52875 ], [ 6.980416666666663, 50.52875 ], [ 6.979583333333331, 50.52875 ], [ 6.979583333333331, 50.52791666666667 ], [ 6.97875, 50.52791666666667 ], [ 6.977916666666662, 50.52791666666667 ], [ 6.977916666666662, 50.527083333333337 ], [ 6.977083333333329, 50.527083333333337 ], [ 6.977083333333329, 50.52625 ], [ 6.97625, 50.52625 ], [ 6.97625, 50.525416666666672 ], [ 6.977083333333329, 50.525416666666672 ], [ 6.977083333333329, 50.522916666666674 ], [ 6.977916666666662, 50.522916666666674 ], [ 6.977916666666662, 50.522083333333335 ], [ 6.97875, 50.522083333333335 ], [ 6.97875, 50.52125 ], [ 6.977916666666662, 50.52125 ], [ 6.977916666666662, 50.520416666666669 ], [ 6.97875, 50.520416666666669 ], [ 6.97875, 50.519583333333337 ], [ 6.979583333333331, 50.519583333333337 ], [ 6.979583333333331, 50.517083333333339 ], [ 6.97875, 50.517083333333339 ], [ 6.97875, 50.51625 ], [ 6.977916666666662, 50.51625 ], [ 6.977083333333329, 50.51625 ], [ 6.977083333333329, 50.512916666666669 ], [ 6.97625, 50.512916666666669 ], [ 6.97625, 50.512083333333337 ], [ 6.977083333333329, 50.512083333333337 ], [ 6.977083333333329, 50.51125 ], [ 6.97625, 50.51125 ], [ 6.97625, 50.510416666666671 ], [ 6.975416666666664, 50.510416666666671 ], [ 6.975416666666664, 50.509583333333339 ], [ 6.974583333333328, 50.509583333333339 ], [ 6.974583333333328, 50.507916666666674 ], [ 6.97375, 50.507916666666674 ], [ 6.97375, 50.507083333333334 ], [ 6.972916666666663, 50.507083333333334 ], [ 6.972916666666663, 50.50625 ], [ 6.97208333333333, 50.50625 ], [ 6.96875, 50.50625 ], [ 6.96875, 50.505416666666669 ], [ 6.967916666666664, 50.505416666666669 ], [ 6.967083333333328, 50.505416666666669 ], [ 6.967083333333328, 50.504583333333336 ], [ 6.96625, 50.504583333333336 ], [ 6.96458333333333, 50.504583333333336 ], [ 6.96458333333333, 50.50375 ], [ 6.96375, 50.50375 ], [ 6.96375, 50.502916666666671 ], [ 6.962916666666661, 50.502916666666671 ], [ 6.962083333333329, 50.502916666666671 ], [ 6.962083333333329, 50.502083333333339 ], [ 6.96125, 50.502083333333339 ], [ 6.96125, 50.50125 ], [ 6.960416666666664, 50.50125 ], [ 6.955191059841868, 50.50125 ], [ 6.967853977159671, 50.512840681366306 ] ] ], [ [ [ 6.982083333333328, 50.538364786207282 ], [ 6.982083333333328, 50.537083333333335 ], [ 6.981413760498633, 50.537083333333335 ], [ 6.982083333333328, 50.538364786207282 ] ] ] ] } },
{ "type": "Feature", "properties": { "COMID": 23011442, "unitarea": 27.81965618262354 }, "geometry": { "type": "MultiPolygon", "coordinates": [ [ [ [ 7.122916666666661, 50.60541666666667 ], [ 7.129583333333329, 50.60541666666667 ], [ 7.129583333333329, 50.604583333333338 ], [ 7.130416666666662, 50.604583333333338 ], [ 7.130416666666662, 50.60375 ], [ 7.13208333333333, 50.60375 ], [ 7.13208333333333, 50.602916666666673 ], [ 7.134583333333328, 50.602916666666673 ], [ 7.134583333333328, 50.60208333333334 ], [ 7.137916666666662, 50.60208333333334 ], [ 7.137916666666662, 50.60125 ], [ 7.14375, 50.60125 ], [ 7.14375, 50.600416666666668 ], [ 7.147916666666664, 50.600416666666668 ], [ 7.147916666666664, 50.599583333333335 ], [ 7.15375, 50.599583333333335 ], [ 7.15375, 50.59875 ], [ 7.154583333333328, 50.59875 ], [ 7.154583333333328, 50.59791666666667 ], [ 7.15625, 50.59791666666667 ], [ 7.15625, 50.597083333333337 ], [ 7.157083333333329, 50.597083333333337 ], [ 7.157083333333329, 50.59625 ], [ 7.15875, 50.59625 ], [ 7.15875, 50.594583333333333 ], [ 7.15958333333333, 50.594583333333333 ], [ 7.15958333333333, 50.592083333333335 ], [ 7.160416666666663, 50.592083333333335 ], [ 7.160416666666663, 50.59125 ], [ 7.16125, 50.59125 ], [ 7.16125, 50.59041666666667 ], [ 7.162083333333328, 50.59041666666667 ], [ 7.162083333333328, 50.589583333333337 ], [ 7.164583333333329, 50.589583333333337 ], [ 7.164583333333329, 50.58875 ], [ 7.16625, 50.58875 ], [ 7.16625, 50.587916666666672 ], [ 7.170416666666664, 50.587916666666672 ], [ 7.170416666666664, 50.587083333333339 ], [ 7.17125, 50.587083333333339 ], [ 7.17125, 50.585416666666674 ], [ 7.17208333333333, 50.585416666666674 ], [ 7.17208333333333, 50.584583333333335 ], [ 7.172916666666662, 50.584583333333335 ], [ 7.172916666666662, 50.58375 ], [ 7.17208333333333, 50.58375 ], [ 7.17208333333333, 50.580416666666672 ], [ 7.17125, 50.580416666666672 ], [ 7.17125, 50.57875 ], [ 7.17208333333333, 50.57875 ], [ 7.17208333333333, 50.577916666666667 ], [ 7.174583333333331, 50.577916666666667 ], [ 7.174583333333331, 50.577083333333334 ], [ 7.17875, 50.577083333333334 ], [ 7.17875, 50.57625 ], [ 7.18125, 50.57625 ], [ 7.18125, 50.575416666666669 ], [ 7.182083333333328, 50.575416666666669 ], [ 7.182083333333328, 50.574583333333337 ], [ 7.182916666666664, 50.574583333333337 ], [ 7.182916666666664, 50.57375 ], [ 7.182083333333328, 50.57375 ], [ 7.182083333333328, 50.572916666666671 ], [ 7.18125, 50.572916666666671 ], [ 7.18125, 50.57125 ], [ 7.180416666666662, 50.57125 ], [ 7.180416666666662, 50.569583333333334 ], [ 7.17958333333333, 50.569583333333334 ], [ 7.177916666666661, 50.569583333333334 ], [ 7.177916666666661, 50.56875 ], [ 7.177083333333329, 50.56875 ], [ 7.17625, 50.56875 ], [ 7.17625, 50.567916666666669 ], [ 7.177083333333329, 50.567916666666669 ], [ 7.177083333333329, 50.567083333333336 ], [ 7.177916666666661, 50.567083333333336 ], [ 7.177916666666661, 50.56625 ], [ 7.17875, 50.56625 ], [ 7.17875, 50.565416666666671 ], [ 7.17958333333333, 50.565416666666671 ], [ 7.17958333333333, 50.55875 ], [ 7.17875, 50.55875 ], [ 7.177916666666661, 50.55875 ], [ 7.177916666666661, 50.557916666666671 ], [ 7.17875, 50.557916666666671 ], [ 7.17875, 50.555416666666673 ], [ 7.177916666666661, 50.555416666666673 ], [ 7.177916666666661, 50.55375 ], [ 7.177083333333329, 50.55375 ], [ 7.177083333333329, 50.552916666666668 ], [ 7.17625, 50.552916666666668 ], [ 7.175416666666663, 50.552916666666668 ], [ 7.175416666666663, 50.552083333333336 ], [ 7.174583333333331, 50.552083333333336 ], [ 7.16875, 50.552083333333336 ], [ 7.16875, 50.55125 ], [ 7.167916666666663, 50.55125 ], [ 7.167916666666663, 50.550416666666671 ], [ 7.167083333333331, 50.550416666666671 ], [ 7.16625, 50.550416666666671 ], [ 7.16625, 50.549583333333338 ], [ 7.167083333333331, 50.549583333333338 ], [ 7.167083333333331, 50.54875 ], [ 7.16625, 50.54875 ], [ 7.16625, 50.547916666666666 ], [ 7.165416666666662, 50.547916666666666 ], [ 7.165416666666662, 50.54875 ], [ 7.16375, 50.54875 ], [ 7.16375, 50.550416666666671 ], [ 7.162916666666664, 50.550416666666671 ], [ 7.162916666666664, 50.55125 ], [ 7.16375, 50.55125 ], [ 7.16375, 50.552083333333336 ], [ 7.162916666666664, 50.552083333333336 ], [ 7.162916666666664, 50.552916666666668 ], [ 7.162083333333328, 50.552916666666668 ], [ 7.162083333333328, 50.55375 ], [ 7.16125, 50.55375 ], [ 7.16125, 50.555416666666673 ], [ 7.160416666666663, 50.555416666666673 ], [ 7.160416666666663, 50.55625 ], [ 7.15958333333333, 50.55625 ], [ 7.15958333333333, 50.557083333333338 ], [ 7.15875, 50.557083333333338 ], [ 7.15875, 50.557916666666671 ], [ 7.155416666666664, 50.557916666666671 ], [ 7.155416666666664, 50.55875 ], [ 7.154583333333328, 50.55875 ], [ 7.154583333333328, 50.559583333333336 ], [ 7.152916666666663, 50.559583333333336 ], [ 7.152916666666663, 50.55875 ], [ 7.15208333333333, 50.55875 ], [ 7.15208333333333, 50.559583333333336 ], [ 7.147083333333331, 50.559583333333336 ], [ 7.147083333333331, 50.55875 ], [ 7.14625, 50.55875 ], [ 7.14375, 50.55875 ], [ 7.14375, 50.557916666666671 ], [ 7.142916666666661, 50.557916666666671 ], [ 7.142916666666661, 50.557083333333338 ], [ 7.13625, 50.557083333333338 ], [ 7.13625, 50.557916666666671 ], [ 7.13125, 50.557916666666671 ], [ 7.13125, 50.557083333333338 ], [ 7.12875, 50.557083333333338 ], [ 7.12875, 50.557916666666671 ], [ 7.12458333333333, 50.557916666666671 ], [ 7.12458333333333, 50.55875 ], [ 7.122083333333329, 50.55875 ], [ 7.122083333333329, 50.560416666666669 ], [ 7.12125, 50.560416666666669 ], [ 7.12125, 50.56125 ], [ 7.119583333333328, 50.56125 ], [ 7.119583333333328, 50.56375 ], [ 7.11875, 50.56375 ], [ 7.11875, 50.564583333333339 ], [ 7.117916666666662, 50.564583333333339 ], [ 7.117916666666662, 50.56375 ], [ 7.11708333333333, 50.56375 ], [ 7.11625, 50.56375 ], [ 7.11625, 50.562916666666666 ], [ 7.114583333333329, 50.562916666666666 ], [ 7.114583333333329, 50.56375 ], [ 7.112916666666663, 50.56375 ], [ 7.112916666666663, 50.564583333333339 ], [ 7.112083333333331, 50.564583333333339 ], [ 7.112083333333331, 50.565416666666671 ], [ 7.10958333333333, 50.565416666666671 ], [ 7.10958333333333, 50.56625 ], [ 7.10875, 50.56625 ], [ 7.10875, 50.567083333333336 ], [ 7.10375, 50.567083333333336 ], [ 7.10375, 50.56625 ], [ 7.102916666666662, 50.56625 ], [ 7.102916666666662, 50.567083333333336 ], [ 7.100416666666664, 50.567083333333336 ], [ 7.100416666666664, 50.567916666666669 ], [ 7.09708333333333, 50.567916666666669 ], [ 7.09708333333333, 50.567083333333336 ], [ 7.09625, 50.567083333333336 ], [ 7.095416666666662, 50.567083333333336 ], [ 7.095416666666662, 50.56625 ], [ 7.094583333333329, 50.56625 ], [ 7.094583333333329, 50.565416666666671 ], [ 7.09375, 50.565416666666671 ], [ 7.09375, 50.564583333333339 ], [ 7.092916666666664, 50.564583333333339 ], [ 7.092916666666664, 50.56375 ], [ 7.092083333333328, 50.56375 ], [ 7.092083333333328, 50.562916666666666 ], [ 7.09125, 50.562916666666666 ], [ 7.09125, 50.562083333333334 ], [ 7.090416666666663, 50.562083333333334 ], [ 7.08958333333333, 50.562083333333334 ], [ 7.08958333333333, 50.56125 ], [ 7.08875, 50.56125 ], [ 7.08875, 50.560416666666669 ], [ 7.087916666666661, 50.560416666666669 ], [ 7.087916666666661, 50.559583333333336 ], [ 7.087083333333329, 50.559583333333336 ], [ 7.084583333333331, 50.559583333333336 ], [ 7.084583333333331, 50.55875 ], [ 7.08375, 50.55875 ], [ 7.08208333333333, 50.55875 ], [ 7.08208333333333, 50.557916666666671 ], [ 7.08125, 50.557916666666671 ], [ 7.08125, 50.557083333333338 ], [ 7.080416666666661, 50.557083333333338 ], [ 7.080416666666661, 50.55625 ], [ 7.079583333333328, 50.55625 ], [ 7.079583333333328, 50.555416666666673 ], [ 7.07875, 50.555416666666673 ], [ 7.07875, 50.554583333333341 ], [ 7.07125, 50.554583333333341 ], [ 7.07125, 50.555416666666673 ], [ 7.06875, 50.555416666666673 ], [ 7.06875, 50.55625 ], [ 7.067916666666662, 50.55625 ], [ 7.067916666666662, 50.557083333333338 ], [ 7.067083333333329, 50.557083333333338 ], [ 7.067083333333329, 50.557916666666671 ], [ 7.067916666666662, 50.557916666666671 ], [ 7.067916666666662, 50.55875 ], [ 7.06875, 50.55875 ], [ 7.06875, 50.559583333333336 ], [ 7.06958333333333, 50.559583333333336 ], [ 7.06958333333333, 50.560416666666669 ], [ 7.070416666666663, 50.560416666666669 ], [ 7.070416666666663, 50.562916666666666 ], [ 7.07125, 50.562916666666666 ], [ 7.07125, 50.56375 ], [ 7.070416666666663, 50.56375 ], [ 7.070416666666663, 50.565416666666671 ], [ 7.07125, 50.565416666666671 ], [ 7.07125, 50.56625 ], [ 7.072083333333328, 50.56625 ], [ 7.072916666666664, 50.56625 ], [ 7.072916666666664, 50.567083333333336 ], [ 7.07375, 50.567083333333336 ], [ 7.07375, 50.56875 ], [ 7.074583333333329, 50.56875 ], [ 7.074583333333329, 50.569583333333334 ], [ 7.075416666666662, 50.569583333333334 ], [ 7.075416666666662, 50.570416666666674 ], [ 7.07625, 50.570416666666674 ], [ 7.07625, 50.57125 ], [ 7.077083333333331, 50.57125 ], [ 7.077083333333331, 50.572083333333339 ], [ 7.077916666666663, 50.572083333333339 ], [ 7.077916666666663, 50.57375 ], [ 7.077083333333331, 50.57375 ], [ 7.077083333333331, 50.575416666666669 ], [ 7.077916666666663, 50.575416666666669 ], [ 7.077916666666663, 50.577083333333334 ], [ 7.07875, 50.577083333333334 ], [ 7.07875, 50.577916666666667 ], [ 7.079583333333328, 50.577916666666667 ], [ 7.079583333333328, 50.57875 ], [ 7.080416666666661, 50.57875 ], [ 7.080416666666661, 50.579583333333339 ], [ 7.08125, 50.579583333333339 ], [ 7.08125, 50.580416666666672 ], [ 7.08208333333333, 50.580416666666672 ], [ 7.08208333333333, 50.58125 ], [ 7.082916666666662, 50.58125 ], [ 7.082916666666662, 50.582083333333337 ], [ 7.08375, 50.582083333333337 ], [ 7.08375, 50.582916666666669 ], [ 7.085416666666664, 50.582916666666669 ], [ 7.08625, 50.582916666666669 ], [ 7.08625, 50.58375 ], [ 7.087916666666661, 50.58375 ], [ 7.08875, 50.58375 ], [ 7.08875, 50.584583333333335 ], [ 7.08958333333333, 50.584583333333335 ], [ 7.08958333333333, 50.585416666666674 ], [ 7.09125, 50.585416666666674 ], [ 7.092083333333328, 50.585416666666674 ], [ 7.092083333333328, 50.58625 ], [ 7.095416666666662, 50.58625 ], [ 7.095416666666662, 50.585416666666674 ], [ 7.099583333333328, 50.585416666666674 ], [ 7.099583333333328, 50.58625 ], [ 7.100416666666664, 50.58625 ], [ 7.100416666666664, 50.585416666666674 ], [ 7.102916666666662, 50.585416666666674 ], [ 7.102916666666662, 50.58625 ], [ 7.10375, 50.58625 ], [ 7.10375, 50.587083333333339 ], [ 7.104583333333331, 50.587083333333339 ], [ 7.104583333333331, 50.587916666666672 ], [ 7.105416666666663, 50.587916666666672 ], [ 7.105416666666663, 50.58875 ], [ 7.10625, 50.58875 ], [ 7.10625, 50.589583333333337 ], [ 7.107083333333328, 50.589583333333337 ], [ 7.107083333333328, 50.59041666666667 ], [ 7.107916666666664, 50.59041666666667 ], [ 7.107916666666664, 50.59625 ], [ 7.10958333333333, 50.59625 ], [ 7.10958333333333, 50.595416666666672 ], [ 7.110416666666662, 50.595416666666672 ], [ 7.110416666666662, 50.59625 ], [ 7.11125, 50.59625 ], [ 7.11125, 50.597083333333337 ], [ 7.112083333333331, 50.597083333333337 ], [ 7.112083333333331, 50.59791666666667 ], [ 7.112916666666663, 50.59791666666667 ], [ 7.112916666666663, 50.59875 ], [ 7.114583333333329, 50.59875 ], [ 7.115416666666661, 50.59875 ], [ 7.115416666666661, 50.599583333333335 ], [ 7.11625, 50.599583333333335 ], [ 7.11625, 50.600416666666668 ], [ 7.11708333333333, 50.600416666666668 ], [ 7.11708333333333, 50.60125 ], [ 7.117916666666662, 50.60125 ], [ 7.117916666666662, 50.60208333333334 ], [ 7.11875, 50.60208333333334 ], [ 7.11875, 50.602916666666673 ], [ 7.119583333333328, 50.602916666666673 ], [ 7.119583333333328, 50.60375 ], [ 7.120416666666664, 50.60375 ], [ 7.120416666666664, 50.604583333333338 ], [ 7.122083333333329, 50.604583333333338 ], [ 7.122916666666661, 50.604583333333338 ], [ 7.122916666666661, 50.60541666666667 ] ] ] ] } },
{ "type": "Feature", "properties": { "COMID": 23012682, "unitarea": 8.8894227730895334 }, "geometry": { "type": "MultiPolygon", "coordinates": [ [ [ [ 6.82235070543559, 50.385280030196107 ], [ 6.823217928834544, 50.385906250031184 ], [ 6.822371877164313, 50.38875 ], [ 6.822916666666664, 50.38875 ], [ 6.822916666666664, 50.387916666666669 ], [ 6.82375, 50.387916666666669 ], [ 6.82375, 50.387083333333337 ], [ 6.824583333333329, 50.387083333333337 ], [ 6.824583333333329, 50.38625 ], [ 6.82625, 50.38625 ], [ 6.82625, 50.385416666666671 ], [ 6.827083333333331, 50.385416666666671 ], [ 6.827083333333331, 50.384583333333339 ], [ 6.827916666666663, 50.384583333333339 ], [ 6.827916666666663, 50.382083333333334 ], [ 6.827083333333331, 50.382083333333334 ], [ 6.825416666666662, 50.382083333333334 ], [ 6.825416666666662, 50.38125 ], [ 6.824583333333329, 50.38125 ], [ 6.824165483060871, 50.38125 ], [ 6.82235070543559, 50.385280030196107 ] ] ], [ [ [ 6.82138016823595, 50.392083333333339 ], [ 6.822083333333328, 50.392083333333339 ], [ 6.822083333333328, 50.3897198538981 ], [ 6.82138016823595, 50.392083333333339 ] ] ], [ [ [ 6.82113224100386, 50.392916666666672 ], [ 6.82125, 50.392916666666672 ], [ 6.82125, 50.39252085497646 ], [ 6.82113224100386, 50.392916666666672 ] ] ] ] } },
{ "type": "Feature", "properties": { "COMID": 23012638, "unitarea": 49.451010854442437 }, "geometry": { "type": "MultiPolygon", "coordinates": [ [ [ [ 6.822083333333328, 50.3897198538981 ], [ 6.822083333333328, 50.392083333333339 ], [ 6.82138016823595, 50.392083333333339 ], [ 6.82125, 50.39252085497646 ], [ 6.82125, 50.392916666666672 ], [ 6.82113224100386, 50.392916666666672 ], [ 6.817090983450484, 50.406500146784687 ], [ 6.835042409258392, 50.446140994504944 ], [ 6.835942545264624, 50.44625 ], [ 6.840416666666663, 50.44625 ], [ 6.84125, 50.44625 ], [ 6.84125, 50.446892727017811 ], [ 6.842823972096844, 50.447083333333339 ], [ 6.850416666666664, 50.447083333333339 ], [ 6.85125, 50.447083333333339 ], [ 6.85125, 50.447916666666671 ], [ 6.85375, 50.447916666666671 ], [ 6.854583333333331, 50.447916666666671 ], [ 6.854583333333331, 50.448507379237782 ], [ 6.856586825761108, 50.44875 ], [ 6.857916666666664, 50.44875 ], [ 6.85875, 50.44875 ], [ 6.85875, 50.449011958056523 ], [ 6.863468252593328, 50.449583333333337 ], [ 6.864583333333329, 50.449583333333337 ], [ 6.864583333333329, 50.44875 ], [ 6.86625, 50.44875 ], [ 6.86625, 50.447916666666671 ], [ 6.86875, 50.447916666666671 ], [ 6.86875, 50.447083333333339 ], [ 6.870416666666664, 50.447083333333339 ], [ 6.870416666666664, 50.44625 ], [ 6.87125, 50.44625 ], [ 6.87125, 50.445416666666674 ], [ 6.872083333333329, 50.445416666666674 ], [ 6.872083333333329, 50.444583333333334 ], [ 6.872916666666661, 50.444583333333334 ], [ 6.872916666666661, 50.445416666666674 ], [ 6.87375, 50.445416666666674 ], [ 6.87458333333333, 50.445416666666674 ], [ 6.87458333333333, 50.44625 ], [ 6.875416666666663, 50.44625 ], [ 6.875416666666663, 50.445416666666674 ], [ 6.87625, 50.445416666666674 ], [ 6.87625, 50.44625 ], [ 6.877083333333328, 50.44625 ], [ 6.877083333333328, 50.445416666666674 ], [ 6.877916666666664, 50.445416666666674 ], [ 6.877916666666664, 50.444583333333334 ], [ 6.87875, 50.444583333333334 ], [ 6.87875, 50.442083333333336 ], [ 6.879583333333329, 50.442083333333336 ], [ 6.879583333333329, 50.44125 ], [ 6.880416666666662, 50.44125 ], [ 6.880416666666662, 50.440416666666671 ], [ 6.88125, 50.440416666666671 ], [ 6.88125, 50.439583333333339 ], [ 6.880416666666662, 50.439583333333339 ], [ 6.879583333333329, 50.439583333333339 ], [ 6.879583333333329, 50.43875 ], [ 6.87875, 50.43875 ], [ 6.87875, 50.437916666666666 ], [ 6.877916666666664, 50.437916666666666 ], [ 6.87625, 50.437916666666666 ], [ 6.87625, 50.437083333333334 ], [ 6.875416666666663, 50.437083333333334 ], [ 6.87375, 50.437083333333334 ], [ 6.87375, 50.43375 ], [ 6.872916666666661, 50.43375 ], [ 6.872916666666661, 50.432916666666671 ], [ 6.87375, 50.432916666666671 ], [ 6.87375, 50.432083333333338 ], [ 6.875416666666663, 50.432083333333338 ], [ 6.875416666666663, 50.43125 ], [ 6.87625, 50.43125 ], [ 6.87625, 50.430416666666673 ], [ 6.877083333333328, 50.430416666666673 ], [ 6.877083333333328, 50.429583333333341 ], [ 6.877916666666664, 50.429583333333341 ], [ 6.877916666666664, 50.42875 ], [ 6.87875, 50.42875 ], [ 6.87875, 50.427916666666668 ], [ 6.879583333333329, 50.427916666666668 ], [ 6.879583333333329, 50.427083333333336 ], [ 6.880416666666662, 50.427083333333336 ], [ 6.880416666666662, 50.425416666666671 ], [ 6.88125, 50.425416666666671 ], [ 6.88125, 50.422916666666666 ], [ 6.88208333333333, 50.422916666666666 ], [ 6.88208333333333, 50.422083333333333 ], [ 6.88125, 50.422083333333333 ], [ 6.88125, 50.42125 ], [ 6.88208333333333, 50.42125 ], [ 6.88208333333333, 50.420416666666668 ], [ 6.88375, 50.420416666666668 ], [ 6.88375, 50.419583333333335 ], [ 6.882916666666663, 50.419583333333335 ], [ 6.882916666666663, 50.41875 ], [ 6.88208333333333, 50.41875 ], [ 6.88208333333333, 50.417083333333338 ], [ 6.88125, 50.417083333333338 ], [ 6.88125, 50.41625 ], [ 6.880416666666662, 50.41625 ], [ 6.879583333333329, 50.41625 ], [ 6.879583333333329, 50.415416666666673 ], [ 6.880416666666662, 50.415416666666673 ], [ 6.880416666666662, 50.41041666666667 ], [ 6.88125, 50.41041666666667 ], [ 6.88125, 50.40625 ], [ 6.88208333333333, 50.40625 ], [ 6.88208333333333, 50.405416666666667 ], [ 6.882916666666663, 50.405416666666667 ], [ 6.882916666666663, 50.404583333333335 ], [ 6.88208333333333, 50.404583333333335 ], [ 6.88208333333333, 50.40291666666667 ], [ 6.88125, 50.40291666666667 ], [ 6.88125, 50.40125 ], [ 6.880416666666662, 50.40125 ], [ 6.87625, 50.40125 ], [ 6.87625, 50.400416666666672 ], [ 6.875416666666663, 50.400416666666672 ], [ 6.87458333333333, 50.400416666666672 ], [ 6.87458333333333, 50.399583333333339 ], [ 6.87375, 50.399583333333339 ], [ 6.869583333333331, 50.399583333333339 ], [ 6.869583333333331, 50.39875 ], [ 6.86875, 50.39875 ], [ 6.86625, 50.39875 ], [ 6.86625, 50.397916666666674 ], [ 6.865416666666661, 50.397916666666674 ], [ 6.86375, 50.397916666666674 ], [ 6.86375, 50.397083333333335 ], [ 6.862916666666663, 50.397083333333335 ], [ 6.862916666666663, 50.39625 ], [ 6.857083333333328, 50.39625 ], [ 6.857083333333328, 50.397083333333335 ], [ 6.85625, 50.397083333333335 ], [ 6.85625, 50.39625 ], [ 6.855416666666663, 50.39625 ], [ 6.85375, 50.39625 ], [ 6.85375, 50.395416666666669 ], [ 6.852916666666662, 50.395416666666669 ], [ 6.852916666666662, 50.394583333333337 ], [ 6.852083333333329, 50.394583333333337 ], [ 6.852083333333329, 50.39375 ], [ 6.852916666666662, 50.39375 ], [ 6.852916666666662, 50.39125 ], [ 6.852083333333329, 50.39125 ], [ 6.852083333333329, 50.389583333333334 ], [ 6.85125, 50.389583333333334 ], [ 6.85125, 50.38875 ], [ 6.850416666666664, 50.38875 ], [ 6.850416666666664, 50.387916666666669 ], [ 6.849583333333328, 50.387916666666669 ], [ 6.849583333333328, 50.387083333333337 ], [ 6.84875, 50.387083333333337 ], [ 6.84375, 50.387083333333337 ], [ 6.84375, 50.38625 ], [ 6.842916666666664, 50.38625 ], [ 6.842916666666664, 50.385416666666671 ], [ 6.842083333333328, 50.385416666666671 ], [ 6.842083333333328, 50.384583333333339 ], [ 6.837916666666661, 50.384583333333339 ], [ 6.837916666666661, 50.385416666666671 ], [ 6.837083333333329, 50.385416666666671 ], [ 6.837083333333329, 50.38625 ], [ 6.83625, 50.38625 ], [ 6.83625, 50.387083333333337 ], [ 6.82875, 50.387083333333337 ], [ 6.82875, 50.38625 ], [ 6.827916666666663, 50.38625 ], [ 6.827916666666663, 50.385416666666671 ], [ 6.82875, 50.385416666666671 ], [ 6.82875, 50.38375 ], [ 6.827916666666663, 50.38375 ], [ 6.827916666666663, 50.384583333333339 ], [ 6.827083333333331, 50.384583333333339 ], [ 6.827083333333331, 50.385416666666671 ], [ 6.82625, 50.385416666666671 ], [ 6.82625, 50.38625 ], [ 6.824583333333329, 50.38625 ], [ 6.824583333333329, 50.387083333333337 ], [ 6.82375, 50.387083333333337 ], [ 6.82375, 50.387916666666669 ], [ 6.822916666666664, 50.387916666666669 ], [ 6.822916666666664, 50.38875 ], [ 6.822371877164313, 50.38875 ], [ 6.822083333333328, 50.3897198538981 ] ] ] ] } },
{ "type": "Feature", "properties": { "COMID": 23013430, "unitarea": 60.771605196363794 }, "geometry": { "type": "MultiPolygon", "coordinates": [ [ [ [ 6.84125, 50.446892727017811 ], [ 6.84125, 50.44625 ], [ 6.840416666666663, 50.44625 ], [ 6.835942545264624, 50.44625 ], [ 6.84125, 50.446892727017811 ] ] ], [ [ [ 6.854583333333331, 50.448507379237782 ], [ 6.854583333333331, 50.447916666666671 ], [ 6.85375, 50.447916666666671 ], [ 6.85125, 50.447916666666671 ], [ 6.85125, 50.447083333333339 ], [ 6.850416666666664, 50.447083333333339 ], [ 6.842823972096844, 50.447083333333339 ], [ 6.854583333333331, 50.448507379237782 ] ] ], [ [ [ 6.85875, 50.449011958056523 ], [ 6.85875, 50.44875 ], [ 6.857916666666664, 50.44875 ], [ 6.856586825761108, 50.44875 ], [ 6.85875, 50.449011958056523 ] ] ], [ [ [ 6.869617846299822, 50.450328042468094 ], [ 6.870574155644825, 50.450645674986355 ], [ 6.886773525801408, 50.463735164230052 ], [ 6.887083333333329, 50.46372136399058 ], [ 6.887083333333329, 50.462083333333339 ], [ 6.887916666666662, 50.462083333333339 ], [ 6.887916666666662, 50.46125 ], [ 6.887083333333329, 50.46125 ], [ 6.887083333333329, 50.460416666666674 ], [ 6.88625, 50.460416666666674 ], [ 6.88625, 50.45875 ], [ 6.885416666666664, 50.45875 ], [ 6.885416666666664, 50.457916666666669 ], [ 6.884583333333328, 50.457916666666669 ], [ 6.88375, 50.457916666666669 ], [ 6.88375, 50.457083333333337 ], [ 6.882916666666663, 50.457083333333337 ], [ 6.88125, 50.457083333333337 ], [ 6.88125, 50.455416666666672 ], [ 6.880416666666662, 50.455416666666672 ], [ 6.880416666666662, 50.454583333333339 ], [ 6.879583333333329, 50.454583333333339 ], [ 6.879583333333329, 50.450416666666669 ], [ 6.87875, 50.450416666666669 ], [ 6.87875, 50.449583333333337 ], [ 6.877916666666664, 50.449583333333337 ], [ 6.877916666666664, 50.450416666666669 ], [ 6.877083333333328, 50.450416666666669 ], [ 6.877083333333328, 50.449583333333337 ], [ 6.87625, 50.449583333333337 ], [ 6.87625, 50.44875 ], [ 6.875416666666663, 50.44875 ], [ 6.875416666666663, 50.447916666666671 ], [ 6.87458333333333, 50.447916666666671 ], [ 6.87458333333333, 50.447083333333339 ], [ 6.875416666666663, 50.447083333333339 ], [ 6.875416666666663, 50.44625 ], [ 6.87458333333333, 50.44625 ], [ 6.87458333333333, 50.445416666666674 ], [ 6.87375, 50.445416666666674 ], [ 6.872916666666661, 50.445416666666674 ], [ 6.872916666666661, 50.444583333333334 ], [ 6.872083333333329, 50.444583333333334 ], [ 6.872083333333329, 50.445416666666674 ], [ 6.87125, 50.445416666666674 ], [ 6.87125, 50.44625 ], [ 6.870416666666664, 50.44625 ], [ 6.870416666666664, 50.447083333333339 ], [ 6.86875, 50.447083333333339 ], [ 6.86875, 50.447916666666671 ], [ 6.86625, 50.447916666666671 ], [ 6.86625, 50.44875 ], [ 6.864583333333329, 50.44875 ], [ 6.864583333333329, 50.449583333333337 ], [ 6.863468252593328, 50.449583333333337 ], [ 6.869617846299822, 50.450328042468094 ] ] ] ] } },
{ "type": "Feature", "properties": { "COMID": 23012526, "unitarea": 6.882179875715118 }, "geometry": { "type": "MultiPolygon", "coordinates": [ [ [ [ 6.95125, 50.48625 ], [ 6.95708333333333, 50.48625 ], [ 6.95708333333333, 50.485416666666666 ], [ 6.96125, 50.485416666666666 ], [ 6.96125, 50.484583333333333 ], [ 6.96875, 50.484583333333333 ], [ 6.96875, 50.48375 ], [ 6.969583333333329, 50.48375 ], [ 6.969583333333329, 50.484583333333333 ], [ 6.970416666666662, 50.484583333333333 ], [ 6.970416666666662, 50.48375 ], [ 6.97125, 50.48375 ], [ 6.97125, 50.484583333333333 ], [ 6.97208333333333, 50.484583333333333 ], [ 6.97208333333333, 50.48375 ], [ 6.972916666666663, 50.48375 ], [ 6.972916666666663, 50.484583333333333 ], [ 6.97375, 50.484583333333333 ], [ 6.97375, 50.485416666666666 ], [ 6.974583333333328, 50.485416666666666 ], [ 6.974583333333328, 50.484583333333333 ], [ 6.975416666666664, 50.484583333333333 ], [ 6.975416666666664, 50.48375 ], [ 6.97625, 50.48375 ], [ 6.97625, 50.482083333333335 ], [ 6.977083333333329, 50.482083333333335 ], [ 6.977083333333329, 50.48041666666667 ], [ 6.977916666666662, 50.48041666666667 ], [ 6.977916666666662, 50.474583333333335 ], [ 6.977083333333329, 50.474583333333335 ], [ 6.977083333333329, 50.47375 ], [ 6.97625, 50.47375 ], [ 6.975416666666664, 50.47375 ], [ 6.975416666666664, 50.47291666666667 ], [ 6.974583333333328, 50.47291666666667 ], [ 6.974583333333328, 50.472083333333337 ], [ 6.97375, 50.472083333333337 ], [ 6.97375, 50.470416666666672 ], [ 6.972916666666663, 50.470416666666672 ], [ 6.972916666666663, 50.467916666666667 ], [ 6.97208333333333, 50.467916666666667 ], [ 6.97208333333333, 50.467083333333335 ], [ 6.97125, 50.467083333333335 ], [ 6.97125, 50.46625 ], [ 6.970416666666662, 50.46625 ], [ 6.970416666666662, 50.46541666666667 ], [ 6.969583333333329, 50.46541666666667 ], [ 6.969583333333329, 50.464583333333337 ], [ 6.96875, 50.464583333333337 ], [ 6.967916666666664, 50.464583333333337 ], [ 6.967916666666664, 50.46375 ], [ 6.967083333333328, 50.46375 ], [ 6.96625, 50.46375 ], [ 6.96625, 50.46125 ], [ 6.965416666666663, 50.46125 ], [ 6.965416666666663, 50.460416666666674 ], [ 6.96458333333333, 50.460416666666674 ], [ 6.96375, 50.460416666666674 ], [ 6.96375, 50.45875 ], [ 6.962916666666661, 50.45875 ], [ 6.962916666666661, 50.457916666666669 ], [ 6.960416666666664, 50.457916666666669 ], [ 6.960416666666664, 50.45875 ], [ 6.957916666666662, 50.45875 ], [ 6.957916666666662, 50.459583333333335 ], [ 6.95625, 50.459583333333335 ], [ 6.95625, 50.460416666666674 ], [ 6.95375, 50.460416666666674 ], [ 6.95375, 50.46125 ], [ 6.952083333333331, 50.46125 ], [ 6.952083333333331, 50.460416666666674 ], [ 6.95125, 50.460416666666674 ], [ 6.949583333333329, 50.460416666666674 ], [ 6.949583333333329, 50.459583333333335 ], [ 6.94875, 50.459583333333335 ], [ 6.94875, 50.45875 ], [ 6.947083333333328, 50.45875 ], [ 6.947083333333328, 50.459583333333335 ], [ 6.945416666666663, 50.459583333333335 ], [ 6.945416666666663, 50.460416666666674 ], [ 6.94458333333333, 50.460416666666674 ], [ 6.94458333333333, 50.46125 ], [ 6.94375, 50.46125 ], [ 6.94375, 50.462083333333339 ], [ 6.942916666666662, 50.462083333333339 ], [ 6.942916666666662, 50.462916666666672 ], [ 6.942083333333329, 50.462916666666672 ], [ 6.942083333333329, 50.46375 ], [ 6.94125, 50.46375 ], [ 6.94125, 50.464583333333337 ], [ 6.940416666666664, 50.464583333333337 ], [ 6.940416666666664, 50.46541666666667 ], [ 6.939583333333328, 50.46541666666667 ], [ 6.939583333333328, 50.46875 ], [ 6.940416666666664, 50.46875 ], [ 6.940416666666664, 50.472083333333337 ], [ 6.939583333333328, 50.472083333333337 ], [ 6.939583333333328, 50.47375 ], [ 6.93875, 50.47375 ], [ 6.93875, 50.474583333333335 ], [ 6.937916666666663, 50.474583333333335 ], [ 6.937916666666663, 50.475416666666668 ], [ 6.93708333333333, 50.475416666666668 ], [ 6.93708333333333, 50.47708333333334 ], [ 6.937916666666663, 50.47708333333334 ], [ 6.937916666666663, 50.477916666666673 ], [ 6.93708333333333, 50.477916666666673 ], [ 6.93708333333333, 50.47875 ], [ 6.937916666666663, 50.47875 ], [ 6.937916666666663, 50.479583333333338 ], [ 6.93708333333333, 50.479583333333338 ], [ 6.93708333333333, 50.48125 ], [ 6.93625, 50.48125 ], [ 6.93625, 50.48375 ], [ 6.93708333333333, 50.48375 ], [ 6.93708333333333, 50.484583333333333 ], [ 6.937916666666663, 50.484583333333333 ], [ 6.937916666666663, 50.485416666666666 ], [ 6.950416666666662, 50.485416666666666 ], [ 6.95125, 50.485416666666666 ], [ 6.95125, 50.48625 ] ] ] ] } },
{ "type": "Feature", "properties": { "COMID": 23012782, "unitarea": 22.889391046730729 }, "geometry": { "type": "MultiPolygon", "coordinates": [ [ [ [ 6.983580035889742, 50.48405711339808 ], [ 6.98331869458702, 50.483392604542182 ], [ 6.972957916141763, 50.439195199125336 ], [ 6.954583333333328, 50.436813818407956 ], [ 6.954583333333328, 50.437916666666666 ], [ 6.955416666666661, 50.437916666666666 ], [ 6.95625, 50.437916666666666 ], [ 6.95625, 50.43875 ], [ 6.957916666666662, 50.43875 ], [ 6.95875, 50.43875 ], [ 6.95875, 50.439583333333339 ], [ 6.959583333333331, 50.439583333333339 ], [ 6.960416666666664, 50.439583333333339 ], [ 6.960416666666664, 50.440416666666671 ], [ 6.96125, 50.440416666666671 ], [ 6.96125, 50.442916666666669 ], [ 6.962083333333329, 50.442916666666669 ], [ 6.962083333333329, 50.444583333333334 ], [ 6.962916666666661, 50.444583333333334 ], [ 6.962916666666661, 50.44625 ], [ 6.96375, 50.44625 ], [ 6.96375, 50.447083333333339 ], [ 6.96458333333333, 50.447083333333339 ], [ 6.96458333333333, 50.44875 ], [ 6.965416666666663, 50.44875 ], [ 6.965416666666663, 50.449583333333337 ], [ 6.96625, 50.449583333333337 ], [ 6.96625, 50.450416666666669 ], [ 6.967083333333328, 50.450416666666669 ], [ 6.967083333333328, 50.45125 ], [ 6.96625, 50.45125 ], [ 6.96625, 50.452083333333334 ], [ 6.965416666666663, 50.452083333333334 ], [ 6.965416666666663, 50.454583333333339 ], [ 6.96458333333333, 50.454583333333339 ], [ 6.96458333333333, 50.45625 ], [ 6.96375, 50.45625 ], [ 6.96375, 50.457083333333337 ], [ 6.962916666666661, 50.457083333333337 ], [ 6.962916666666661, 50.45875 ], [ 6.96375, 50.45875 ], [ 6.96375, 50.460416666666674 ], [ 6.96458333333333, 50.460416666666674 ], [ 6.965416666666663, 50.460416666666674 ], [ 6.965416666666663, 50.46125 ], [ 6.96625, 50.46125 ], [ 6.96625, 50.46375 ], [ 6.967083333333328, 50.46375 ], [ 6.967916666666664, 50.46375 ], [ 6.967916666666664, 50.464583333333337 ], [ 6.96875, 50.464583333333337 ], [ 6.969583333333329, 50.464583333333337 ], [ 6.969583333333329, 50.46541666666667 ], [ 6.970416666666662, 50.46541666666667 ], [ 6.970416666666662, 50.46625 ], [ 6.97125, 50.46625 ], [ 6.97125, 50.467083333333335 ], [ 6.97208333333333, 50.467083333333335 ], [ 6.97208333333333, 50.467916666666667 ], [ 6.972916666666663, 50.467916666666667 ], [ 6.972916666666663, 50.470416666666672 ], [ 6.97375, 50.470416666666672 ], [ 6.97375, 50.472083333333337 ], [ 6.974583333333328, 50.472083333333337 ], [ 6.974583333333328, 50.47291666666667 ], [ 6.975416666666664, 50.47291666666667 ], [ 6.975416666666664, 50.47375 ], [ 6.97625, 50.47375 ], [ 6.977083333333329, 50.47375 ], [ 6.977083333333329, 50.474583333333335 ], [ 6.977916666666662, 50.474583333333335 ], [ 6.977916666666662, 50.48041666666667 ], [ 6.977083333333329, 50.48041666666667 ], [ 6.977083333333329, 50.482083333333335 ], [ 6.97625, 50.482083333333335 ], [ 6.97625, 50.48375 ], [ 6.975416666666664, 50.48375 ], [ 6.975416666666664, 50.484583333333333 ], [ 6.974583333333328, 50.484583333333333 ], [ 6.974583333333328, 50.485416666666666 ], [ 6.97375, 50.485416666666666 ], [ 6.97375, 50.487083333333338 ], [ 6.974583333333328, 50.487083333333338 ], [ 6.974583333333328, 50.487916666666671 ], [ 6.975416666666664, 50.487916666666671 ], [ 6.975416666666664, 50.48875 ], [ 6.977083333333329, 50.48875 ], [ 6.977083333333329, 50.487916666666671 ], [ 6.980416666666663, 50.487916666666671 ], [ 6.980416666666663, 50.487083333333338 ], [ 6.982083333333328, 50.487083333333338 ], [ 6.982083333333328, 50.48625 ], [ 6.982916666666664, 50.48625 ], [ 6.982916666666664, 50.487083333333338 ], [ 6.98875, 50.487083333333338 ], [ 6.989583333333329, 50.487083333333338 ], [ 6.989583333333329, 50.487916666666671 ], [ 6.990416666666661, 50.487916666666671 ], [ 6.990416666666661, 50.489583333333336 ], [ 6.99125, 50.489583333333336 ], [ 6.99125, 50.490416666666668 ], [ 6.99208333333333, 50.490416666666668 ], [ 6.99208333333333, 50.49125 ], [ 6.992916666666662, 50.49125 ], [ 6.992916666666662, 50.492916666666673 ], [ 6.99375, 50.492916666666673 ], [ 6.99375, 50.49375 ], [ 6.994583333333331, 50.49375 ], [ 6.994583333333331, 50.494583333333338 ], [ 6.995416666666664, 50.494583333333338 ], [ 6.99625, 50.494583333333338 ], [ 6.99625, 50.495416666666671 ], [ 6.997083333333329, 50.495416666666671 ], [ 6.997083333333329, 50.497083333333336 ], [ 6.997916666666661, 50.497083333333336 ], [ 6.997916666666661, 50.497916666666669 ], [ 6.99875, 50.497916666666669 ], [ 6.99875, 50.49875 ], [ 6.99958333333333, 50.49875 ], [ 6.99958333333333, 50.499583333333334 ], [ 6.99875, 50.499583333333334 ], [ 6.99875, 50.500416666666666 ], [ 6.99958333333333, 50.500416666666666 ], [ 6.99958333333333, 50.50125 ], [ 7.000416666666663, 50.50125 ], [ 7.000416666666663, 50.502083333333339 ], [ 7.00375, 50.502083333333339 ], [ 7.004583333333329, 50.502083333333339 ], [ 7.004583333333329, 50.502916666666671 ], [ 7.005416666666662, 50.502916666666671 ], [ 7.00625, 50.502916666666671 ], [ 7.00625, 50.50375 ], [ 7.012916666666662, 50.50375 ], [ 7.012916666666662, 50.502916666666671 ], [ 7.01375, 50.502916666666671 ], [ 7.01375, 50.50375 ], [ 7.017083333333328, 50.50375 ], [ 7.017083333333328, 50.502916666666671 ], [ 7.017916666666661, 50.502916666666671 ], [ 7.017916666666661, 50.502083333333339 ], [ 7.01875, 50.502083333333339 ], [ 7.01875, 50.50125 ], [ 7.020416666666662, 50.50125 ], [ 7.020416666666662, 50.49875 ], [ 7.01958333333333, 50.49875 ], [ 7.01958333333333, 50.497916666666669 ], [ 7.022916666666664, 50.497916666666669 ], [ 7.022916666666664, 50.497083333333336 ], [ 7.025416666666661, 50.497083333333336 ], [ 7.025416666666661, 50.49625 ], [ 7.02625, 50.49625 ], [ 7.02625, 50.495416666666671 ], [ 7.02708333333333, 50.495416666666671 ], [ 7.02708333333333, 50.494583333333338 ], [ 7.027916666666663, 50.494583333333338 ], [ 7.027916666666663, 50.492916666666673 ], [ 7.02875, 50.492916666666673 ], [ 7.02875, 50.490416666666668 ], [ 7.029583333333328, 50.490416666666668 ], [ 7.029583333333328, 50.48875 ], [ 7.030416666666664, 50.48875 ], [ 7.030416666666664, 50.487083333333338 ], [ 7.029583333333328, 50.487083333333338 ], [ 7.029583333333328, 50.48625 ], [ 7.02875, 50.48625 ], [ 7.02875, 50.485416666666666 ], [ 7.027916666666663, 50.485416666666666 ], [ 7.027916666666663, 50.484926473215616 ], [ 6.983580035889742, 50.48405711339808 ] ] ] ] } },
{ "type": "Feature", "properties": { "COMID": 23012535, "unitarea": 4.8062816590309279 }, "geometry": { "type": "MultiPolygon", "coordinates": [ [ [ [ 6.952083333333331, 50.46125 ], [ 6.95375, 50.46125 ], [ 6.95375, 50.460416666666674 ], [ 6.95625, 50.460416666666674 ], [ 6.95625, 50.459583333333335 ], [ 6.957916666666662, 50.459583333333335 ], [ 6.957916666666662, 50.45875 ], [ 6.960416666666664, 50.45875 ], [ 6.960416666666664, 50.457916666666669 ], [ 6.962916666666661, 50.457916666666669 ], [ 6.962916666666661, 50.457083333333337 ], [ 6.96375, 50.457083333333337 ], [ 6.96375, 50.45625 ], [ 6.96458333333333, 50.45625 ], [ 6.96458333333333, 50.454583333333339 ], [ 6.965416666666663, 50.454583333333339 ], [ 6.965416666666663, 50.452083333333334 ], [ 6.96625, 50.452083333333334 ], [ 6.96625, 50.45125 ], [ 6.967083333333328, 50.45125 ], [ 6.967083333333328, 50.450416666666669 ], [ 6.96625, 50.450416666666669 ], [ 6.96625, 50.449583333333337 ], [ 6.965416666666663, 50.449583333333337 ], [ 6.965416666666663, 50.44875 ], [ 6.96458333333333, 50.44875 ], [ 6.96458333333333, 50.447083333333339 ], [ 6.96375, 50.447083333333339 ], [ 6.96375, 50.44625 ], [ 6.962916666666661, 50.44625 ], [ 6.962916666666661, 50.444583333333334 ], [ 6.962083333333329, 50.444583333333334 ], [ 6.962083333333329, 50.442916666666669 ], [ 6.96125, 50.442916666666669 ], [ 6.96125, 50.440416666666671 ], [ 6.960416666666664, 50.440416666666671 ], [ 6.960416666666664, 50.439583333333339 ], [ 6.959583333333331, 50.439583333333339 ], [ 6.95875, 50.439583333333339 ], [ 6.95875, 50.43875 ], [ 6.957916666666662, 50.43875 ], [ 6.95625, 50.43875 ], [ 6.95625, 50.437916666666666 ], [ 6.949583333333329, 50.437916666666666 ], [ 6.949583333333329, 50.43875 ], [ 6.94375, 50.43875 ], [ 6.94375, 50.439583333333339 ], [ 6.942083333333329, 50.439583333333339 ], [ 6.942083333333329, 50.43875 ], [ 6.94125, 50.43875 ], [ 6.939583333333328, 50.43875 ], [ 6.939583333333328, 50.437916666666666 ], [ 6.93875, 50.437916666666666 ], [ 6.93875, 50.43875 ], [ 6.937916666666663, 50.43875 ], [ 6.937916666666663, 50.439583333333339 ], [ 6.93708333333333, 50.439583333333339 ], [ 6.93708333333333, 50.440416666666671 ], [ 6.93625, 50.440416666666671 ], [ 6.93625, 50.44125 ], [ 6.935416666666661, 50.44125 ], [ 6.935416666666661, 50.442083333333336 ], [ 6.934583333333329, 50.442083333333336 ], [ 6.934583333333329, 50.442916666666669 ], [ 6.93375, 50.442916666666669 ], [ 6.93375, 50.444583333333334 ], [ 6.932916666666664, 50.444583333333334 ], [ 6.932916666666664, 50.44625 ], [ 6.93375, 50.44625 ], [ 6.93375, 50.447083333333339 ], [ 6.932916666666664, 50.447083333333339 ], [ 6.932916666666664, 50.447916666666671 ], [ 6.932083333333331, 50.447916666666671 ], [ 6.932083333333331, 50.44875 ], [ 6.93125, 50.44875 ], [ 6.93125, 50.449583333333337 ], [ 6.930416666666662, 50.449583333333337 ], [ 6.930416666666662, 50.450416666666669 ], [ 6.92958333333333, 50.450416666666669 ], [ 6.92958333333333, 50.45125 ], [ 6.92875, 50.45125 ], [ 6.92875, 50.452083333333334 ], [ 6.927916666666661, 50.452083333333334 ], [ 6.927916666666661, 50.452916666666667 ], [ 6.92875, 50.452916666666667 ], [ 6.92958333333333, 50.452916666666667 ], [ 6.92958333333333, 50.45375 ], [ 6.930416666666662, 50.45375 ], [ 6.930416666666662, 50.454583333333339 ], [ 6.93125, 50.454583333333339 ], [ 6.93125, 50.455416666666672 ], [ 6.932083333333331, 50.455416666666672 ], [ 6.932916666666664, 50.455416666666672 ], [ 6.932916666666664, 50.45625 ], [ 6.940416666666664, 50.45625 ], [ 6.94125, 50.45625 ], [ 6.94125, 50.457083333333337 ], [ 6.94375, 50.457083333333337 ], [ 6.94458333333333, 50.457083333333337 ], [ 6.94458333333333, 50.457916666666669 ], [ 6.945416666666663, 50.457916666666669 ], [ 6.94625, 50.457916666666669 ], [ 6.94625, 50.459583333333335 ], [ 6.947083333333328, 50.459583333333335 ], [ 6.947083333333328, 50.45875 ], [ 6.94875, 50.45875 ], [ 6.94875, 50.459583333333335 ], [ 6.949583333333329, 50.459583333333335 ], [ 6.949583333333329, 50.460416666666674 ], [ 6.95125, 50.460416666666674 ], [ 6.952083333333331, 50.460416666666674 ], [ 6.952083333333331, 50.46125 ] ] ] ] } },
{ "type": "Feature", "properties": { "COMID": 23012566, "unitarea": 17.512929702196686 }, "geometry": { "type": "MultiPolygon", "coordinates": [ [ [ [ 6.88875, 50.462083333333339 ], [ 6.890416666666663, 50.462083333333339 ], [ 6.890416666666663, 50.46125 ], [ 6.89375, 50.46125 ], [ 6.89375, 50.460416666666674 ], [ 6.897916666666664, 50.460416666666674 ], [ 6.897916666666664, 50.459583333333335 ], [ 6.89875, 50.459583333333335 ], [ 6.89875, 50.457083333333337 ], [ 6.904583333333328, 50.457083333333337 ], [ 6.904583333333328, 50.457916666666669 ], [ 6.90958333333333, 50.457916666666669 ], [ 6.90958333333333, 50.457083333333337 ], [ 6.91125, 50.457083333333337 ], [ 6.91125, 50.45625 ], [ 6.912916666666664, 50.45625 ], [ 6.912916666666664, 50.455416666666672 ], [ 6.915416666666662, 50.455416666666672 ], [ 6.915416666666662, 50.45625 ], [ 6.91625, 50.45625 ], [ 6.917083333333331, 50.45625 ], [ 6.917083333333331, 50.457083333333337 ], [ 6.91875, 50.457083333333337 ], [ 6.919583333333328, 50.457083333333337 ], [ 6.919583333333328, 50.457916666666669 ], [ 6.920416666666664, 50.457916666666669 ], [ 6.920416666666664, 50.457083333333337 ], [ 6.92125, 50.457083333333337 ], [ 6.92125, 50.45625 ], [ 6.92208333333333, 50.45625 ], [ 6.92208333333333, 50.455416666666672 ], [ 6.922916666666662, 50.455416666666672 ], [ 6.922916666666662, 50.45375 ], [ 6.92375, 50.45375 ], [ 6.92375, 50.452916666666667 ], [ 6.92625, 50.452916666666667 ], [ 6.92625, 50.452083333333334 ], [ 6.92875, 50.452083333333334 ], [ 6.92875, 50.45125 ], [ 6.92958333333333, 50.45125 ], [ 6.92958333333333, 50.450416666666669 ], [ 6.930416666666662, 50.450416666666669 ], [ 6.930416666666662, 50.449583333333337 ], [ 6.93125, 50.449583333333337 ], [ 6.93125, 50.44875 ], [ 6.932083333333331, 50.44875 ], [ 6.932083333333331, 50.447916666666671 ], [ 6.932916666666664, 50.447916666666671 ], [ 6.932916666666664, 50.447083333333339 ], [ 6.93375, 50.447083333333339 ], [ 6.93375, 50.44625 ], [ 6.932916666666664, 50.44625 ], [ 6.932916666666664, 50.444583333333334 ], [ 6.93375, 50.444583333333334 ], [ 6.93375, 50.44375 ], [ 6.932916666666664, 50.44375 ], [ 6.932916666666664, 50.442916666666669 ], [ 6.932083333333331, 50.442916666666669 ], [ 6.932083333333331, 50.442083333333336 ], [ 6.93125, 50.442083333333336 ], [ 6.92875, 50.442083333333336 ], [ 6.92875, 50.44125 ], [ 6.927916666666661, 50.44125 ], [ 6.927916666666661, 50.440416666666671 ], [ 6.927083333333329, 50.440416666666671 ], [ 6.927083333333329, 50.439583333333339 ], [ 6.92625, 50.439583333333339 ], [ 6.92625, 50.43875 ], [ 6.925416666666663, 50.43875 ], [ 6.925416666666663, 50.437083333333334 ], [ 6.924583333333331, 50.437083333333334 ], [ 6.924583333333331, 50.435416666666669 ], [ 6.92375, 50.435416666666669 ], [ 6.92375, 50.432083333333338 ], [ 6.924583333333331, 50.432083333333338 ], [ 6.924583333333331, 50.427083333333336 ], [ 6.92375, 50.427083333333336 ], [ 6.92375, 50.425416666666671 ], [ 6.922916666666662, 50.425416666666671 ], [ 6.922916666666662, 50.424583333333338 ], [ 6.92208333333333, 50.424583333333338 ], [ 6.92208333333333, 50.422916666666666 ], [ 6.92125, 50.422916666666666 ], [ 6.92125, 50.420416666666668 ], [ 6.920416666666664, 50.420416666666668 ], [ 6.920416666666664, 50.419583333333335 ], [ 6.919583333333328, 50.419583333333335 ], [ 6.919583333333328, 50.41875 ], [ 6.91875, 50.41875 ], [ 6.91875, 50.41791666666667 ], [ 6.917916666666663, 50.41791666666667 ], [ 6.917083333333331, 50.41791666666667 ], [ 6.917083333333331, 50.417083333333338 ], [ 6.91625, 50.417083333333338 ], [ 6.915416666666662, 50.417083333333338 ], [ 6.915416666666662, 50.41458333333334 ], [ 6.914583333333329, 50.41458333333334 ], [ 6.914583333333329, 50.412916666666668 ], [ 6.91375, 50.412916666666668 ], [ 6.91375, 50.412083333333335 ], [ 6.912916666666664, 50.412083333333335 ], [ 6.90875, 50.412083333333335 ], [ 6.90875, 50.41125 ], [ 6.907916666666662, 50.41125 ], [ 6.907083333333329, 50.41125 ], [ 6.907083333333329, 50.41041666666667 ], [ 6.90625, 50.41041666666667 ], [ 6.905416666666664, 50.41041666666667 ], [ 6.905416666666664, 50.409583333333337 ], [ 6.904583333333328, 50.409583333333337 ], [ 6.902916666666663, 50.409583333333337 ], [ 6.902916666666663, 50.40875 ], [ 6.90208333333333, 50.40875 ], [ 6.895416666666662, 50.40875 ], [ 6.895416666666662, 50.407916666666672 ], [ 6.89458333333333, 50.407916666666672 ], [ 6.89458333333333, 50.407083333333333 ], [ 6.89375, 50.407083333333333 ], [ 6.892916666666661, 50.407083333333333 ], [ 6.892916666666661, 50.40625 ], [ 6.88208333333333, 50.40625 ], [ 6.88208333333333, 50.407083333333333 ], [ 6.88125, 50.407083333333333 ], [ 6.88125, 50.41041666666667 ], [ 6.880416666666662, 50.41041666666667 ], [ 6.880416666666662, 50.415416666666673 ], [ 6.879583333333329, 50.415416666666673 ], [ 6.879583333333329, 50.41625 ], [ 6.880416666666662, 50.41625 ], [ 6.88125, 50.41625 ], [ 6.88125, 50.417083333333338 ], [ 6.88208333333333, 50.417083333333338 ], [ 6.88208333333333, 50.41875 ], [ 6.882916666666663, 50.41875 ], [ 6.882916666666663, 50.419583333333335 ], [ 6.88375, 50.419583333333335 ], [ 6.88375, 50.420416666666668 ], [ 6.88208333333333, 50.420416666666668 ], [ 6.88208333333333, 50.42125 ], [ 6.88125, 50.42125 ], [ 6.88125, 50.422083333333333 ], [ 6.88208333333333, 50.422083333333333 ], [ 6.88208333333333, 50.422916666666666 ], [ 6.88125, 50.422916666666666 ], [ 6.88125, 50.425416666666671 ], [ 6.880416666666662, 50.425416666666671 ], [ 6.880416666666662, 50.427083333333336 ], [ 6.879583333333329, 50.427083333333336 ], [ 6.879583333333329, 50.427916666666668 ], [ 6.87875, 50.427916666666668 ], [ 6.87875, 50.42875 ], [ 6.877916666666664, 50.42875 ], [ 6.877916666666664, 50.429583333333341 ], [ 6.877083333333328, 50.429583333333341 ], [ 6.877083333333328, 50.430416666666673 ], [ 6.87625, 50.430416666666673 ], [ 6.87625, 50.43125 ], [ 6.875416666666663, 50.43125 ], [ 6.875416666666663, 50.432083333333338 ], [ 6.87375, 50.432083333333338 ], [ 6.87375, 50.432916666666671 ], [ 6.872916666666661, 50.432916666666671 ], [ 6.872916666666661, 50.43375 ], [ 6.87375, 50.43375 ], [ 6.87375, 50.437083333333334 ], [ 6.875416666666663, 50.437083333333334 ], [ 6.87625, 50.437083333333334 ], [ 6.87625, 50.437916666666666 ], [ 6.877916666666664, 50.437916666666666 ], [ 6.87875, 50.437916666666666 ], [ 6.87875, 50.43875 ], [ 6.879583333333329, 50.43875 ], [ 6.879583333333329, 50.439583333333339 ], [ 6.880416666666662, 50.439583333333339 ], [ 6.88125, 50.439583333333339 ], [ 6.88125, 50.440416666666671 ], [ 6.880416666666662, 50.440416666666671 ], [ 6.880416666666662, 50.44125 ], [ 6.879583333333329, 50.44125 ], [ 6.879583333333329, 50.442083333333336 ], [ 6.87875, 50.442083333333336 ], [ 6.87875, 50.444583333333334 ], [ 6.877916666666664, 50.444583333333334 ], [ 6.877916666666664, 50.445416666666674 ], [ 6.877083333333328, 50.445416666666674 ], [ 6.877083333333328, 50.44625 ], [ 6.87625, 50.44625 ], [ 6.87625, 50.445416666666674 ], [ 6.875416666666663, 50.445416666666674 ], [ 6.875416666666663, 50.447083333333339 ], [ 6.87458333333333, 50.447083333333339 ], [ 6.87458333333333, 50.447916666666671 ], [ 6.875416666666663, 50.447916666666671 ], [ 6.875416666666663, 50.44875 ], [ 6.87625, 50.44875 ], [ 6.87625, 50.449583333333337 ], [ 6.877083333333328, 50.449583333333337 ], [ 6.877083333333328, 50.450416666666669 ], [ 6.877916666666664, 50.450416666666669 ], [ 6.877916666666664, 50.449583333333337 ], [ 6.87875, 50.449583333333337 ], [ 6.87875, 50.450416666666669 ], [ 6.879583333333329, 50.450416666666669 ], [ 6.879583333333329, 50.454583333333339 ], [ 6.880416666666662, 50.454583333333339 ], [ 6.880416666666662, 50.455416666666672 ], [ 6.88125, 50.455416666666672 ], [ 6.88125, 50.457083333333337 ], [ 6.882916666666663, 50.457083333333337 ], [ 6.88375, 50.457083333333337 ], [ 6.88375, 50.457916666666669 ], [ 6.884583333333328, 50.457916666666669 ], [ 6.885416666666664, 50.457916666666669 ], [ 6.885416666666664, 50.45875 ], [ 6.88625, 50.45875 ], [ 6.88625, 50.460416666666674 ], [ 6.887083333333329, 50.460416666666674 ], [ 6.887083333333329, 50.46125 ], [ 6.887916666666662, 50.46125 ], [ 6.88875, 50.46125 ], [ 6.88875, 50.462083333333339 ] ] ] ] } },
{ "type": "Feature", "properties": { "COMID": 23012709, "unitarea": 33.109890341839524 }, "geometry": { "type": "MultiPolygon", "coordinates": [ [ [ [ 6.839515643153876, 50.370195809075952 ], [ 6.838680870979408, 50.370972296126148 ], [ 6.829941934725023, 50.368422381724031 ], [ 6.824165483060871, 50.38125 ], [ 6.824583333333329, 50.38125 ], [ 6.825416666666662, 50.38125 ], [ 6.825416666666662, 50.382083333333334 ], [ 6.827083333333331, 50.382083333333334 ], [ 6.827916666666663, 50.382083333333334 ], [ 6.827916666666663, 50.38375 ], [ 6.82875, 50.38375 ], [ 6.82875, 50.385416666666671 ], [ 6.827916666666663, 50.385416666666671 ], [ 6.827916666666663, 50.38625 ], [ 6.82875, 50.38625 ], [ 6.82875, 50.387083333333337 ], [ 6.83625, 50.387083333333337 ], [ 6.83625, 50.38625 ], [ 6.837083333333329, 50.38625 ], [ 6.837083333333329, 50.385416666666671 ], [ 6.837916666666661, 50.385416666666671 ], [ 6.837916666666661, 50.384583333333339 ], [ 6.842083333333328, 50.384583333333339 ], [ 6.842083333333328, 50.385416666666671 ], [ 6.842916666666664, 50.385416666666671 ], [ 6.842916666666664, 50.38625 ], [ 6.84375, 50.38625 ], [ 6.84375, 50.387083333333337 ], [ 6.84875, 50.387083333333337 ], [ 6.849583333333328, 50.387083333333337 ], [ 6.849583333333328, 50.387916666666669 ], [ 6.850416666666664, 50.387916666666669 ], [ 6.850416666666664, 50.38875 ], [ 6.85125, 50.38875 ], [ 6.85125, 50.389583333333334 ], [ 6.852083333333329, 50.389583333333334 ], [ 6.852083333333329, 50.39125 ], [ 6.852916666666662, 50.39125 ], [ 6.852916666666662, 50.39375 ], [ 6.852083333333329, 50.39375 ], [ 6.852083333333329, 50.394583333333337 ], [ 6.852916666666662, 50.394583333333337 ], [ 6.852916666666662, 50.395416666666669 ], [ 6.85375, 50.395416666666669 ], [ 6.85375, 50.39625 ], [ 6.855416666666663, 50.39625 ], [ 6.85625, 50.39625 ], [ 6.85625, 50.397083333333335 ], [ 6.857083333333328, 50.397083333333335 ], [ 6.857083333333328, 50.39625 ], [ 6.862916666666663, 50.39625 ], [ 6.862916666666663, 50.397083333333335 ], [ 6.86375, 50.397083333333335 ], [ 6.86375, 50.397916666666674 ], [ 6.865416666666661, 50.397916666666674 ], [ 6.86625, 50.397916666666674 ], [ 6.86625, 50.39875 ], [ 6.86875, 50.39875 ], [ 6.869583333333331, 50.39875 ], [ 6.869583333333331, 50.399583333333339 ], [ 6.87375, 50.399583333333339 ], [ 6.87458333333333, 50.399583333333339 ], [ 6.87458333333333, 50.400416666666672 ], [ 6.875416666666663, 50.400416666666672 ], [ 6.87625, 50.400416666666672 ], [ 6.87625, 50.40125 ], [ 6.880416666666662, 50.40125 ], [ 6.88125, 50.40125 ], [ 6.88125, 50.40291666666667 ], [ 6.88208333333333, 50.40291666666667 ], [ 6.88208333333333, 50.404583333333335 ], [ 6.882916666666663, 50.404583333333335 ], [ 6.882916666666663, 50.405416666666667 ], [ 6.88208333333333, 50.405416666666667 ], [ 6.88208333333333, 50.40625 ], [ 6.884583333333328, 50.40625 ], [ 6.884583333333328, 50.405416666666667 ], [ 6.885416666666664, 50.405416666666667 ], [ 6.885416666666664, 50.404583333333335 ], [ 6.88625, 50.404583333333335 ], [ 6.88625, 50.40375 ], [ 6.887083333333329, 50.40375 ], [ 6.887083333333329, 50.40291666666667 ], [ 6.887916666666662, 50.40291666666667 ], [ 6.887916666666662, 50.399583333333339 ], [ 6.88875, 50.399583333333339 ], [ 6.88875, 50.39875 ], [ 6.889583333333331, 50.39875 ], [ 6.889583333333331, 50.398015628836191 ], [ 6.839515643153876, 50.370195809075952 ] ] ] ] } },
{ "type": "Feature", "properties": { "COMID": 23013317, "unitarea": 61.338819368442309 }, "geometry": { "type": "MultiPolygon", "coordinates": [ [ [ [ 6.932142872630064, 50.43390549221818 ], [ 6.93076774071021, 50.434011645256689 ], [ 6.924497465795632, 50.417415462715184 ], [ 6.889583333333331, 50.398015628836191 ], [ 6.889583333333331, 50.39875 ], [ 6.88875, 50.39875 ], [ 6.88875, 50.399583333333339 ], [ 6.887916666666662, 50.399583333333339 ], [ 6.887916666666662, 50.40291666666667 ], [ 6.887083333333329, 50.40291666666667 ], [ 6.887083333333329, 50.40375 ], [ 6.88625, 50.40375 ], [ 6.88625, 50.404583333333335 ], [ 6.885416666666664, 50.404583333333335 ], [ 6.885416666666664, 50.405416666666667 ], [ 6.884583333333328, 50.405416666666667 ], [ 6.884583333333328, 50.40625 ], [ 6.892083333333328, 50.40625 ], [ 6.892916666666661, 50.40625 ], [ 6.892916666666661, 50.407083333333333 ], [ 6.89375, 50.407083333333333 ], [ 6.89458333333333, 50.407083333333333 ], [ 6.89458333333333, 50.407916666666672 ], [ 6.895416666666662, 50.407916666666672 ], [ 6.895416666666662, 50.40875 ], [ 6.90208333333333, 50.40875 ], [ 6.902916666666663, 50.40875 ], [ 6.902916666666663, 50.409583333333337 ], [ 6.904583333333328, 50.409583333333337 ], [ 6.905416666666664, 50.409583333333337 ], [ 6.905416666666664, 50.41041666666667 ], [ 6.90625, 50.41041666666667 ], [ 6.907083333333329, 50.41041666666667 ], [ 6.907083333333329, 50.41125 ], [ 6.907916666666662, 50.41125 ], [ 6.90875, 50.41125 ], [ 6.90875, 50.412083333333335 ], [ 6.912916666666664, 50.412083333333335 ], [ 6.91375, 50.412083333333335 ], [ 6.91375, 50.412916666666668 ], [ 6.914583333333329, 50.412916666666668 ], [ 6.914583333333329, 50.41458333333334 ], [ 6.915416666666662, 50.41458333333334 ], [ 6.915416666666662, 50.417083333333338 ], [ 6.91625, 50.417083333333338 ], [ 6.917083333333331, 50.417083333333338 ], [ 6.917083333333331, 50.41791666666667 ], [ 6.917916666666663, 50.41791666666667 ], [ 6.91875, 50.41791666666667 ], [ 6.91875, 50.41875 ], [ 6.919583333333328, 50.41875 ], [ 6.919583333333328, 50.419583333333335 ], [ 6.920416666666664, 50.419583333333335 ], [ 6.920416666666664, 50.420416666666668 ], [ 6.92125, 50.420416666666668 ], [ 6.92125, 50.422916666666666 ], [ 6.92208333333333, 50.422916666666666 ], [ 6.92208333333333, 50.424583333333338 ], [ 6.922916666666662, 50.424583333333338 ], [ 6.922916666666662, 50.425416666666671 ], [ 6.92375, 50.425416666666671 ], [ 6.92375, 50.427083333333336 ], [ 6.924583333333331, 50.427083333333336 ], [ 6.924583333333331, 50.432083333333338 ], [ 6.92375, 50.432083333333338 ], [ 6.92375, 50.435416666666669 ], [ 6.924583333333331, 50.435416666666669 ], [ 6.924583333333331, 50.437083333333334 ], [ 6.925416666666663, 50.437083333333334 ], [ 6.925416666666663, 50.43875 ], [ 6.92625, 50.43875 ], [ 6.92625, 50.439583333333339 ], [ 6.927083333333329, 50.439583333333339 ], [ 6.927083333333329, 50.440416666666671 ], [ 6.927916666666661, 50.440416666666671 ], [ 6.927916666666661, 50.44125 ], [ 6.92875, 50.44125 ], [ 6.92875, 50.442083333333336 ], [ 6.93125, 50.442083333333336 ], [ 6.932083333333331, 50.442083333333336 ], [ 6.932083333333331, 50.442916666666669 ], [ 6.932916666666664, 50.442916666666669 ], [ 6.932916666666664, 50.44375 ], [ 6.93375, 50.44375 ], [ 6.93375, 50.442916666666669 ], [ 6.934583333333329, 50.442916666666669 ], [ 6.934583333333329, 50.442083333333336 ], [ 6.935416666666661, 50.442083333333336 ], [ 6.935416666666661, 50.44125 ], [ 6.93625, 50.44125 ], [ 6.93625, 50.440416666666671 ], [ 6.93708333333333, 50.440416666666671 ], [ 6.93708333333333, 50.439583333333339 ], [ 6.937916666666663, 50.439583333333339 ], [ 6.937916666666663, 50.43875 ], [ 6.93875, 50.43875 ], [ 6.93875, 50.437916666666666 ], [ 6.939583333333328, 50.437916666666666 ], [ 6.939583333333328, 50.43875 ], [ 6.94125, 50.43875 ], [ 6.942083333333329, 50.43875 ], [ 6.942083333333329, 50.439583333333339 ], [ 6.94375, 50.439583333333339 ], [ 6.94375, 50.43875 ], [ 6.949583333333329, 50.43875 ], [ 6.949583333333329, 50.437916666666666 ], [ 6.954583333333328, 50.437916666666666 ], [ 6.954583333333328, 50.436813818407956 ], [ 6.932142872630064, 50.43390549221818 ] ] ] ] } },
{ "type": "Feature", "properties": { "COMID": 23013469, "unitarea": 35.73053009907656 }, "geometry": { "type": "MultiPolygon", "coordinates": [ [ [ [ 7.027916666666663, 50.484926473215616 ], [ 7.027916666666663, 50.485416666666666 ], [ 7.02875, 50.485416666666666 ], [ 7.02875, 50.48625 ], [ 7.029583333333328, 50.48625 ], [ 7.029583333333328, 50.487083333333338 ], [ 7.030416666666664, 50.487083333333338 ], [ 7.030416666666664, 50.48875 ], [ 7.029583333333328, 50.48875 ], [ 7.029583333333328, 50.490416666666668 ], [ 7.02875, 50.490416666666668 ], [ 7.02875, 50.492916666666673 ], [ 7.027916666666663, 50.492916666666673 ], [ 7.027916666666663, 50.494583333333338 ], [ 7.02708333333333, 50.494583333333338 ], [ 7.02708333333333, 50.495416666666671 ], [ 7.02625, 50.495416666666671 ], [ 7.02625, 50.49625 ], [ 7.025416666666661, 50.49625 ], [ 7.025416666666661, 50.497083333333336 ], [ 7.02708333333333, 50.497083333333336 ], [ 7.027916666666663, 50.497083333333336 ], [ 7.027916666666663, 50.497916666666669 ], [ 7.032083333333329, 50.497916666666669 ], [ 7.032083333333329, 50.497083333333336 ], [ 7.039583333333329, 50.497083333333336 ], [ 7.039583333333329, 50.49625 ], [ 7.042083333333331, 50.49625 ], [ 7.042083333333331, 50.495416666666671 ], [ 7.04708333333333, 50.495416666666671 ], [ 7.04708333333333, 50.49625 ], [ 7.049583333333331, 50.49625 ], [ 7.050416666666663, 50.49625 ], [ 7.050416666666663, 50.497083333333336 ], [ 7.052083333333329, 50.497083333333336 ], [ 7.052916666666661, 50.497083333333336 ], [ 7.052916666666661, 50.497916666666669 ], [ 7.05375, 50.497916666666669 ], [ 7.05375, 50.49875 ], [ 7.05458333333333, 50.49875 ], [ 7.05458333333333, 50.499583333333334 ], [ 7.055416666666662, 50.499583333333334 ], [ 7.055416666666662, 50.500416666666666 ], [ 7.05625, 50.500416666666666 ], [ 7.05625, 50.502083333333339 ], [ 7.057083333333331, 50.502083333333339 ], [ 7.057083333333331, 50.502916666666671 ], [ 7.057916666666664, 50.502916666666671 ], [ 7.05875, 50.502916666666671 ], [ 7.05875, 50.50375 ], [ 7.059583333333329, 50.50375 ], [ 7.060416666666661, 50.50375 ], [ 7.060416666666661, 50.504583333333336 ], [ 7.06125, 50.504583333333336 ], [ 7.06125, 50.50375 ], [ 7.06375, 50.50375 ], [ 7.06375, 50.504583333333336 ], [ 7.065416666666664, 50.504583333333336 ], [ 7.06625, 50.504583333333336 ], [ 7.06625, 50.505416666666669 ], [ 7.06958333333333, 50.505416666666669 ], [ 7.06958333333333, 50.504583333333336 ], [ 7.07375, 50.504583333333336 ], [ 7.07375, 50.502916666666671 ], [ 7.074583333333329, 50.502916666666671 ], [ 7.074583333333329, 50.497916666666669 ], [ 7.08208333333333, 50.497916666666669 ], [ 7.08208333333333, 50.497083333333336 ], [ 7.082916666666662, 50.497083333333336 ], [ 7.082916666666662, 50.495416666666671 ], [ 7.08375, 50.495416666666671 ], [ 7.08375, 50.49375 ], [ 7.092916666666664, 50.49375 ], [ 7.092916666666664, 50.492916666666673 ], [ 7.09375, 50.492916666666673 ], [ 7.09375, 50.487083333333338 ], [ 7.09875, 50.487083333333338 ], [ 7.09875, 50.487916666666671 ], [ 7.100416666666664, 50.487916666666671 ], [ 7.10125, 50.487916666666671 ], [ 7.10125, 50.48875 ], [ 7.10958333333333, 50.48875 ], [ 7.10958333333333, 50.486527806406428 ], [ 7.027916666666663, 50.484926473215616 ] ] ] ] } }
]
}
