{
"type": "FeatureCollection",
"name": "channel_keepout_100m",
"crs": { "type": "name", "properties": { "name": "urn:ogc:def:crs:EPSG::32632" } },
"features": [
{ "type": "Feature", "properties": { }, "geometry": { "type": "MultiPolygon", "coordinates": [ [ [ [ 345350.0, 5583886.477712817490101 ], [ 345352.860326317371801, 5583888.192126435227692 ], [ 345361.7316567634698, 5583892.387953250668943 ], [ 345370.971532274561469, 5583895.694033573381603 ], [ 345380.490967798396014, 5583898.078528040088713 ], [ 345390.19828596705338, 5583899.518472666852176 ], [ 345400.0, 5583900.0 ], [ 345400.0, 5584200.0 ], [ 345400.481527332798578, 5584209.801714032888412 ], [ 345401.921471959678456, 5584219.509032201953232 ], [ 345404.30596642679302, 5584229.028467725031078 ], [ 345407.612046748865396, 5584238.268343236297369 ], [ 345411.807873565179761, 5584247.13967368286103 ], [ 345416.853038769739214, 5584255.557023301720619 ], [ 345422.698954663705081, 5584263.439328416250646 ], [ 345429.289321881369688, 5584270.710678118281066 ], [ 345436.560671583632939, 5584277.301045335829258 ], [ 345444.44297669804655, 5584283.146961229853332 ], [ 345452.860326317371801, 5584288.192126435227692 ], [ 345461.7316567634698, 5584292.387953250668943 ], [ 345470.971532274561469, 5584295.694033573381603 ], [ 345480.490967798396014, 5584298.078528040088713 ], [ 345490.19828596705338, 5584299.518472666852176 ], [ 345500.0, 5584300.0 ], [ 346100.0, 5584300.0 ], [ 346100.481527332798578, 5584309.801714032888412 ], [ 346101.921471959678456, 5584319.509032201953232 ], [ 346104.30596642679302, 5584329.028467725031078 ], [ 346107.612046748865396, 5584338.268343236297369 ], [ 346111.807873565179761, 5584347.13967368286103 ], [ 346116.853038769739214, 5584355.557023301720619 ], [ 346122.698954663705081, 5584363.439328416250646 ], [ 346129.289321881369688, 5584370.710678118281066 ], [ 346136.560671583632939, 5584377.301045335829258 ], [ 346144.44297669804655, 5584383.146961229853332 ], [ 346152.860326317371801, 5584388.192126435227692 ], [ 346161.7316567634698, 5584392.387953250668943 ], [ 346170.971532274561469, 5584395.694033573381603 ], [ 346180.490967798396014, 5584398.078528040088713 ], [ 346190.19828596705338, 5584399.518472666852176 ], [ 346200.0, 5584400.0 ], [ 346200.481527332798578, 5584409.801714032888412 ], [ 346201.921471959678456, 5584419.509032201953232 ], [ 346204.30596642679302, 5584429.028467725031078 ], [ 346207.612046748865396, 5584438.268343236297369 ], [ 346211.807873565179761, 5584447.13967368286103 ], [ 346213.522287182568107, 5584450.0 ], [ 346211.807873565179761, 5584452.86032631713897 ], [ 346207.612046748865396, 5584461.731656763702631 ], [ 346204.30596642679302, 5584470.971532274968922 ], [ 346201.921471959678456, 5584480.490967798046768 ], [ 346200.481527332798578, 5584490.198285967111588 ], [ 346200.0, 5584500.0 ], [ 346100.0, 5584500.0 ], [ 346090.19828596705338, 5584500.481527333147824 ], [ 346080.490967798396014, 5584501.921471959911287 ], [ 346070.971532274561469, 5584504.305966426618397 ], [ 346061.7316567634698, 5584507.612046749331057 ], [ 346052.860326317371801, 5584511.807873564772308 ], [ 346044.44297669804655, 5584516.853038770146668 ], [ 346036.560671583632939, 5584522.698954664170742 ], [ 346029.289321881369688, 5584529.289321881718934 ], [ 346022.698954663705081, 5584536.560671583749354 ], [ 346016.853038769739214, 5584544.442976698279381 ], [ 346011.807873565179761, 5584552.86032631713897 ], [ 346007.612046748865396, 5584561.731656763702631 ], [ 346004.30596642679302, 5584570.971532274968922 ], [ 346001.921471959678456, 5584580.490967798046768 ], [ 346000.481527332798578, 5584590.198285967111588 ], [ 346000.0, 5584600.0 ], [ 346000.0, 5584700.0 ], [ 345990.19828596705338, 5584700.481527333147824 ], [ 345980.490967798396014, 5584701.921471959911287 ], [ 345970.971532274561469, 5584704.305966426618397 ], [ 345961.7316567634698, 5584707.612046749331057 ], [ 345952.860326317371801, 5584711.807873564772308 ], [ 345944.44297669804655, 5584716.853038770146668 ], [ 345936.560671583632939, 5584722.698954664170742 ], [ 345929.289321881369688, 5584729.289321881718934 ], [ 345922.698954663705081, 5584736.560671583749354 ], [ 345916.853038769739214, 5584744.442976698279381 ], [ 345911.807873565179761, 5584752.86032631713897 ], [ 345907.612046748865396, 5584761.731656763702631 ], [ 345904.30596642679302, 5584770.971532274968922 ], [ 345901.921471959678456, 5584780.490967798046768 ], [ 345900.481527332798578, 5584790.198285967111588 ], [ 345900.0, 5584800.0 ], [ 345900.0, 5585000.0 ], [ 345890.19828596705338, 5585000.481527333147824 ], [ 345880.490967798396014, 5585001.921471959911287 ], [ 345870.971532274561469, 5585004.305966426618397 ], [ 345861.7316567634698, 5585007.612046749331057 ], [ 345852.860326317371801, 5585011.807873564772308 ], [ 345844.44297669804655, 5585016.853038770146668 ], [ 345836.560671583632939, 5585022.698954664170742 ], [ 345829.289321881369688, 5585029.289321881718934 ], [ 345822.698954663705081, 5585036.560671583749354 ], [ 345816.853038769739214, 5585044.442976698279381 ], [ 345811.807873565179761, 5585052.86032631713897 ], [ 345807.612046748865396, 5585061.731656763702631 ], [ 345804.30596642679302, 5585070.971532274968922 ], [ 345801.921471959678456, 5585080.490967798046768 ], [ 345800.481527332798578, 5585090.198285967111588 ], [ 345800.0, 5585100.0 ], [ 345800.0, 5585300.0 ], [ 345790.19828596705338, 5585300.481527333147824 ], [ 345780.490967798396014, 5585301.921471959911287 ], [ 345770.971532274561469, 5585304.305966426618397 ], [ 345761.7316567634698, 5585307.612046749331057 ], [ 345752.860326317371801, 5585311.807873564772308 ], [ 345744.44297669804655, 5585316.853038770146668 ], [ 345736.560671583632939, 5585322.698954664170742 ], [ 345729.289321881369688, 5585329.289321881718934 ], [ 345722.698954663705081, 5585336.560671583749354 ], [ 345716.853038769739214, 5585344.442976698279381 ], [ 345711.807873565179761, 5585352.86032631713897 ], [ 345707.612046748865396, 5585361.731656763702631 ], [ 345704.30596642679302, 5585370.971532274968922 ], [ 345701.921471959678456, 5585380.490967798046768 ], [ 345700.481527332798578, 5585390.198285967111588 ], [ 345700.0, 5585400.0 ], [ 345700.0, 5585600.0 ], [ 345700.481527332798578, 5585609.801714032888412 ], [ 345701.921471959678456, 5585619.509032201953232 ], [ 345704.30596642679302, 5585629.028467725031078 ], [ 345707.612046748865396, 5585638.268343236297369 ], [ 345711.807873565179761, 5585647.13967368286103 ], [ 345716.853038769739214, 5585655.557023301720619 ], [ 345722.698954663705081, 5585663.439328416250646 ], [ 345729.289321881369688, 5585670.710678118281066 ], [ 345736.560671583632939, 5585677.301045335829258 ], [ 345744.44297669804655, 5585683.146961229853332 ], [ 345752.860326317371801, 5585688.192126435227692 ], [ 345761.7316567634698, 5585692.387953250668943 ], [ 345770.971532274561469, 5585695.694033573381603 ], [ 345780.490967798396014, 5585698.078528040088713 ], [ 345790.19828596705338, 5585699.518472666852176 ], [ 345800.0, 5585700.0 ], [ 345800.0, 5585800.0 ], [ 345800.481527332798578, 5585809.801714032888412 ], [ 345801.921471959678456, 5585819.509032201953232 ], [ 345804.30596642679302, 5585829.028467725031078 ], [ 345807.612046748865396, 5585838.268343236297369 ], [ 345811.807873565179761, 5585847.13967368286103 ], [ 345816.853038769739214, 5585855.557023301720619 ], [ 345822.698954663705081, 5585863.439328416250646 ], [ 345829.289321881369688, 5585870.710678118281066 ], [ 345836.560671583632939, 5585877.301045335829258 ], [ 345844.44297669804655, 5585883.146961229853332 ], [ 345852.860326317371801, 5585888.192126435227692 ], [ 345861.7316567634698, 5585892.387953250668943 ], [ 345870.971532274561469, 5585895.694033573381603 ], [ 345880.490967798396014, 5585898.078528040088713 ], [ 345890.19828596705338, 5585899.518472666852176 ], [ 345900.0, 5585900.0 ], [ 345890.19828596705338, 5585900.481527333147824 ], [ 345880.490967798396014, 5585901.921471959911287 ], [ 345870.971532274561469, 5585904.305966426618397 ], [ 345861.7316567634698, 5585907.612046749331057 ], [ 345852.860326317371801, 5585911.807873564772308 ], [ 345844.44297669804655, 5585916.853038770146668 ], [ 345836.560671583632939, 5585922.698954664170742 ], [ 345829.289321881369688, 5585929.289321881718934 ], [ 345822.698954663705081, 5585936.560671583749354 ], [ 345816.853038769739214, 5585944.442976698279381 ], [ 345811.807873565179761, 5585952.86032631713897 ], [ 345807.612046748865396, 5585961.731656763702631 ], [ 345804.30596642679302, 5585970.971532274968922 ], [ 345801.921471959678456, 5585980.490967798046768 ], [ 345800.481527332798578, 5585990.198285967111588 ], [ 345800.0, 5586000.0 ], [ 345790.19828596705338, 5586000.481527333147824 ], [ 345780.490967798396014, 5586001.921471959911287 ], [ 345770.971532274561469, 5586004.305966426618397 ], [ 345761.7316567634698, 5586007.612046749331057 ], [ 345752.860326317371801, 5586011.807873564772308 ], [ 345744.44297669804655, 5586016.853038770146668 ], [ 345736.560671583632939, 5586022.698954664170742 ], [ 345729.289321881369688, 5586029.289321881718934 ], [ 345722.698954663705081, 5586036.560671583749354 ], [ 345716.853038769739214, 5586044.442976698279381 ], [ 345711.807873565179761, 5586052.86032631713897 ], [ 345707.612046748865396, 5586061.731656763702631 ], [ 345704.30596642679302, 5586070.971532274968922 ], [ 345701.921471959678456, 5586080.490967798046768 ], [ 345700.481527332798578, 5586090.198285967111588 ], [ 345700.0, 5586100.0 ], [ 345700.0, 5586400.0 ], [ 345700.481527332798578, 5586409.801714032888412 ], [ 345701.921471959678456, 5586419.509032201953232 ], [ 345704.30596642679302, 5586429.028467725031078 ], [ 345707.612046748865396, 5586438.268343236297369 ], [ 345711.807873565179761, 5586447.13967368286103 ], [ 345716.853038769739214, 5586455.557023301720619 ], [ 345722.698954663705081, 5586463.439328416250646 ], [ 345729.289321881369688, 5586470.710678118281066 ], [ 345736.560671583632939, 5586477.301045335829258 ], [ 345744.44297669804655, 5586483.146961229853332 ], [ 345752.860326317371801, 5586488.192126435227692 ], [ 345761.7316567634698, 5586492.387953250668943 ], [ 345770.971532274561469, 5586495.694033573381603 ], [ 345780.490967798396014, 5586498.078528040088713 ], [ 345790.19828596705338, 5586499.518472666852176 ], [ 345800.0, 5586500.0 ], [ 345900.0, 5586500.0 ], [ 345900.0, 5586800.0 ], [ 345900.481527332798578, 5586809.801714032888412 ], [ 345901.921471959678456, 5586819.509032201953232 ], [ 345904.30596642679302, 5586829.028467725031078 ], [ 345907.612046748865396, 5586838.268343236297369 ], [ 345911.807873565179761, 5586847.13967368286103 ], [ 345916.853038769739214, 5586855.557023301720619 ], [ 345922.698954663705081, 5586863.439328416250646 ], [ 345929.289321881369688, 5586870.710678118281066 ], [ 345936.560671583632939, 5586877.301045335829258 ], [ 345944.44297669804655, 5586883.146961229853332 ], [ 345952.860326317371801, 5586888.192126435227692 ], [ 345961.7316567634698, 5586892.387953250668943 ], [ 345970.971532274561469, 5586895.694033573381603 ], [ 345980.490967798396014, 5586898.078528040088713 ], [ 345990.19828596705338, 5586899.518472666852176 ], [ 346000.0, 5586900.0 ], [ 346000.481527332798578, 5586909.801714032888412 ], [ 346001.921471959678456, 5586919.509032201953232 ], [ 346004.30596642679302, 5586929.028467725031078 ], [ 346007.612046748865396, 5586938.268343236297369 ], [ 346011.807873565179761, 5586947.13967368286103 ], [ 346016.853038769739214, 5586955.557023301720619 ], [ 346022.698954663705081, 5586963.439328416250646 ], [ 346029.289321881369688, 5586970.710678118281066 ], [ 346036.560671583632939, 5586977.301045335829258 ], [ 346044.44297669804655, 5586983.146961229853332 ], [ 346052.860326317371801, 5586988.192126435227692 ], [ 346061.7316567634698, 5586992.387953250668943 ], [ 346070.971532274561469, 5586995.694033573381603 ], [ 346080.490967798396014, 5586998.078528040088713 ], [ 346090.19828596705338, 5586999.518472666852176 ], [ 346100.0, 5587000.0 ], [ 346100.481527332798578, 5587009.801714032888412 ], [ 346101.921471959678456, 5587019.509032201953232 ], [ 346104.30596642679302, 5587029.028467725031078 ], [ 346107.612046748865396, 5587038.268343236297369 ], [ 346111.807873565179761, 5587047.13967368286103 ], [ 346116.853038769739214, 5587055.557023301720619 ], [ 346122.698954663705081, 5587063.439328416250646 ], [ 346129.289321881369688, 5587070.710678118281066 ], [ 346136.560671583632939, 5587077.301045335829258 ], [ 346144.44297669804655, 5587083.146961229853332 ], [ 346152.860326317371801, 5587088.192126435227692 ], [ 346161.7316567634698, 5587092.387953250668943 ], [ 346170.971532274561469, 5587095.694033573381603 ], [ 346180.490967798396014, 5587098.078528040088713 ], [ 346190.19828596705338, 5587099.518472666852176 ], [ 346200.0, 5587100.0 ], [ 346200.0, 5587300.0 ], [ 346200.481527332798578, 5587309.801714032888412 ], [ 346201.921471959678456, 5587319.509032201953232 ], [ 346204.30596642679302, 5587329.028467725031078 ], [ 346207.612046748865396, 5587338.268343236297369 ], [ 346211.807873565179761, 5587347.13967368286103 ], [ 346216.853038769739214, 5587355.557023301720619 ], [ 346222.698954663705081, 5587363.439328416250646 ], [ 346229.289321881369688, 5587370.710678118281066 ], [ 346236.560671583632939, 5587377.301045335829258 ], [ 346244.44297669804655, 5587383.146961229853332 ], [ 346252.860326317371801, 5587388.192126435227692 ], [ 346261.7316567634698, 5587392.387953250668943 ], [ 346270.971532274561469, 5587395.694033573381603 ], [ 346280.490967798396014, 5587398.078528040088713 ], [ 346290.19828596705338, 5587399.518472666852176 ], [ 346300.0, 5587400.0 ], [ 346300.0, 5587600.0 ], [ 346300.481527332798578, 5587609.801714032888412 ], [ 346301.921471959678456, 5587619.509032201953232 ], [ 346304.30596642679302, 5587629.028467725031078 ], [ 346307.612046748865396, 5587638.268343236297369 ], [ 346311.807873565179761, 5587647.13967368286103 ], [ 346316.853038769739214, 5587655.557023301720619 ], [ 346322.698954663705081, 5587663.439328416250646 ], [ 346329.289321881369688, 5587670.710678118281066 ], [ 346336.560671583632939, 5587677.301045335829258 ], [ 346344.44297669804655, 5587683.146961229853332 ], [ 346352.860326317371801, 5587688.192126435227692 ], [ 346361.7316567634698, 5587692.387953250668943 ], [ 346370.971532274561469, 5587695.694033573381603 ], [ 346380.490967798396014, 5587698.078528040088713 ], [ 346390.19828596705338, 5587699.518472666852176 ], [ 346400.0, 5587700.0 ], [ 346800.0, 5587700.0 ], [ 346809.80171403294662, 5587699.518472666852176 ], [ 346819.509032201603986, 5587698.078528040088713 ], [ 346829.028467725438531, 5587695.694033573381603 ], [ 346838.2683432365302, 5587692.387953250668943 ], [ 346847.139673682628199, 5587688.192126435227692 ], [ 346855.55702330195345, 5587683.146961229853332 ], [ 346863.439328416367061, 5587677.301045335829258 ], [ 346870.710678118630312, 5587670.710678118281066 ], [ 346877.301045336294919, 5587663.439328416250646 ], [ 346883.146961230260786, 5587655.557023301720619 ], [ 346888.192126434820239, 5587647.13967368286103 ], [ 346892.387953251134604, 5587638.268343236297369 ], [ 346895.69403357320698, 5587629.028467725031078 ], [ 346898.078528040321544, 5587619.509032201953232 ], [ 346899.518472667201422, 5587609.801714032888412 ], [ 346900.0, 5587600.0 ], [ 347000.0, 5587600.0 ], [ 347000.481527332798578, 5587609.801714032888412 ], [ 347001.921471959678456, 5587619.509032201953232 ], [ 347004.30596642679302, 5587629.028467725031078 ], [ 347007.612046748865396, 5587638.268343236297369 ], [ 347011.807873565179761, 5587647.13967368286103 ], [ 347016.853038769739214, 5587655.557023301720619 ], [ 347022.698954663705081, 5587663.439328416250646 ], [ 347029.289321881369688, 5587670.710678118281066 ], [ 347036.560671583632939, 5587677.301045335829258 ], [ 347044.44297669804655, 5587683.146961229853332 ], [ 347052.860326317371801, 5587688.192126435227692 ], [ 347061.7316567634698, 5587692.387953250668943 ], [ 347070.971532274561469, 5587695.694033573381603 ], [ 347080.490967798396014, 5587698.078528040088713 ], [ 347090.19828596705338, 5587699.518472666852176 ], [ 347100.0, 5587700.0 ], [ 347300.0, 5587700.0 ], [ 347300.0, 5587800.0 ], [ 347290.19828596705338, 5587800.481527333147824 ], [ 347280.490967798396014, 5587801.921471959911287 ], [ 347270.971532274561469, 5587804.305966426618397 ], [ 347261.7316567634698, 5587807.612046749331057 ], [ 347252.860326317371801, 5587811.807873564772308 ], [ 347244.44297669804655, 5587816.853038770146668 ], [ 347236.560671583632939, 5587822.698954664170742 ], [ 347229.289321881369688, 5587829.289321881718934 ], [ 347222.698954663705081, 5587836.560671583749354 ], [ 347216.853038769739214, 5587844.442976698279381 ], [ 347211.807873565179761, 5587852.86032631713897 ], [ 347207.612046748865396, 5587861.731656763702631 ], [ 347204.30596642679302, 5587870.971532274968922 ], [ 347201.921471959678456, 5587880.490967798046768 ], [ 347200.481527332798578, 5587890.198285967111588 ], [ 347200.0, 5587900.0 ], [ 347190.19828596705338, 5587900.481527333147824 ], [ 347180.490967798396014, 5587901.921471959911287 ], [ 347170.971532274561469, 5587904.305966426618397 ], [ 347161.7316567634698, 5587907.612046749331057 ], [ 347152.860326317371801, 5587911.807873564772308 ], [ 347144.44297669804655, 5587916.853038770146668 ], [ 347136.560671583632939, 5587922.698954664170742 ], [ 347129.289321881369688, 5587929.289321881718934 ], [ 347122.698954663705081, 5587936.560671583749354 ], [ 347116.853038769739214, 5587944.442976698279381 ], [ 347111.807873565179761, 5587952.86032631713897 ], [ 347107.612046748865396, 5587961.731656763702631 ], [ 347104.30596642679302, 5587970.971532274968922 ], [ 347101.921471959678456, 5587980.490967798046768 ], [ 347100.481527332798578, 5587990.198285967111588 ], [ 347100.0, 5588000.0 ], [ 347100.0, 5588700.0 ], [ 347100.481527332798578, 5588709.801714032888412 ], [ 347101.921471959678456, 5588719.509032201953232 ], [ 347104.30596642679302, 5588729.028467725031078 ], [ 347107.612046748865396, 5588738.268343236297369 ], [ 347111.807873565179761, 5588747.13967368286103 ], [ 347116.853038769739214, 5588755.557023301720619 ], [ 347122.698954663705081, 5588763.439328416250646 ], [ 347129.289321881369688, 5588770.710678118281066 ], [ 347136.560671583632939, 5588777.301045335829258 ], [ 347144.44297669804655, 5588783.146961229853332 ], [ 347152.860326317371801, 5588788.192126435227692 ], [ 347161.7316567634698, 5588792.387953250668943 ], [ 347170.971532274561469, 5588795.694033573381603 ], [ 347180.490967798396014, 5588798.078528040088713 ], [ 347190.19828596705338, 5588799.518472666852176 ], [ 347200.0, 5588800.0 ], [ 347600.0, 5588800.0 ], [ 347609.80171403294662, 5588799.518472666852176 ], [ 347619.509032201603986, 5588798.078528040088713 ], [ 347629.028467725438531, 5588795.694033573381603 ], [ 347638.2683432365302, 5588792.387953250668943 ], [ 347647.139673682628199, 5588788.192126435227692 ], [ 347655.55702330195345, 5588783.146961229853332 ], [ 347663.439328416367061, 5588777.301045335829258 ], [ 347670.710678118630312, 5588770.710678118281066 ], [ 347677.301045336294919, 5588763.439328416250646 ], [ 347683.146961230260786, 5588755.557023301720619 ], [ 347688.192126434820239, 5588747.13967368286103 ], [ 347692.387953251134604, 5588738.268343236297369 ], [ 347695.69403357320698, 5588729.028467725031078 ], [ 347698.078528040321544, 5588719.509032201953232 ], [ 347699.518472667201422, 5588709.801714032888412 ], [ 347700.0, 5588700.0 ], [ 347800.0, 5588700.0 ], [ 347800.0, 5588800.0 ], [ 347790.19828596705338, 5588800.481527333147824 ], [ 347780.490967798396014, 5588801.921471959911287 ], [ 347770.971532274561469, 5588804.305966426618397 ], [ 347761.7316567634698, 5588807.612046749331057 ], [ 347752.860326317371801, 5588811.807873564772308 ], [ 347744.44297669804655, 5588816.853038770146668 ], [ 347736.560671583632939, 5588822.698954664170742 ], [ 347729.289321881369688, 5588829.289321881718934 ], [ 347722.698954663705081, 5588836.560671583749354 ], [ 347716.853038769739214, 5588844.442976698279381 ], [ 347711.807873565179761, 5588852.86032631713897 ], [ 347707.612046748865396, 5588861.731656763702631 ], [ 347704.30596642679302, 5588870.971532274968922 ], [ 347701.921471959678456, 5588880.490967798046768 ], [ 347700.481527332798578, 5588890.198285967111588 ], [ 347700.0, 5588900.0 ], [ 347700.0, 5589300.0 ], [ 347700.481527332798578, 5589309.801714032888412 ], [ 347701.921471959678456, 5589319.509032201953232 ], [ 347704.30596642679302, 5589329.028467725031078 ], [ 347707.612046748865396, 5589338.268343236297369 ], [ 347711.807873565179761, 5589347.13967368286103 ], [ 347716.853038769739214, 5589355.557023301720619 ], [ 347722.698954663705081, 5589363.439328416250646 ], [ 347729.289321881369688, 5589370.710678118281066 ], [ 347736.560671583632939, 5589377.301045335829258 ], [ 347744.44297669804655, 5589383.146961229853332 ], [ 347752.860326317371801, 5589388.192126435227692 ], [ 347761.7316567634698, 5589392.387953250668943 ], [ 347770.971532274561469, 5589395.694033573381603 ], [ 347780.490967798396014, 5589398.078528040088713 ], [ 347790.19828596705338, 5589399.518472666852176 ], [ 347800.0, 5589400.0 ], [ 347800.481527332798578, 5589409.801714032888412 ], [ 347801.921471959678456, 5589419.509032201953232 ], [ 347804.30596642679302, 5589429.028467725031078 ], [ 347807.612046748865396, 5589438.268343236297369 ], [ 347811.807873565179761, 5589447.13967368286103 ], [ 347816.853038769739214, 5589455.557023301720619 ], [ 347822.698954663705081, 5589463.439328416250646 ], [ 347829.289321881369688, 5589470.710678118281066 ], [ 347836.560671583632939, 5589477.301045335829258 ], [ 347844.44297669804655, 5589483.146961229853332 ], [ 347852.860326317371801, 5589488.192126435227692 ], [ 347861.7316567634698, 5589492.387953250668943 ], [ 347870.971532274561469, 5589495.694033573381603 ], [ 347880.490967798396014, 5589498.078528040088713 ], [ 347890.19828596705338, 5589499.518472666852176 ], [ 347900.0, 5589500.0 ], [ 348200.0, 5589500.0 ], [ 348200.481527332798578, 5589509.801714032888412 ], [ 348201.921471959678456, 5589519.509032201953232 ], [ 348204.30596642679302, 5589529.028467725031078 ], [ 348207.612046748865396, 5589538.268343236297369 ], [ 348211.807873565179761, 5589547.13967368286103 ], [ 348213.522287182568107, 5589550.0 ], [ 348211.807873565179761, 5589552.86032631713897 ], [ 348207.612046748865396, 5589561.731656763702631 ], [ 348204.30596642679302, 5589570.971532274968922 ], [ 348201.921471959678456, 5589580.490967798046768 ], [ 348200.481527332798578, 5589590.198285967111588 ], [ 348200.0, 5589600.0 ], [ 348200.0, 5590200.0 ], [ 348200.481527332798578, 5590209.801714032888412 ], [ 348201.921471959678456, 5590219.509032201953232 ], [ 348204.30596642679302, 5590229.028467725031078 ], [ 348207.612046748865396, 5590238.268343236297369 ], [ 348211.807873565179761, 5590247.13967368286103 ], [ 348216.853038769739214, 5590255.557023301720619 ], [ 348222.698954663705081, 5590263.439328416250646 ], [ 348229.289321881369688, 5590270.710678118281066 ], [ 348236.560671583632939, 5590277.301045335829258 ], [ 348244.44297669804655, 5590283.146961229853332 ], [ 348252.860326317371801, 5590288.192126435227692 ], [ 348261.7316567634698, 5590292.387953250668943 ], [ 348270.971532274561469, 5590295.694033573381603 ], [ 348280.490967798396014, 5590298.078528040088713 ], [ 348290.19828596705338, 5590299.518472666852176 ], [ 348300.0, 5590300.0 ], [ 348400.0, 5590300.0 ], [ 348400.481527332798578, 5590309.801714032888412 ], [ 348401.921471959678456, 5590319.509032201953232 ], [ 348404.30596642679302, 5590329.028467725031078 ], [ 348407.612046748865396, 5590338.268343236297369 ], [ 348411.807873565179761, 5590347.13967368286103 ], [ 348416.853038769739214, 5590355.557023301720619 ], [ 348422.698954663705081, 5590363.439328416250646 ], [ 348429.289321881369688, 5590370.710678118281066 ], [ 348436.560671583632939, 5590377.301045335829258 ], [ 348444.44297669804655, 5590383.146961229853332 ], [ 348452.860326317371801, 5590388.192126435227692 ], [ 348461.7316567634698, 5590392.387953250668943 ], [ 348470.971532274561469, 5590395.694033573381603 ], [ 348480.490967798396014, 5590398.078528040088713 ], [ 348490.19828596705338, 5590399.518472666852176 ], [ 348500.0, 5590400.0 ], [ 348700.0, 5590400.0 ], [ 348709.80171403294662, 5590399.518472666852176 ], [ 348719.509032201603986, 5590398.078528040088713 ], [ 348729.028467725438531, 5590395.694033573381603 ], [ 348738.2683432365302, 5590392.387953250668943 ], [ 348747.139673682628199, 5590388.192126435227692 ], [ 348755.55702330195345, 5590383.146961229853332 ], [ 348763.439328416367061, 5590377.301045335829258 ], [ 348770.710678118630312, 5590370.710678118281066 ], [ 348777.301045336294919, 5590363.439328416250646 ], [ 348783.146961230260786, 5590355.557023301720619 ], [ 348788.192126434820239, 5590347.13967368286103 ], [ 348792.387953251134604, 5590338.268343236297369 ], [ 348795.69403357320698, 5590329.028467725031078 ], [ 348798.078528040321544, 5590319.509032201953232 ], [ 348799.518472667201422, 5590309.801714032888412 ], [ 348800.0, 5590300.0 ], [ 348900.0, 5590300.0 ], [ 348909.80171403294662, 5590299.518472666852176 ], [ 348919.509032201603986, 5590298.078528040088713 ], [ 348929.028467725438531, 5590295.694033573381603 ], [ 348938.2683432365302, 5590292.387953250668943 ], [ 348947.139673682628199, 5590288.192126435227692 ], [ 348955.55702330195345, 5590283.146961229853332 ], [ 348963.439328416367061, 5590277.301045335829258 ], [ 348970.710678118630312, 5590270.710678118281066 ], [ 348977.301045336294919, 5590263.439328416250646 ], [ 348983.146961230260786, 5590255.557023301720619 ], [ 348988.192126434820239, 5590247.13967368286103 ], [ 348992.387953251134604, 5590238.268343236297369 ], [ 348995.69403357320698, 5590229.028467725031078 ], [ 348998.078528040321544, 5590219.509032201953232 ], [ 348999.518472667201422, 5590209.801714032888412 ], [ 349000.0, 5590200.0 ], [ 349000.0, 5590500.0 ], [ 349000.481527332798578, 5590509.801714032888412 ], [ 349001.921471959678456, 5590519.509032201953232 ], [ 349004.30596642679302, 5590529.028467725031078 ], [ 349007.612046748865396, 5590538.268343236297369 ], [ 349011.807873565179761, 5590547.13967368286103 ], [ 349016.853038769739214, 5590555.557023301720619 ], [ 349022.698954663705081, 5590563.439328416250646 ], [ 349029.289321881369688, 5590570.710678118281066 ], [ 349036.560671583632939, 5590577.301045335829258 ], [ 349044.44297669804655, 5590583.146961229853332 ], [ 349052.860326317371801, 5590588.192126435227692 ], [ 349061.7316567634698, 5590592.387953250668943 ], [ 349070.971532274561469, 5590595.694033573381603 ], [ 349080.490967798396014, 5590598.078528040088713 ], [ 349090.19828596705338, 5590599.518472666852176 ], [ 349100.0, 5590600.0 ], [ 349100.481527332798578, 5590609.801714032888412 ], [ 349101.921471959678456, 5590619.509032201953232 ], [ 349104.30596642679302, 5590629.028467725031078 ], [ 349107.612046748865396, 5590638.268343236297369 ], [ 349111.807873565179761, 5590647.13967368286103 ], [ 349116.853038769739214, 5590655.557023301720619 ], [ 349122.698954663705081, 5590663.439328416250646 ], [ 349129.289321881369688, 5590670.710678118281066 ], [ 349136.560671583632939, 5590677.301045335829258 ], [ 349144.44297669804655, 5590683.146961229853332 ], [ 349152.860326317371801, 5590688.192126435227692 ], [ 349161.7316567634698, 5590692.387953250668943 ], [ 349170.971532274561469, 5590695.694033573381603 ], [ 349180.490967798396014, 5590698.078528040088713 ], [ 349190.19828596705338, 5590699.518472666852176 ], [ 349200.0, 5590700.0 ], [ 349500.0, 5590700.0 ], [ 349509.80171403294662, 5590699.518472666852176 ], [ 349519.509032201603986, 5590698.078528040088713 ], [ 349529.028467725438531, 5590695.694033573381603 ], [ 349538.2683432365302, 5590692.387953250668943 ], [ 349547.139673682628199, 5590688.192126435227692 ], [ 349555.55702330195345, 5590683.146961229853332 ], [ 349563.439328416367061, 5590677.301045335829258 ], [ 349570.710678118630312, 5590670.710678118281066 ], [ 349577.301045336294919, 5590663.439328416250646 ], [ 349583.146961230260786, 5590655.557023301720619 ], [ 349588.192126434820239, 5590647.13967368286103 ], [ 349592.387953251134604, 5590638.268343236297369 ], [ 349595.69403357320698, 5590629.028467725031078 ], [ 349598.078528040321544, 5590619.509032201953232 ], [ 349599.518472667201422, 5590609.801714032888412 ], [ 349600.0, 5590600.0 ], [ 349700.0, 5590600.0 ], [ 349709.80171403294662, 5590599.518472666852176 ], [ 349719.509032201603986, 5590598.078528040088713 ], [ 349729.028467725438531, 5590595.694033573381603 ], [ 349738.2683432365302, 5590592.387953250668943 ], [ 349747.139673682628199, 5590588.192126435227692 ], [ 349755.55702330195345, 5590583.146961229853332 ], [ 349763.439328416367061, 5590577.301045335829258 ], [ 349770.710678118630312, 5590570.710678118281066 ], [ 349777.301045336294919, 5590563.439328416250646 ], [ 349783.146961230260786, 5590555.557023301720619 ], [ 349788.192126434820239, 5590547.13967368286103 ], [ 349792.387953251134604, 5590538.268343236297369 ], [ 349795.69403357320698, 5590529.028467725031078 ], [ 349798.078528040321544, 5590519.509032201953232 ], [ 349799.518472667201422, 5590509.801714032888412 ], [ 349800.0, 5590500.0 ], [ 349800.0, 5590600.0 ], [ 349790.19828596705338, 5590600.481527333147824 ], [ 349780.490967798396014, 5590601.921471959911287 ], [ 349770.971532274561469, 5590604.305966426618397 ], [ 349761.7316567634698, 5590607.612046749331057 ], [ 349752.860326317371801, 5590611.807873564772308 ], [ 349744.44297669804655, 5590616.853038770146668 ], [ 349736.560671583632939, 5590622.698954664170742 ], [ 349729.289321881369688, 5590629.289321881718934 ], [ 349722.698954663705081, 5590636.560671583749354 ], [ 349716.853038769739214, 5590644.442976698279381 ], [ 349711.807873565179761, 5590652.86032631713897 ], [ 349707.612046748865396, 5590661.731656763702631 ], [ 349704.30596642679302, 5590670.971532274968922 ], [ 349701.921471959678456, 5590680.490967798046768 ], [ 349700.481527332798578, 5590690.198285967111588 ], [ 349700.0, 5590700.0 ], [ 349700.0, 5591000.0 ], [ 349700.481527332798578, 5591009.801714032888412 ], [ 349701.921471959678456, 5591019.509032201953232 ], [ 349704.30596642679302, 5591029.028467725031078 ], [ 349707.612046748865396, 5591038.268343236297369 ], [ 349711.807873565179761, 5591047.13967368286103 ], [ 349716.853038769739214, 5591055.557023301720619 ], [ 349722.698954663705081, 5591063.439328416250646 ], [ 349729.289321881369688, 5591070.710678118281066 ], [ 349736.560671583632939, 5591077.301045335829258 ], [ 349744.44297669804655, 5591083.146961229853332 ], [ 349752.860326317371801, 5591088.192126435227692 ], [ 349761.7316567634698, 5591092.387953250668943 ], [ 349770.971532274561469, 5591095.694033573381603 ], [ 349780.490967798396014, 5591098.078528040088713 ], [ 349790.19828596705338, 5591099.518472666852176 ], [ 349800.0, 5591100.0 ], [ 349900.0, 5591100.0 ], [ 349900.481527332798578, 5591109.801714032888412 ], [ 349901.921471959678456, 5591119.509032201953232 ], [ 349904.30596642679302, 5591129.028467725031078 ], [ 349907.612046748865396, 5591138.268343236297369 ], [ 349911.807873565179761, 5591147.13967368286103 ], [ 349916.853038769739214, 5591155.557023301720619 ], [ 349922.698954663705081, 5591163.439328416250646 ], [ 349929.289321881369688, 5591170.710678118281066 ], [ 349936.560671583632939, 5591177.301045335829258 ], [ 349944.44297669804655, 5591183.146961229853332 ], [ 349952.860326317371801, 5591188.192126435227692 ], [ 349961.7316567634698, 5591192.387953250668943 ], [ 349970.971532274561469, 5591195.694033573381603 ], [ 349980.490967798396014, 5591198.078528040088713 ], [ 349990.19828596705338, 5591199.518472666852176 ], [ 350000.0, 5591200.0 ], [ 350100.0, 5591200.0 ], [ 350100.481527332798578, 5591209.801714032888412 ], [ 350101.921471959678456, 5591219.509032201953232 ], [ 350104.30596642679302, 5591229.028467725031078 ], [ 350107.612046748865396, 5591238.268343236297369 ], [ 350111.807873565179761, 5591247.13967368286103 ], [ 350116.853038769739214, 5591255.557023301720619 ], [ 350122.698954663705081, 5591263.439328416250646 ], [ 350129.289321881369688, 5591270.710678118281066 ], [ 350136.560671583632939, 5591277.301045335829258 ], [ 350144.44297669804655, 5591283.146961229853332 ], [ 350152.860326317371801, 5591288.192126435227692 ], [ 350161.7316567634698, 5591292.387953250668943 ], [ 350170.971532274561469, 5591295.694033573381603 ], [ 350180.490967798396014, 5591298.078528040088713 ], [ 350190.19828596705338, 5591299.518472666852176 ], [ 350200.0, 5591300.0 ], [ 350300.0, 5591300.0 ], [ 350309.80171403294662, 5591299.518472666852176 ], [ 350319.509032201603986, 5591298.078528040088713 ], [ 350329.028467725438531, 5591295.694033573381603 ], [ 350338.2683432365302, 5591292.387953250668943 ], [ 350347.139673682628199, 5591288.192126435227692 ], [ 350355.55702330195345, 5591283.146961229853332 ], [ 350363.439328416367061, 5591277.301045335829258 ], [ 350370.710678118630312, 5591270.710678118281066 ], [ 350377.301045336294919, 5591263.439328416250646 ], [ 350383.146961230260786, 5591255.557023301720619 ], [ 350388.192126434820239, 5591247.13967368286103 ], [ 350392.387953251134604, 5591238.268343236297369 ], [ 350395.69403357320698, 5591229.028467725031078 ], [ 350398.078528040321544, 5591219.509032201953232 ], [ 350399.518472667201422, 5591209.801714032888412 ], [ 350400.0, 5591200.0 ], [ 350409.80171403294662, 5591199.518472666852176 ], [ 350419.509032201603986, 5591198.078528040088713 ], [ 350429.028467725438531, 5591195.694033573381603 ], [ 350438.2683432365302, 5591192.387953250668943 ], [ 350447.139673682628199, 5591188.192126435227692 ], [ 350455.55702330195345, 5591183.146961229853332 ], [ 350463.439328416367061, 5591177.301045335829258 ], [ 350470.710678118630312, 5591170.710678118281066 ], [ 350477.301045336294919, 5591163.439328416250646 ], [ 350483.146961230260786, 5591155.557023301720619 ], [ 350488.192126434820239, 5591147.13967368286103 ], [ 350492.387953251134604, 5591138.268343236297369 ], [ 350495.69403357320698, 5591129.028467725031078 ], [ 350498.078528040321544, 5591119.509032201953232 ], [ 350499.518472667201422, 5591109.801714032888412 ], [ 350500.0, 5591100.0 ], [ 350500.0, 5590600.0 ], [ 350499.518472667201422, 5590590.198285967111588 ], [ 350498.078528040321544, 5590580.490967798046768 ], [ 350495.69403357320698, 5590570.971532274968922 ], [ 350492.387953251134604, 5590561.731656763702631 ], [ 350488.192126434820239, 5590552.86032631713897 ], [ 350483.146961230260786, 5590544.442976698279381 ], [ 350477.301045336294919, 5590536.560671583749354 ], [ 350470.710678118630312, 5590529.289321881718934 ], [ 350463.439328416367061, 5590522.698954664170742 ], [ 350455.55702330195345, 5590516.853038770146668 ], [ 350447.139673682628199, 5590511.807873564772308 ], [ 350438.2683432365302, 5590507.612046749331057 ], [ 350429.028467725438531, 5590504.305966426618397 ], [ 350419.509032201603986, 5590501.921471959911287 ], [ 350409.80171403294662, 5590500.481527333147824 ], [ 350400.0, 5590500.0 ], [ 350400.0, 5590400.0 ], [ 350409.80171403294662, 5590399.518472666852176 ], [ 350419.509032201603986, 5590398.078528040088713 ], [ 350429.028467725438531, 5590395.694033573381603 ], [ 350438.2683432365302, 5590392.387953250668943 ], [ 350447.139673682628199, 5590388.192126435227692 ], [ 350450.0, 5590386.477712817490101 ], [ 350452.860326317371801, 5590388.192126435227692 ], [ 350461.7316567634698, 5590392.387953250668943 ], [ 350470.971532274561469, 5590395.694033573381603 ], [ 350480.490967798396014, 5590398.078528040088713 ], [ 350490.19828596705338, 5590399.518472666852176 ], [ 350500.0, 5590400.0 ], [ 350600.0, 5590400.0 ], [ 350600.481527332798578, 5590409.801714032888412 ], [ 350601.921471959678456, 5590419.509032201953232 ], [ 350604.30596642679302, 5590429.028467725031078 ], [ 350607.612046748865396, 5590438.268343236297369 ], [ 350611.807873565179761, 5590447.13967368286103 ], [ 350616.853038769739214, 5590455.557023301720619 ], [ 350622.698954663705081, 5590463.439328416250646 ], [ 350629.289321881369688, 5590470.710678118281066 ], [ 350636.560671583632939, 5590477.301045335829258 ], [ 350644.44297669804655, 5590483.146961229853332 ], [ 350652.860326317371801, 5590488.192126435227692 ], [ 350661.7316567634698, 5590492.387953250668943 ], [ 350670.971532274561469, 5590495.694033573381603 ], [ 350680.490967798396014, 5590498.078528040088713 ], [ 350690.19828596705338, 5590499.518472666852176 ], [ 350700.0, 5590500.0 ], [ 350700.481527332798578, 5590509.801714032888412 ], [ 350701.921471959678456, 5590519.509032201953232 ], [ 350704.30596642679302, 5590529.028467725031078 ], [ 350707.612046748865396, 5590538.268343236297369 ], [ 350711.807873565179761, 5590547.13967368286103 ], [ 350716.853038769739214, 5590555.557023301720619 ], [ 350722.698954663705081, 5590563.439328416250646 ], [ 350729.289321881369688, 5590570.710678118281066 ], [ 350736.560671583632939, 5590577.301045335829258 ], [ 350744.44297669804655, 5590583.146961229853332 ], [ 350752.860326317371801, 5590588.192126435227692 ], [ 350761.7316567634698, 5590592.387953250668943 ], [ 350770.971532274561469, 5590595.694033573381603 ], [ 350780.490967798396014, 5590598.078528040088713 ], [ 350790.19828596705338, 5590599.518472666852176 ], [ 350800.0, 5590600.0 ], [ 350800.481527332798578, 5590609.801714032888412 ], [ 350801.921471959678456, 5590619.509032201953232 ], [ 350804.30596642679302, 5590629.028467725031078 ], [ 350807.612046748865396, 5590638.268343236297369 ], [ 350811.807873565179761, 5590647.13967368286103 ], [ 350816.853038769739214, 5590655.557023301720619 ], [ 350822.698954663705081, 5590663.439328416250646 ], [ 350829.289321881369688, 5590670.710678118281066 ], [ 350836.560671583632939, 5590677.301045335829258 ], [ 350844.44297669804655, 5590683.146961229853332 ], [ 350852.860326317371801, 5590688.192126435227692 ], [ 350861.7316567634698, 5590692.387953250668943 ], [ 350870.971532274561469, 5590695.694033573381603 ], [ 350880.490967798396014, 5590698.078528040088713 ], [ 350890.19828596705338, 5590699.518472666852176 ], [ 350900.0, 5590700.0 ], [ 351100.0, 5590700.0 ], [ 351109.80171403294662, 5590699.518472666852176 ], [ 351119.509032201603986, 5590698.078528040088713 ], [ 351129.028467725438531, 5590695.694033573381603 ], [ 351138.2683432365302, 5590692.387953250668943 ], [ 351147.139673682628199, 5590688.192126435227692 ], [ 351155.55702330195345, 5590683.146961229853332 ], [ 351163.439328416367061, 5590677.301045335829258 ], [ 351170.710678118630312, 5590670.710678118281066 ], [ 351177.301045336294919, 5590663.439328416250646 ], [ 351183.146961230260786, 5590655.557023301720619 ], [ 351188.192126434820239, 5590647.13967368286103 ], [ 351192.387953251134604, 5590638.268343236297369 ], [ 351195.69403357320698, 5590629.028467725031078 ], [ 351198.078528040321544, 5590619.509032201953232 ], [ 351199.518472667201422, 5590609.801714032888412 ], [ 351200.0, 5590600.0 ], [ 351209.80171403294662, 5590599.518472666852176 ], [ 351219.509032201603986, 5590598.078528040088713 ], [ 351229.028467725438531, 5590595.694033573381603 ], [ 351238.2683432365302, 5590592.387953250668943 ], [ 351247.139673682628199, 5590588.192126435227692 ], [ 351255.55702330195345, 5590583.146961229853332 ], [ 351263.439328416367061, 5590577.301045335829258 ], [ 351270.710678118630312, 5590570.710678118281066 ], [ 351277.301045336294919, 5590563.439328416250646 ], [ 351283.146961230260786, 5590555.557023301720619 ], [ 351288.192126434820239, 5590547.13967368286103 ], [ 351292.387953251134604, 5590538.268343236297369 ], [ 351295.69403357320698, 5590529.028467725031078 ], [ 351298.078528040321544, 5590519.509032201953232 ], [ 351299.518472667201422, 5590509.801714032888412 ], [ 351300.0, 5590500.0 ], [ 351300.0, 5590400.0 ], [ 351309.80171403294662, 5590399.518472666852176 ], [ 351319.509032201603986, 5590398.078528040088713 ], [ 351329.028467725438531, 5590395.694033573381603 ], [ 351338.2683432365302, 5590392.387953250668943 ], [ 351347.139673682628199, 5590388.192126435227692 ], [ 351355.55702330195345, 5590383.146961229853332 ], [ 351363.439328416367061, 5590377.301045335829258 ], [ 351370.710678118630312, 5590370.710678118281066 ], [ 351377.301045336294919, 5590363.439328416250646 ], [ 351383.146961230260786, 5590355.557023301720619 ], [ 351388.192126434820239, 5590347.13967368286103 ], [ 351392.387953251134604, 5590338.268343236297369 ], [ 351395.69403357320698, 5590329.028467725031078 ], [ 351398.078528040321544, 5590319.509032201953232 ], [ 351399.518472667201422, 5590309.801714032888412 ], [ 351400.0, 5590300.0 ], [ 351400.0, 5590100.0 ], [ 351800.0, 5590100.0 ], [ 351809.80171403294662, 5590099.518472666852176 ], [ 351819.509032201603986, 5590098.078528040088713 ], [ 351829.028467725438531, 5590095.694033573381603 ], [ 351838.2683432365302, 5590092.387953250668943 ], [ 351847.139673682628199, 5590088.192126435227692 ], [ 351855.55702330195345, 5590083.146961229853332 ], [ 351863.439328416367061, 5590077.301045335829258 ], [ 351870.710678118630312, 5590070.710678118281066 ], [ 351877.301045336294919, 5590063.439328416250646 ], [ 351883.146961230260786, 5590055.557023301720619 ], [ 351888.192126434820239, 5590047.13967368286103 ], [ 351892.387953251134604, 5590038.268343236297369 ], [ 351895.69403357320698, 5590029.028467725031078 ], [ 351898.078528040321544, 5590019.509032201953232 ], [ 351899.518472667201422, 5590009.801714032888412 ], [ 351900.0, 5590000.0 ], [ 352000.0, 5590000.0 ], [ 352009.80171403294662, 5589999.518472666852176 ], [ 352019.509032201603986, 5589998.078528040088713 ], [ 352029.028467725438531, 5589995.694033573381603 ], [ 352038.2683432365302, 5589992.387953250668943 ], [ 352047.139673682628199, 5589988.192126435227692 ], [ 352050.0, 5589986.477712817490101 ], [ 352052.860326317371801, 5589988.192126435227692 ], [ 352061.7316567634698, 5589992.387953250668943 ], [ 352070.971532274561469, 5589995.694033573381603 ], [ 352080.490967798396014, 5589998.078528040088713 ], [ 352090.19828596705338, 5589999.518472666852176 ], [ 352100.0, 5590000.0 ], [ 352100.481527332798578, 5590009.801714032888412 ], [ 352101.921471959678456, 5590019.509032201953232 ], [ 352104.30596642679302, 5590029.028467725031078 ], [ 352107.612046748865396, 5590038.268343236297369 ], [ 352111.807873565179761, 5590047.13967368286103 ], [ 352116.853038769739214, 5590055.557023301720619 ], [ 352122.698954663705081, 5590063.439328416250646 ], [ 352129.289321881369688, 5590070.710678118281066 ], [ 352136.560671583632939, 5590077.301045335829258 ], [ 352144.44297669804655, 5590083.146961229853332 ], [ 352152.860326317371801, 5590088.192126435227692 ], [ 352161.7316567634698, 5590092.387953250668943 ], [ 352170.971532274561469, 5590095.694033573381603 ], [ 352180.490967798396014, 5590098.078528040088713 ], [ 352190.19828596705338, 5590099.518472666852176 ], [ 352200.0, 5590100.0 ], [ 352200.0, 5590200.0 ], [ 352200.481527332798578, 5590209.801714032888412 ], [ 352201.921471959678456, 5590219.509032201953232 ], [ 352204.30596642679302, 5590229.028467725031078 ], [ 352207.612046748865396, 5590238.268343236297369 ], [ 352211.807873565179761, 5590247.13967368286103 ], [ 352216.853038769739214, 5590255.557023301720619 ], [ 352222.698954663705081, 5590263.439328416250646 ], [ 352229.289321881369688, 5590270.710678118281066 ], [ 352236.560671583632939, 5590277.301045335829258 ], [ 352244.44297669804655, 5590283.146961229853332 ], [ 352252.860326317371801, 5590288.192126435227692 ], [ 352261.7316567634698, 5590292.387953250668943 ], [ 352270.971532274561469, 5590295.694033573381603 ], [ 352280.490967798396014, 5590298.078528040088713 ], [ 352290.19828596705338, 5590299.518472666852176 ], [ 352300.0, 5590300.0 ], [ 352400.0, 5590300.0 ], [ 352400.481527332798578, 5590309.801714032888412 ], [ 352401.921471959678456, 5590319.509032201953232 ], [ 352404.30596642679302, 5590329.028467725031078 ], [ 352407.612046748865396, 5590338.268343236297369 ], [ 352411.807873565179761, 5590347.13967368286103 ], [ 352416.853038769739214, 5590355.557023301720619 ], [ 352422.698954663705081, 5590363.439328416250646 ], [ 352429.289321881369688, 5590370.710678118281066 ], [ 352436.560671583632939, 5590377.301045335829258 ], [ 352444.44297669804655, 5590383.146961229853332 ], [ 352452.860326317371801, 5590388.192126435227692 ], [ 352461.7316567634698, 5590392.387953250668943 ], [ 352470.971532274561469, 5590395.694033573381603 ], [ 352480.490967798396014, 5590398.078528040088713 ], [ 352490.19828596705338, 5590399.518472666852176 ], [ 352500.0, 5590400.0 ], [ 352700.0, 5590400.0 ], [ 352709.80171403294662, 5590399.518472666852176 ], [ 352719.509032201603986, 5590398.078528040088713 ], [ 352729.028467725438531, 5590395.694033573381603 ], [ 352738.2683432365302, 5590392.387953250668943 ], [ 352747.139673682628199, 5590388.192126435227692 ], [ 352755.55702330195345, 5590383.146961229853332 ], [ 352763.439328416367061, 5590377.301045335829258 ], [ 352770.710678118630312, 5590370.710678118281066 ], [ 352777.301045336294919, 5590363.439328416250646 ], [ 352783.146961230260786, 5590355.557023301720619 ], [ 352788.192126434820239, 5590347.13967368286103 ], [ 352792.387953251134604, 5590338.268343236297369 ], [ 352795.69403357320698, 5590329.028467725031078 ], [ 352798.078528040321544, 5590319.509032201953232 ], [ 352799.518472667201422, 5590309.801714032888412 ], [ 352800.0, 5590300.0 ], [ 352809.80171403294662, 5590299.518472666852176 ], [ 352819.509032201603986, 5590298.078528040088713 ], [ 352829.028467725438531, 5590295.694033573381603 ], [ 352838.2683432365302, 5590292.387953250668943 ], [ 352847.139673682628199, 5590288.192126435227692 ], [ 352855.55702330195345, 5590283.146961229853332 ], [ 352863.439328416367061, 5590277.301045335829258 ], [ 352870.710678118630312, 5590270.710678118281066 ], [ 352877.301045336294919, 5590263.439328416250646 ], [ 352883.146961230260786, 5590255.557023301720619 ], [ 352888.192126434820239, 5590247.13967368286103 ], [ 352892.387953251134604, 5590238.268343236297369 ], [ 352895.69403357320698, 5590229.028467725031078 ], [ 352898.078528040321544, 5590219.509032201953232 ], [ 352899.518472667201422, 5590209.801714032888412 ], [ 352900.0, 5590200.0 ], [ 353100.0, 5590200.0 ], [ 353100.481527332798578, 5590209.801714032888412 ], [ 353101.921471959678456, 5590219.509032201953232 ], [ 353104.30596642679302, 5590229.028467725031078 ], [ 353107.612046748865396, 5590238.268343236297369 ], [ 353111.807873565179761, 5590247.13967368286103 ], [ 353116.853038769739214, 5590255.557023301720619 ], [ 353122.698954663705081, 5590263.439328416250646 ], [ 353129.289321881369688, 5590270.710678118281066 ], [ 353136.560671583632939, 5590277.301045335829258 ], [ 353144.44297669804655, 5590283.146961229853332 ], [ 353152.860326317371801, 5590288.192126435227692 ], [ 353161.7316567634698, 5590292.387953250668943 ], [ 353170.971532274561469, 5590295.694033573381603 ], [ 353180.490967798396014, 5590298.078528040088713 ], [ 353190.19828596705338, 5590299.518472666852176 ], [ 353200.0, 5590300.0 ], [ 353200.481527332798578, 5590309.801714032888412 ], [ 353201.921471959678456, 5590319.509032201953232 ], [ 353204.30596642679302, 5590329.028467725031078 ], [ 353207.612046748865396, 5590338.268343236297369 ], [ 353211.807873565179761, 5590347.13967368286103 ], [ 353216.853038769739214, 5590355.557023301720619 ], [ 353222.698954663705081, 5590363.439328416250646 ], [ 353229.289321881369688, 5590370.710678118281066 ], [ 353236.560671583632939, 5590377.301045335829258 ], [ 353244.44297669804655, 5590383.146961229853332 ], [ 353252.860326317371801, 5590388.192126435227692 ], [ 353261.7316567634698, 5590392.387953250668943 ], [ 353270.971532274561469, 5590395.694033573381603 ], [ 353280.490967798396014, 5590398.078528040088713 ], [ 353290.19828596705338, 5590399.518472666852176 ], [ 353300.0, 5590400.0 ], [ 353300.481527332798578, 5590409.801714032888412 ], [ 353301.921471959678456, 5590419.509032201953232 ], [ 353304.30596642679302, 5590429.028467725031078 ], [ 353307.612046748865396, 5590438.268343236297369 ], [ 353311.807873565179761, 5590447.13967368286103 ], [ 353316.853038769739214, 5590455.557023301720619 ], [ 353322.698954663705081, 5590463.439328416250646 ], [ 353329.289321881369688, 5590470.710678118281066 ], [ 353336.560671583632939, 5590477.301045335829258 ], [ 353344.44297669804655, 5590483.146961229853332 ], [ 353352.860326317371801, 5590488.192126435227692 ], [ 353361.7316567634698, 5590492.387953250668943 ], [ 353370.971532274561469, 5590495.694033573381603 ], [ 353380.490967798396014, 5590498.078528040088713 ], [ 353390.19828596705338, 5590499.518472666852176 ], [ 353400.0, 5590500.0 ], [ 353400.0, 5590700.0 ], [ 353400.481527332798578, 5590709.801714032888412 ], [ 353401.921471959678456, 5590719.509032201953232 ], [ 353404.30596642679302, 5590729.028467725031078 ], [ 353407.612046748865396, 5590738.268343236297369 ], [ 353411.807873565179761, 5590747.13967368286103 ], [ 353416.853038769739214, 5590755.557023301720619 ], [ 353422.698954663705081, 5590763.439328416250646 ], [ 353429.289321881369688, 5590770.710678118281066 ], [ 353436.560671583632939, 5590777.301045335829258 ], [ 353444.44297669804655, 5590783.146961229853332 ], [ 353452.860326317371801, 5590788.192126435227692 ], [ 353461.7316567634698, 5590792.387953250668943 ], [ 353470.971532274561469, 5590795.694033573381603 ], [ 353480.490967798396014, 5590798.078528040088713 ], [ 353490.19828596705338, 5590799.518472666852176 ], [ 353500.0, 5590800.0 ], [ 353500.0, 5590900.0 ], [ 353500.481527332798578, 5590909.801714032888412 ], [ 353501.921471959678456, 5590919.509032201953232 ], [ 353504.30596642679302, 5590929.028467725031078 ], [ 353507.612046748865396, 5590938.268343236297369 ], [ 353511.807873565179761, 5590947.13967368286103 ], [ 353516.853038769739214, 5590955.557023301720619 ], [ 353522.698954663705081, 5590963.439328416250646 ], [ 353529.289321881369688, 5590970.710678118281066 ], [ 353536.560671583632939, 5590977.301045335829258 ], [ 353544.44297669804655, 5590983.146961229853332 ], [ 353552.860326317371801, 5590988.192126435227692 ], [ 353561.7316567634698, 5590992.387953250668943 ], [ 353570.971532274561469, 5590995.694033573381603 ], [ 353580.490967798396014, 5590998.078528040088713 ], [ 353590.19828596705338, 5590999.518472666852176 ], [ 353600.0, 5591000.0 ], [ 353600.481527332798578, 5591009.801714032888412 ], [ 353601.921471959678456, 5591019.509032201953232 ], [ 353604.30596642679302, 5591029.028467725031078 ], [ 353607.612046748865396, 5591038.268343236297369 ], [ 353611.807873565179761, 5591047.13967368286103 ], [ 353616.853038769739214, 5591055.557023301720619 ], [ 353622.698954663705081, 5591063.439328416250646 ], [ 353629.289321881369688, 5591070.710678118281066 ], [ 353636.560671583632939, 5591077.301045335829258 ], [ 353644.44297669804655, 5591083.146961229853332 ], [ 353652.860326317371801, 5591088.192126435227692 ], [ 353661.7316567634698, 5591092.387953250668943 ], [ 353670.971532274561469, 5591095.694033573381603 ], [ 353680.490967798396014, 5591098.078528040088713 ], [ 353690.19828596705338, 5591099.518472666852176 ], [ 353700.0, 5591100.0 ], [ 353700.481527332798578, 5591109.801714032888412 ], [ 353701.921471959678456, 5591119.509032201953232 ], [ 353704.30596642679302, 5591129.028467725031078 ], [ 353707.612046748865396, 5591138.268343236297369 ], [ 353711.807873565179761, 5591147.13967368286103 ], [ 353716.853038769739214, 5591155.557023301720619 ], [ 353722.698954663705081, 5591163.439328416250646 ], [ 353729.289321881369688, 5591170.710678118281066 ], [ 353736.560671583632939, 5591177.301045335829258 ], [ 353744.44297669804655, 5591183.146961229853332 ], [ 353752.860326317371801, 5591188.192126435227692 ], [ 353761.7316567634698, 5591192.387953250668943 ], [ 353770.971532274561469, 5591195.694033573381603 ], [ 353780.490967798396014, 5591198.078528040088713 ], [ 353790.19828596705338, 5591199.518472666852176 ], [ 353800.0, 5591200.0 ], [ 353800.481527332798578, 5591209.801714032888412 ], [ 353801.921471959678456, 5591219.509032201953232 ], [ 353804.30596642679302, 5591229.028467725031078 ], [ 353807.612046748865396, 5591238.268343236297369 ], [ 353811.807873565179761, 5591247.13967368286103 ], [ 353816.853038769739214, 5591255.557023301720619 ], [ 353822.698954663705081, 5591263.439328416250646 ], [ 353829.289321881369688, 5591270.710678118281066 ], [ 353836.560671583632939, 5591277.301045335829258 ], [ 353844.44297669804655, 5591283.146961229853332 ], [ 353852.860326317371801, 5591288.192126435227692 ], [ 353861.7316567634698, 5591292.387953250668943 ], [ 353870.971532274561469, 5591295.694033573381603 ], [ 353880.490967798396014, 5591298.078528040088713 ], [ 353890.19828596705338, 5591299.518472666852176 ], [ 353900.0, 5591300.0 ], [ 353900.481527332798578, 5591309.801714032888412 ], [ 353901.921471959678456, 5591319.509032201953232 ], [ 353904.30596642679302, 5591329.028467725031078 ], [ 353907.612046748865396, 5591338.268343236297369 ], [ 353911.807873565179761, 5591347.13967368286103 ], [ 353916.853038769739214, 5591355.557023301720619 ], [ 353922.698954663705081, 5591363.439328416250646 ], [ 353929.289321881369688, 5591370.710678118281066 ], [ 353936.560671583632939, 5591377.301045335829258 ], [ 353944.44297669804655, 5591383.146961229853332 ], [ 353952.860326317371801, 5591388.192126435227692 ], [ 353961.7316567634698, 5591392.387953250668943 ], [ 353970.971532274561469, 5591395.694033573381603 ], [ 353980.490967798396014, 5591398.078528040088713 ], [ 353990.19828596705338, 5591399.518472666852176 ], [ 354000.0, 5591400.0 ], [ 354000.0, 5591500.0 ], [ 353990.19828596705338, 5591500.481527333147824 ], [ 353980.490967798396014, 5591501.921471959911287 ], [ 353970.971532274561469, 5591504.305966426618397 ], [ 353961.7316567634698, 5591507.612046749331057 ], [ 353952.860326317371801, 5591511.807873564772308 ], [ 353944.44297669804655, 5591516.853038770146668 ], [ 353936.560671583632939, 5591522.698954664170742 ], [ 353929.289321881369688, 5591529.289321881718934 ], [ 353922.698954663705081, 5591536.560671583749354 ], [ 353916.853038769739214, 5591544.442976698279381 ], [ 353911.807873565179761, 5591552.86032631713897 ], [ 353907.612046748865396, 5591561.731656763702631 ], [ 353904.30596642679302, 5591570.971532274968922 ], [ 353901.921471959678456, 5591580.490967798046768 ], [ 353900.481527332798578, 5591590.198285967111588 ], [ 353900.0, 5591600.0 ], [ 353900.0, 5591700.0 ], [ 353900.481527332798578, 5591709.801714032888412 ], [ 353901.921471959678456, 5591719.509032201953232 ], [ 353904.30596642679302, 5591729.028467725031078 ], [ 353907.612046748865396, 5591738.268343236297369 ], [ 353911.807873565179761, 5591747.13967368286103 ], [ 353916.853038769739214, 5591755.557023301720619 ], [ 353922.698954663705081, 5591763.439328416250646 ], [ 353929.289321881369688, 5591770.710678118281066 ], [ 353936.560671583632939, 5591777.301045335829258 ], [ 353944.44297669804655, 5591783.146961229853332 ], [ 353952.860326317371801, 5591788.192126435227692 ], [ 353961.7316567634698, 5591792.387953250668943 ], [ 353970.971532274561469, 5591795.694033573381603 ], [ 353980.490967798396014, 5591798.078528040088713 ], [ 353990.19828596705338, 5591799.518472666852176 ], [ 354000.0, 5591800.0 ], [ 354100.0, 5591800.0 ], [ 354100.0, 5591900.0 ], [ 354100.481527332798578, 5591909.801714032888412 ], [ 354101.921471959678456, 5591919.509032201953232 ], [ 354104.30596642679302, 5591929.028467725031078 ], [ 354107.612046748865396, 5591938.268343236297369 ], [ 354111.807873565179761, 5591947.13967368286103 ], [ 354116.853038769739214, 5591955.557023301720619 ], [ 354122.698954663705081, 5591963.439328416250646 ], [ 354129.289321881369688, 5591970.710678118281066 ], [ 354136.560671583632939, 5591977.301045335829258 ], [ 354144.44297669804655, 5591983.146961229853332 ], [ 354152.860326317371801, 5591988.192126435227692 ], [ 354161.7316567634698, 5591992.387953250668943 ], [ 354170.971532274561469, 5591995.694033573381603 ], [ 354180.490967798396014, 5591998.078528040088713 ], [ 354190.19828596705338, 5591999.518472666852176 ], [ 354200.0, 5592000.0 ], [ 354200.481527332798578, 5592009.801714032888412 ], [ 354201.921471959678456, 5592019.509032201953232 ], [ 354204.30596642679302, 5592029.028467725031078 ], [ 354207.612046748865396, 5592038.268343236297369 ], [ 354211.807873565179761, 5592047.13967368286103 ], [ 354216.853038769739214, 5592055.557023301720619 ], [ 354222.698954663705081, 5592063.439328416250646 ], [ 354229.289321881369688, 5592070.710678118281066 ], [ 354236.560671583632939, 5592077.301045335829258 ], [ 354244.44297669804655, 5592083.146961229853332 ], [ 354252.860326317371801, 5592088.192126435227692 ], [ 354261.7316567634698, 5592092.387953250668943 ], [ 354270.971532274561469, 5592095.694033573381603 ], [ 354280.490967798396014, 5592098.078528040088713 ], [ 354290.19828596705338, 5592099.518472666852176 ], [ 354300.0, 5592100.0 ], [ 354300.0, 5592300.0 ], [ 354300.481527332798578, 5592309.801714032888412 ], [ 354301.921471959678456, 5592319.509032201953232 ], [ 354304.30596642679302, 5592329.028467725031078 ], [ 354307.612046748865396, 5592338.268343236297369 ], [ 354311.807873565179761, 5592347.13967368286103 ], [ 354316.853038769739214, 5592355.557023301720619 ], [ 354322.698954663705081, 5592363.439328416250646 ], [ 354329.289321881369688, 5592370.710678118281066 ], [ 354336.560671583632939, 5592377.301045335829258 ], [ 354344.44297669804655, 5592383.146961229853332 ], [ 354352.860326317371801, 5592388.192126435227692 ], [ 354361.7316567634698, 5592392.387953250668943 ], [ 354370.971532274561469, 5592395.694033573381603 ], [ 354380.490967798396014, 5592398.078528040088713 ], [ 354390.19828596705338, 5592399.518472666852176 ], [ 354400.0, 5592400.0 ], [ 354400.0, 5592700.0 ], [ 354390.19828596705338, 5592700.481527333147824 ], [ 354380.490967798396014, 5592701.921471959911287 ], [ 354370.971532274561469, 5592704.305966426618397 ], [ 354361.7316567634698, 5592707.612046749331057 ], [ 354352.860326317371801, 5592711.807873564772308 ], [ 354344.44297669804655, 5592716.853038770146668 ], [ 354336.560671583632939, 5592722.698954664170742 ], [ 354329.289321881369688, 5592729.289321881718934 ], [ 354322.698954663705081, 5592736.560671583749354 ], [ 354316.853038769739214, 5592744.442976698279381 ], [ 354311.807873565179761, 5592752.86032631713897 ], [ 354307.612046748865396, 5592761.731656763702631 ], [ 354304.30596642679302, 5592770.971532274968922 ], [ 354301.921471959678456, 5592780.490967798046768 ], [ 354300.481527332798578, 5592790.198285967111588 ], [ 354300.0, 5592800.0 ], [ 354300.0, 5593000.0 ], [ 354290.19828596705338, 5593000.481527333147824 ], [ 354280.490967798396014, 5593001.921471959911287 ], [ 354270.971532274561469, 5593004.305966426618397 ], [ 354261.7316567634698, 5593007.612046749331057 ], [ 354252.860326317371801, 5593011.807873564772308 ], [ 354244.44297669804655, 5593016.853038770146668 ], [ 354236.560671583632939, 5593022.698954664170742 ], [ 354229.289321881369688, 5593029.289321881718934 ], [ 354222.698954663705081, 5593036.560671583749354 ], [ 354216.853038769739214, 5593044.442976698279381 ], [ 354211.807873565179761, 5593052.86032631713897 ], [ 354207.612046748865396, 5593061.731656763702631 ], [ 354204.30596642679302, 5593070.971532274968922 ], [ 354201.921471959678456, 5593080.490967798046768 ], [ 354200.481527332798578, 5593090.198285967111588 ], [ 354200.0, 5593100.0 ], [ 354200.0, 5593400.0 ], [ 354200.481527332798578, 5593409.801714032888412 ], [ 354201.921471959678456, 5593419.509032201953232 ], [ 354204.30596642679302, 5593429.028467725031078 ], [ 354207.612046748865396, 5593438.268343236297369 ], [ 354211.807873565179761, 5593447.13967368286103 ], [ 354216.853038769739214, 5593455.557023301720619 ], [ 354222.698954663705081, 5593463.439328416250646 ], [ 354229.289321881369688, 5593470.710678118281066 ], [ 354236.560671583632939, 5593477.301045335829258 ], [ 354244.44297669804655, 5593483.146961229853332 ], [ 354252.860326317371801, 5593488.192126435227692 ], [ 354261.7316567634698, 5593492.387953250668943 ], [ 354270.971532274561469, 5593495.694033573381603 ], [ 354280.490967798396014, 5593498.078528040088713 ], [ 354290.19828596705338, 5593499.518472666852176 ], [ 354300.0, 5593500.0 ], [ 354300.481527332798578, 5593509.801714032888412 ], [ 354301.921471959678456, 5593519.509032201953232 ], [ 354304.30596642679302, 5593529.028467725031078 ], [ 354307.612046748865396, 5593538.268343236297369 ], [ 354311.807873565179761, 5593547.13967368286103 ], [ 354316.853038769739214, 5593555.557023301720619 ], [ 354322.698954663705081, 5593563.439328416250646 ], [ 354329.289321881369688, 5593570.710678118281066 ], [ 354336.560671583632939, 5593577.301045335829258 ], [ 354344.44297669804655, 5593583.146961229853332 ], [ 354352.860326317371801, 5593588.192126435227692 ], [ 354361.7316567634698, 5593592.387953250668943 ], [ 354370.971532274561469, 5593595.694033573381603 ], [ 354380.490967798396014, 5593598.078528040088713 ], [ 354390.19828596705338, 5593599.518472666852176 ], [ 354400.0, 5593600.0 ], [ 355200.0, 5593600.0 ], [ 355200.481527332798578, 5593609.801714032888412 ], [ 355201.921471959678456, 5593619.509032201953232 ], [ 355204.30596642679302, 5593629.028467725031078 ], [ 355207.612046748865396, 5593638.268343236297369 ], [ 355211.807873565179761, 5593647.13967368286103 ], [ 355216.853038769739214, 5593655.557023301720619 ], [ 355222.698954663705081, 5593663.439328416250646 ], [ 355229.289321881369688, 5593670.710678118281066 ], [ 355236.560671583632939, 5593677.301045335829258 ], [ 355244.44297669804655, 5593683.146961229853332 ], [ 355252.860326317371801, 5593688.192126435227692 ], [ 355261.7316567634698, 5593692.387953250668943 ], [ 355270.971532274561469, 5593695.694033573381603 ], [ 355280.490967798396014, 5593698.078528040088713 ], [ 355290.19828596705338, 5593699.518472666852176 ], [ 355300.0, 5593700.0 ], [ 355300.481527332798578, 5593709.801714032888412 ], [ 355301.921471959678456, 5593719.509032201953232 ], [ 355304.30596642679302, 5593729.028467725031078 ], [ 355307.612046748865396, 5593738.268343236297369 ], [ 355311.807873565179761, 5593747.13967368286103 ], [ 355316.853038769739214, 5593755.557023301720619 ], [ 355322.698954663705081, 5593763.439328416250646 ], [ 355329.289321881369688, 5593770.710678118281066 ], [ 355336.560671583632939, 5593777.301045335829258 ], [ 355344.44297669804655, 5593783.146961229853332 ], [ 355352.860326317371801, 5593788.192126435227692 ], [ 355361.7316567634698, 5593792.387953250668943 ], [ 355370.971532274561469, 5593795.694033573381603 ], [ 355380.490967798396014, 5593798.078528040088713 ], [ 355390.19828596705338, 5593799.518472666852176 ], [ 355400.0, 5593800.0 ], [ 355400.0, 5593900.0 ], [ 355400.481527332798578, 5593909.801714032888412 ], [ 355401.921471959678456, 5593919.509032201953232 ], [ 355404.30596642679302, 5593929.028467725031078 ], [ 355407.612046748865396, 5593938.268343236297369 ], [ 355411.807873565179761, 5593947.13967368286103 ], [ 355416.853038769739214, 5593955.557023301720619 ], [ 355422.698954663705081, 5593963.439328416250646 ], [ 355429.289321881369688, 5593970.710678118281066 ], [ 355436.560671583632939, 5593977.301045335829258 ], [ 355444.44297669804655, 5593983.146961229853332 ], [ 355452.860326317371801, 5593988.192126435227692 ], [ 355461.7316567634698, 5593992.387953250668943 ], [ 355470.971532274561469, 5593995.694033573381603 ], [ 355480.490967798396014, 5593998.078528040088713 ], [ 355490.19828596705338, 5593999.518472666852176 ], [ 355500.0, 5594000.0 ], [ 355500.481527332798578, 5594009.801714032888412 ], [ 355501.921471959678456, 5594019.509032201953232 ], [ 355504.30596642679302, 5594029.028467725031078 ], [ 355507.612046748865396, 5594038.268343236297369 ], [ 355511.807873565179761, 5594047.13967368286103 ], [ 355516.853038769739214, 5594055.557023301720619 ], [ 355522.698954663705081, 5594063.439328416250646 ], [ 355529.289321881369688, 5594070.710678118281066 ], [ 355536.560671583632939, 5594077.301045335829258 ], [ 355544.44297669804655, 5594083.146961229853332 ], [ 355552.860326317371801, 5594088.192126435227692 ], [ 355561.7316567634698, 5594092.387953250668943 ], [ 355570.971532274561469, 5594095.694033573381603 ], [ 355580.490967798396014, 5594098.078528040088713 ], [ 355590.19828596705338, 5594099.518472666852176 ], [ 355600.0, 5594100.0 ], [ 355600.481527332798578, 5594109.801714032888412 ], [ 355601.921471959678456, 5594119.509032201953232 ], [ 355604.30596642679302, 5594129.028467725031078 ], [ 355607.612046748865396, 5594138.268343236297369 ], [ 355611.807873565179761, 5594147.13967368286103 ], [ 355616.853038769739214, 5594155.557023301720619 ], [ 355622.698954663705081, 5594163.439328416250646 ], [ 355629.289321881369688, 5594170.710678118281066 ], [ 355636.560671583632939, 5594177.301045335829258 ], [ 355644.44297669804655, 5594183.146961229853332 ], [ 355652.860326317371801, 5594188.192126435227692 ], [ 355661.7316567634698, 5594192.387953250668943 ], [ 355670.971532274561469, 5594195.694033573381603 ], [ 355680.490967798396014, 5594198.078528040088713 ], [ 355690.19828596705338, 5594199.518472666852176 ], [ 355700.0, 5594200.0 ], [ 355900.0, 5594200.0 ], [ 355900.481527332798578, 5594209.801714032888412 ], [ 355901.921471959678456, 5594219.509032201953232 ], [ 355904.30596642679302, 5594229.028467725031078 ], [ 355907.612046748865396, 5594238.268343236297369 ], [ 355911.807873565179761, 5594247.13967368286103 ], [ 355916.853038769739214, 5594255.557023301720619 ], [ 355922.698954663705081, 5594263.439328416250646 ], [ 355929.289321881369688, 5594270.710678118281066 ], [ 355936.560671583632939, 5594277.301045335829258 ], [ 355944.44297669804655, 5594283.146961229853332 ], [ 355952.860326317371801, 5594288.192126435227692 ], [ 355961.7316567634698, 5594292.387953250668943 ], [ 355970.971532274561469, 5594295.694033573381603 ], [ 355980.490967798396014, 5594298.078528040088713 ], [ 355990.19828596705338, 5594299.518472666852176 ], [ 356000.0, 5594300.0 ], [ 356000.0, 5594400.0 ], [ 356000.481527332798578, 5594409.801714032888412 ], [ 356001.921471959678456, 5594419.509032201953232 ], [ 356004.30596642679302, 5594429.028467725031078 ], [ 356007.612046748865396, 5594438.268343236297369 ], [ 356011.807873565179761, 5594447.13967368286103 ], [ 356016.853038769739214, 5594455.557023301720619 ], [ 356022.698954663705081, 5594463.439328416250646 ], [ 356029.289321881369688, 5594470.710678118281066 ], [ 356036.560671583632939, 5594477.301045335829258 ], [ 356044.44297669804655, 5594483.146961229853332 ], [ 356052.860326317371801, 5594488.192126435227692 ], [ 356061.7316567634698, 5594492.387953250668943 ], [ 356070.971532274561469, 5594495.694033573381603 ], [ 356080.490967798396014, 5594498.078528040088713 ], [ 356090.19828596705338, 5594499.518472666852176 ], [ 356100.0, 5594500.0 ], [ 356000.0, 5594500.0 ], [ 355990.19828596705338, 5594500.481527333147824 ], [ 355980.490967798396014, 5594501.921471959911287 ], [ 355970.971532274561469, 5594504.305966426618397 ], [ 355961.7316567634698, 5594507.612046749331057 ], [ 355952.860326317371801, 5594511.807873564772308 ], [ 355944.44297669804655, 5594516.853038770146668 ], [ 355936.560671583632939, 5594522.698954664170742 ], [ 355929.289321881369688, 5594529.289321881718934 ], [ 355922.698954663705081, 5594536.560671583749354 ], [ 355916.853038769739214, 5594544.442976698279381 ], [ 355911.807873565179761, 5594552.86032631713897 ], [ 355907.612046748865396, 5594561.731656763702631 ], [ 355904.30596642679302, 5594570.971532274968922 ], [ 355901.921471959678456, 5594580.490967798046768 ], [ 355900.481527332798578, 5594590.198285967111588 ], [ 355900.0, 5594600.0 ], [ 355900.0, 5594900.0 ], [ 355890.19828596705338, 5594900.481527333147824 ], [ 355880.490967798396014, 5594901.921471959911287 ], [ 355870.971532274561469, 5594904.305966426618397 ], [ 355861.7316567634698, 5594907.612046749331057 ], [ 355852.860326317371801, 5594911.807873564772308 ], [ 355844.44297669804655, 5594916.853038770146668 ], [ 355836.560671583632939, 5594922.698954664170742 ], [ 355829.289321881369688, 5594929.289321881718934 ], [ 355822.698954663705081, 5594936.560671583749354 ], [ 355816.853038769739214, 5594944.442976698279381 ], [ 355811.807873565179761, 5594952.86032631713897 ], [ 355807.612046748865396, 5594961.731656763702631 ], [ 355804.30596642679302, 5594970.971532274968922 ], [ 355801.921471959678456, 5594980.490967798046768 ], [ 355800.481527332798578, 5594990.198285967111588 ], [ 355800.0, 5595000.0 ], [ 355800.0, 5595200.0 ], [ 355800.481527332798578, 5595209.801714032888412 ], [ 355801.921471959678456, 5595219.509032201953232 ], [ 355804.30596642679302, 5595229.028467725031078 ], [ 355807.612046748865396, 5595238.268343236297369 ], [ 355811.807873565179761, 5595247.13967368286103 ], [ 355816.853038769739214, 5595255.557023301720619 ], [ 355822.698954663705081, 5595263.439328416250646 ], [ 355829.289321881369688, 5595270.710678118281066 ], [ 355836.560671583632939, 5595277.301045335829258 ], [ 355844.44297669804655, 5595283.146961229853332 ], [ 355852.860326317371801, 5595288.192126435227692 ], [ 355861.7316567634698, 5595292.387953250668943 ], [ 355870.971532274561469, 5595295.694033573381603 ], [ 355880.490967798396014, 5595298.078528040088713 ], [ 355890.19828596705338, 5595299.518472666852176 ], [ 355900.0, 5595300.0 ], [ 355900.481527332798578, 5595309.801714032888412 ], [ 355901.921471959678456, 5595319.509032201953232 ], [ 355904.30596642679302, 5595329.028467725031078 ], [ 355907.612046748865396, 5595338.268343236297369 ], [ 355911.807873565179761, 5595347.13967368286103 ], [ 355916.853038769739214, 5595355.557023301720619 ], [ 355922.698954663705081, 5595363.439328416250646 ], [ 355929.289321881369688, 5595370.710678118281066 ], [ 355936.560671583632939, 5595377.301045335829258 ], [ 355944.44297669804655, 5595383.146961229853332 ], [ 355952.860326317371801, 5595388.192126435227692 ], [ 355961.7316567634698, 5595392.387953250668943 ], [ 355970.971532274561469, 5595395.694033573381603 ], [ 355980.490967798396014, 5595398.078528040088713 ], [ 355990.19828596705338, 5595399.518472666852176 ], [ 356000.0, 5595400.0 ], [ 356100.0, 5595400.0 ], [ 356100.481527332798578, 5595409.801714032888412 ], [ 356101.921471959678456, 5595419.509032201953232 ], [ 356104.30596642679302, 5595429.028467725031078 ], [ 356107.612046748865396, 5595438.268343236297369 ], [ 356111.807873565179761, 5595447.13967368286103 ], [ 356116.853038769739214, 5595455.557023301720619 ], [ 356122.698954663705081, 5595463.439328416250646 ], [ 356129.289321881369688, 5595470.710678118281066 ], [ 356136.560671583632939, 5595477.301045335829258 ], [ 356144.44297669804655, 5595483.146961229853332 ], [ 356152.860326317371801, 5595488.192126435227692 ], [ 356161.7316567634698, 5595492.387953250668943 ], [ 356170.971532274561469, 5595495.694033573381603 ], [ 356180.490967798396014, 5595498.078528040088713 ], [ 356190.19828596705338, 5595499.518472666852176 ], [ 356200.0, 5595500.0 ], [ 356400.0, 5595500.0 ], [ 356400.481527332798578, 5595509.801714032888412 ], [ 356401.921471959678456, 5595519.509032201953232 ], [ 356404.30596642679302, 5595529.028467725031078 ], [ 356407.612046748865396, 5595538.268343236297369 ], [ 356411.807873565179761, 5595547.13967368286103 ], [ 356416.853038769739214, 5595555.557023301720619 ], [ 356422.698954663705081, 5595563.439328416250646 ], [ 356429.289321881369688, 5595570.710678118281066 ], [ 356436.560671583632939, 5595577.301045335829258 ], [ 356444.44297669804655, 5595583.146961229853332 ], [ 356452.860326317371801, 5595588.192126435227692 ], [ 356461.7316567634698, 5595592.387953250668943 ], [ 356470.971532274561469, 5595595.694033573381603 ], [ 356480.490967798396014, 5595598.078528040088713 ], [ 356490.19828596705338, 5595599.518472666852176 ], [ 356500.0, 5595600.0 ], [ 356500.481527332798578, 5595609.801714032888412 ], [ 356501.921471959678456, 5595619.509032201953232 ], [ 356504.30596642679302, 5595629.028467725031078 ], [ 356507.612046748865396, 5595638.268343236297369 ], [ 356511.807873565179761, 5595647.13967368286103 ], [ 356516.853038769739214, 5595655.557023301720619 ], [ 356522.698954663705081, 5595663.439328416250646 ], [ 356529.289321881369688, 5595670.710678118281066 ], [ 356536.560671583632939, 5595677.301045335829258 ], [ 356544.44297669804655, 5595683.146961229853332 ], [ 356552.860326317371801, 5595688.192126435227692 ], [ 356561.7316567634698, 5595692.387953250668943 ], [ 356570.971532274561469, 5595695.694033573381603 ], [ 356580.490967798396014, 5595698.078528040088713 ], [ 356590.19828596705338, 5595699.518472666852176 ], [ 356600.0, 5595700.0 ], [ 356800.0, 5595700.0 ], [ 356790.19828596705338, 5595700.481527333147824 ], [ 356780.490967798396014, 5595701.921471959911287 ], [ 356770.971532274561469, 5595704.305966426618397 ], [ 356761.7316567634698, 5595707.612046749331057 ], [ 356752.860326317371801, 5595711.807873564772308 ], [ 356744.44297669804655, 5595716.853038770146668 ], [ 356736.560671583632939, 5595722.698954664170742 ], [ 356729.289321881369688, 5595729.289321881718934 ], [ 356722.698954663705081, 5595736.560671583749354 ], [ 356716.853038769739214, 5595744.442976698279381 ], [ 356711.807873565179761, 5595752.86032631713897 ], [ 356707.612046748865396, 5595761.731656763702631 ], [ 356704.30596642679302, 5595770.971532274968922 ], [ 356701.921471959678456, 5595780.490967798046768 ], [ 356700.481527332798578, 5595790.198285967111588 ], [ 356700.0, 5595800.0 ], [ 356690.19828596705338, 5595800.481527333147824 ], [ 356680.490967798396014, 5595801.921471959911287 ], [ 356670.971532274561469, 5595804.305966426618397 ], [ 356661.7316567634698, 5595807.612046749331057 ], [ 356652.860326317371801, 5595811.807873564772308 ], [ 356644.44297669804655, 5595816.853038770146668 ], [ 356636.560671583632939, 5595822.698954664170742 ], [ 356629.289321881369688, 5595829.289321881718934 ], [ 356622.698954663705081, 5595836.560671583749354 ], [ 356616.853038769739214, 5595844.442976698279381 ], [ 356611.807873565179761, 5595852.86032631713897 ], [ 356607.612046748865396, 5595861.731656763702631 ], [ 356604.30596642679302, 5595870.971532274968922 ], [ 356601.921471959678456, 5595880.490967798046768 ], [ 356600.481527332798578, 5595890.198285967111588 ], [ 356600.0, 5595900.0 ], [ 356600.0, 5596000.0 ], [ 356590.19828596705338, 5596000.481527333147824 ], [ 356580.490967798396014, 5596001.921471959911287 ], [ 356570.971532274561469, 5596004.305966426618397 ], [ 356561.7316567634698, 5596007.612046749331057 ], [ 356552.860326317371801, 5596011.807873564772308 ], [ 356544.44297669804655, 5596016.853038770146668 ], [ 356536.560671583632939, 5596022.698954664170742 ], [ 356529.289321881369688, 5596029.289321881718934 ], [ 356522.698954663705081, 5596036.560671583749354 ], [ 356516.853038769739214, 5596044.442976698279381 ], [ 356511.807873565179761, 5596052.86032631713897 ], [ 356507.612046748865396, 5596061.731656763702631 ], [ 356504.30596642679302, 5596070.971532274968922 ], [ 356501.921471959678456, 5596080.490967798046768 ], [ 356500.481527332798578, 5596090.198285967111588 ], [ 356500.0, 5596100.0 ], [ 356500.0, 5597000.0 ], [ 356490.19828596705338, 5597000.481527333147824 ], [ 356480.490967798396014, 5597001.921471959911287 ], [ 356470.971532274561469, 5597004.305966426618397 ], [ 356461.7316567634698, 5597007.612046749331057 ], [ 356452.860326317371801, 5597011.807873564772308 ], [ 356444.44297669804655, 5597016.853038770146668 ], [ 356436.560671583632939, 5597022.698954664170742 ], [ 356429.289321881369688, 5597029.289321881718934 ], [ 356422.698954663705081, 5597036.560671583749354 ], [ 356416.853038769739214, 5597044.442976698279381 ], [ 356411.807873565179761, 5597052.86032631713897 ], [ 356407.612046748865396, 5597061.731656763702631 ], [ 356404.30596642679302, 5597070.971532274968922 ], [ 356401.921471959678456, 5597080.490967798046768 ], [ 356400.481527332798578, 5597090.198285967111588 ], [ 356400.0, 5597100.0 ], [ 356399.518472667201422, 5597090.198285967111588 ], [ 356398.078528040321544, 5597080.490967798046768 ], [ 356395.69403357320698, 5597070.971532274968922 ], [ 356392.387953251134604, 5597061.731656763702631 ], [ 356388.192126434820239, 5597052.86032631713897 ], [ 356383.146961230260786, 5597044.442976698279381 ], [ 356377.301045336294919, 5597036.560671583749354 ], [ 356370.710678118630312, 5597029.289321881718934 ], [ 356363.439328416367061, 5597022.698954664170742 ], [ 356355.55702330195345, 5597016.853038770146668 ], [ 356347.139673682628199, 5597011.807873564772308 ], [ 356338.2683432365302, 5597007.612046749331057 ], [ 356329.028467725438531, 5597004.305966426618397 ], [ 356319.509032201603986, 5597001.921471959911287 ], [ 356309.80171403294662, 5597000.481527333147824 ], [ 356300.0, 5597000.0 ], [ 356200.0, 5597000.0 ], [ 356190.19828596705338, 5597000.481527333147824 ], [ 356180.490967798396014, 5597001.921471959911287 ], [ 356170.971532274561469, 5597004.305966426618397 ], [ 356161.7316567634698, 5597007.612046749331057 ], [ 356152.860326317371801, 5597011.807873564772308 ], [ 356144.44297669804655, 5597016.853038770146668 ], [ 356136.560671583632939, 5597022.698954664170742 ], [ 356129.289321881369688, 5597029.289321881718934 ], [ 356122.698954663705081, 5597036.560671583749354 ], [ 356116.853038769739214, 5597044.442976698279381 ], [ 356111.807873565179761, 5597052.86032631713897 ], [ 356107.612046748865396, 5597061.731656763702631 ], [ 356104.30596642679302, 5597070.971532274968922 ], [ 356101.921471959678456, 5597080.490967798046768 ], [ 356100.481527332798578, 5597090.198285967111588 ], [ 356100.0, 5597100.0 ], [ 356099.518472667201422, 5597090.198285967111588 ], [ 356098.078528040321544, 5597080.490967798046768 ], [ 356095.69403357320698, 5597070.971532274968922 ], [ 356092.387953251134604, 5597061.731656763702631 ], [ 356088.192126434820239, 5597052.86032631713897 ], [ 356083.146961230260786, 5597044.442976698279381 ], [ 356077.301045336294919, 5597036.560671583749354 ], [ 356070.710678118630312, 5597029.289321881718934 ], [ 356063.439328416367061, 5597022.698954664170742 ], [ 356055.55702330195345, 5597016.853038770146668 ], [ 356047.139673682628199, 5597011.807873564772308 ], [ 356038.2683432365302, 5597007.612046749331057 ], [ 356029.028467725438531, 5597004.305966426618397 ], [ 356019.509032201603986, 5597001.921471959911287 ], [ 356009.80171403294662, 5597000.481527333147824 ], [ 356000.0, 5597000.0 ], [ 355800.0, 5597000.0 ], [ 355790.19828596705338, 5597000.481527333147824 ], [ 355780.490967798396014, 5597001.921471959911287 ], [ 355770.971532274561469, 5597004.305966426618397 ], [ 355761.7316567634698, 5597007.612046749331057 ], [ 355752.860326317371801, 5597011.807873564772308 ], [ 355744.44297669804655, 5597016.853038770146668 ], [ 355736.560671583632939, 5597022.698954664170742 ], [ 355729.289321881369688, 5597029.289321881718934 ], [ 355722.698954663705081, 5597036.560671583749354 ], [ 355716.853038769739214, 5597044.442976698279381 ], [ 355711.807873565179761, 5597052.86032631713897 ], [ 355707.612046748865396, 5597061.731656763702631 ], [ 355704.30596642679302, 5597070.971532274968922 ], [ 355701.921471959678456, 5597080.490967798046768 ], [ 355700.481527332798578, 5597090.198285967111588 ], [ 355700.0, 5597100.0 ], [ 355700.0, 5597300.0 ], [ 355700.481527332798578, 5597309.801714032888412 ], [ 355701.921471959678456, 5597319.509032201953232 ], [ 355704.30596642679302, 5597329.028467725031078 ], [ 355707.612046748865396, 5597338.268343236297369 ], [ 355711.807873565179761, 5597347.13967368286103 ], [ 355716.853038769739214, 5597355.557023301720619 ], [ 355722.698954663705081, 5597363.439328416250646 ], [ 355729.289321881369688, 5597370.710678118281066 ], [ 355736.560671583632939, 5597377.301045335829258 ], [ 355744.44297669804655, 5597383.146961229853332 ], [ 355752.860326317371801, 5597388.192126435227692 ], [ 355761.7316567634698, 5597392.387953250668943 ], [ 355770.971532274561469, 5597395.694033573381603 ], [ 355780.490967798396014, 5597398.078528040088713 ], [ 355790.19828596705338, 5597399.518472666852176 ], [ 355800.0, 5597400.0 ], [ 355800.481527332798578, 5597409.801714032888412 ], [ 355801.921471959678456, 5597419.509032201953232 ], [ 355804.30596642679302, 5597429.028467725031078 ], [ 355807.612046748865396, 5597438.268343236297369 ], [ 355811.807873565179761, 5597447.13967368286103 ], [ 355813.522287182568107, 5597450.0 ], [ 355811.807873565179761, 5597452.86032631713897 ], [ 355807.612046748865396, 5597461.731656763702631 ], [ 355804.30596642679302, 5597470.971532274968922 ], [ 355801.921471959678456, 5597480.490967798046768 ], [ 355800.481527332798578, 5597490.198285967111588 ], [ 355800.0, 5597500.0 ], [ 355800.0, 5597700.0 ], [ 355800.481527332798578, 5597709.801714032888412 ], [ 355801.921471959678456, 5597719.509032201953232 ], [ 355804.30596642679302, 5597729.028467725031078 ], [ 355807.612046748865396, 5597738.268343236297369 ], [ 355811.807873565179761, 5597747.13967368286103 ], [ 355816.853038769739214, 5597755.557023301720619 ], [ 355822.698954663705081, 5597763.439328416250646 ], [ 355829.289321881369688, 5597770.710678118281066 ], [ 355836.560671583632939, 5597777.301045335829258 ], [ 355844.44297669804655, 5597783.146961229853332 ], [ 355852.860326317371801, 5597788.192126435227692 ], [ 355861.7316567634698, 5597792.387953250668943 ], [ 355870.971532274561469, 5597795.694033573381603 ], [ 355880.490967798396014, 5597798.078528040088713 ], [ 355890.19828596705338, 5597799.518472666852176 ], [ 355900.0, 5597800.0 ], [ 356000.0, 5597800.0 ], [ 356009.80171403294662, 5597799.518472666852176 ], [ 356019.509032201603986, 5597798.078528040088713 ], [ 356029.028467725438531, 5597795.694033573381603 ], [ 356038.2683432365302, 5597792.387953250668943 ], [ 356047.139673682628199, 5597788.192126435227692 ], [ 356055.55702330195345, 5597783.146961229853332 ], [ 356063.439328416367061, 5597777.301045335829258 ], [ 356070.710678118630312, 5597770.710678118281066 ], [ 356077.301045336294919, 5597763.439328416250646 ], [ 356083.146961230260786, 5597755.557023301720619 ], [ 356088.192126434820239, 5597747.13967368286103 ], [ 356092.387953251134604, 5597738.268343236297369 ], [ 356095.69403357320698, 5597729.028467725031078 ], [ 356098.078528040321544, 5597719.509032201953232 ], [ 356099.518472667201422, 5597709.801714032888412 ], [ 356100.0, 5597700.0 ], [ 356100.0, 5597500.0 ], [ 356100.481527332798578, 5597509.801714032888412 ], [ 356101.921471959678456, 5597519.509032201953232 ], [ 356104.30596642679302, 5597529.028467725031078 ], [ 356107.612046748865396, 5597538.268343236297369 ], [ 356111.807873565179761, 5597547.13967368286103 ], [ 356116.853038769739214, 5597555.557023301720619 ], [ 356122.698954663705081, 5597563.439328416250646 ], [ 356129.289321881369688, 5597570.710678118281066 ], [ 356136.560671583632939, 5597577.301045335829258 ], [ 356144.44297669804655, 5597583.146961229853332 ], [ 356152.860326317371801, 5597588.192126435227692 ], [ 356161.7316567634698, 5597592.387953250668943 ], [ 356170.971532274561469, 5597595.694033573381603 ], [ 356180.490967798396014, 5597598.078528040088713 ], [ 356190.19828596705338, 5597599.518472666852176 ], [ 356200.0, 5597600.0 ], [ 356800.0, 5597600.0 ], [ 356800.481527332798578, 5597609.801714032888412 ], [ 356801.921471959678456, 5597619.509032201953232 ], [ 356804.30596642679302, 5597629.028467725031078 ], [ 356807.612046748865396, 5597638.268343236297369 ], [ 356811.807873565179761, 5597647.13967368286103 ], [ 356816.853038769739214, 5597655.557023301720619 ], [ 356822.698954663705081, 5597663.439328416250646 ], [ 356829.289321881369688, 5597670.710678118281066 ], [ 356836.560671583632939, 5597677.301045335829258 ], [ 356844.44297669804655, 5597683.146961229853332 ], [ 356852.860326317371801, 5597688.192126435227692 ], [ 356861.7316567634698, 5597692.387953250668943 ], [ 356870.971532274561469, 5597695.694033573381603 ], [ 356880.490967798396014, 5597698.078528040088713 ], [ 356890.19828596705338, 5597699.518472666852176 ], [ 356900.0, 5597700.0 ], [ 357000.0, 5597700.0 ], [ 356990.19828596705338, 5597700.481527333147824 ], [ 356980.490967798396014, 5597701.921471959911287 ], [ 356970.971532274561469, 5597704.305966426618397 ], [ 356961.7316567634698, 5597707.612046749331057 ], [ 356952.860326317371801, 5597711.807873564772308 ], [ 356944.44297669804655, 5597716.853038770146668 ], [ 356936.560671583632939, 5597722.698954664170742 ], [ 356929.289321881369688, 5597729.289321881718934 ], [ 356922.698954663705081, 5597736.560671583749354 ], [ 356916.853038769739214, 5597744.442976698279381 ], [ 356911.807873565179761, 5597752.86032631713897 ], [ 356907.612046748865396, 5597761.731656763702631 ], [ 356904.30596642679302, 5597770.971532274968922 ], [ 356901.921471959678456, 5597780.490967798046768 ], [ 356900.481527332798578, 5597790.198285967111588 ], [ 356900.0, 5597800.0 ], [ 356900.0, 5598100.0 ], [ 356900.481527332798578, 5598109.801714032888412 ], [ 356901.921471959678456, 5598119.509032201953232 ], [ 356904.30596642679302, 5598129.028467725031078 ], [ 356907.612046748865396, 5598138.268343236297369 ], [ 356911.807873565179761, 5598147.13967368286103 ], [ 356916.853038769739214, 5598155.557023301720619 ], [ 356922.698954663705081, 5598163.439328416250646 ], [ 356929.289321881369688, 5598170.710678118281066 ], [ 356936.560671583632939, 5598177.301045335829258 ], [ 356944.44297669804655, 5598183.146961229853332 ], [ 356952.860326317371801, 5598188.192126435227692 ], [ 356961.7316567634698, 5598192.387953250668943 ], [ 356970.971532274561469, 5598195.694033573381603 ], [ 356980.490967798396014, 5598198.078528040088713 ], [ 356990.19828596705338, 5598199.518472666852176 ], [ 357000.0, 5598200.0 ], [ 357500.0, 5598200.0 ], [ 357509.80171403294662, 5598199.518472666852176 ], [ 357519.509032201603986, 5598198.078528040088713 ], [ 357529.028467725438531, 5598195.694033573381603 ], [ 357538.2683432365302, 5598192.387953250668943 ], [ 357547.139673682628199, 5598188.192126435227692 ], [ 357555.55702330195345, 5598183.146961229853332 ], [ 357563.439328416367061, 5598177.301045335829258 ], [ 357570.710678118630312, 5598170.710678118281066 ], [ 357577.301045336294919, 5598163.439328416250646 ], [ 357583.146961230260786, 5598155.557023301720619 ], [ 357588.192126434820239, 5598147.13967368286103 ], [ 357592.387953251134604, 5598138.268343236297369 ], [ 357595.69403357320698, 5598129.028467725031078 ], [ 357598.078528040321544, 5598119.509032201953232 ], [ 357599.518472667201422, 5598109.801714032888412 ], [ 357600.0, 5598100.0 ], [ 357800.0, 5598100.0 ], [ 357800.0, 5598200.0 ], [ 357800.481527332798578, 5598209.801714032888412 ], [ 357801.921471959678456, 5598219.509032201953232 ], [ 357804.30596642679302, 5598229.028467725031078 ], [ 357807.612046748865396, 5598238.268343236297369 ], [ 357811.807873565179761, 5598247.13967368286103 ], [ 357816.853038769739214, 5598255.557023301720619 ], [ 357822.698954663705081, 5598263.439328416250646 ], [ 357829.289321881369688, 5598270.710678118281066 ], [ 357836.560671583632939, 5598277.301045335829258 ], [ 357844.44297669804655, 5598283.146961229853332 ], [ 357852.860326317371801, 5598288.192126435227692 ], [ 357861.7316567634698, 5598292.387953250668943 ], [ 357870.971532274561469, 5598295.694033573381603 ], [ 357880.490967798396014, 5598298.078528040088713 ], [ 357890.19828596705338, 5598299.518472666852176 ], [ 357900.0, 5598300.0 ], [ 357900.481527332798578, 5598309.801714032888412 ], [ 357901.921471959678456, 5598319.509032201953232 ], [ 357904.30596642679302, 5598329.028467725031078 ], [ 357907.612046748865396, 5598338.268343236297369 ], [ 357911.807873565179761, 5598347.13967368286103 ], [ 357916.853038769739214, 5598355.557023301720619 ], [ 357922.698954663705081, 5598363.439328416250646 ], [ 357929.289321881369688, 5598370.710678118281066 ], [ 357936.560671583632939, 5598377.301045335829258 ], [ 357944.44297669804655, 5598383.146961229853332 ], [ 357952.860326317371801, 5598388.192126435227692 ], [ 357961.7316567634698, 5598392.387953250668943 ], [ 357970.971532274561469, 5598395.694033573381603 ], [ 357980.490967798396014, 5598398.078528040088713 ], [ 357990.19828596705338, 5598399.518472666852176 ], [ 358000.0, 5598400.0 ], [ 358000.481527332798578, 5598409.801714032888412 ], [ 358001.921471959678456, 5598419.509032201953232 ], [ 358004.30596642679302, 5598429.028467725031078 ], [ 358007.612046748865396, 5598438.268343236297369 ], [ 358011.807873565179761, 5598447.13967368286103 ], [ 358016.853038769739214, 5598455.557023301720619 ], [ 358022.698954663705081, 5598463.439328416250646 ], [ 358029.289321881369688, 5598470.710678118281066 ], [ 358036.560671583632939, 5598477.301045335829258 ], [ 358044.44297669804655, 5598483.146961229853332 ], [ 358052.860326317371801, 5598488.192126435227692 ], [ 358061.7316567634698, 5598492.387953250668943 ], [ 358070.971532274561469, 5598495.694033573381603 ], [ 358080.490967798396014, 5598498.078528040088713 ], [ 358090.19828596705338, 5598499.518472666852176 ], [ 358100.0, 5598500.0 ], [ 358800.0, 5598500.0 ], [ 358809.80171403294662, 5598499.518472666852176 ], [ 358819.509032201603986, 5598498.078528040088713 ], [ 358829.028467725438531, 5598495.694033573381603 ], [ 358838.2683432365302, 5598492.387953250668943 ], [ 358847.139673682628199, 5598488.192126435227692 ], [ 358855.55702330195345, 5598483.146961229853332 ], [ 358863.439328416367061, 5598477.301045335829258 ], [ 358870.710678118630312, 5598470.710678118281066 ], [ 358877.301045336294919, 5598463.439328416250646 ], [ 358883.146961230260786, 5598455.557023301720619 ], [ 358888.192126434820239, 5598447.13967368286103 ], [ 358892.387953251134604, 5598438.268343236297369 ], [ 358895.69403357320698, 5598429.028467725031078 ], [ 358898.078528040321544, 5598419.509032201953232 ], [ 358899.518472667201422, 5598409.801714032888412 ], [ 358900.0, 5598400.0 ], [ 358900.0, 5598300.0 ], [ 358909.80171403294662, 5598299.518472666852176 ], [ 358919.509032201603986, 5598298.078528040088713 ], [ 358929.028467725438531, 5598295.694033573381603 ], [ 358938.2683432365302, 5598292.387953250668943 ], [ 358947.139673682628199, 5598288.192126435227692 ], [ 358955.55702330195345, 5598283.146961229853332 ], [ 358963.439328416367061, 5598277.301045335829258 ], [ 358970.710678118630312, 5598270.710678118281066 ], [ 358977.301045336294919, 5598263.439328416250646 ], [ 358983.146961230260786, 5598255.557023301720619 ], [ 358988.192126434820239, 5598247.13967368286103 ], [ 358992.387953251134604, 5598238.268343236297369 ], [ 358995.69403357320698, 5598229.028467725031078 ], [ 358998.078528040321544, 5598219.509032201953232 ], [ 358999.518472667201422, 5598209.801714032888412 ], [ 359000.0, 5598200.0 ], [ 359100.0, 5598200.0 ], [ 359109.80171403294662, 5598199.518472666852176 ], [ 359119.509032201603986, 5598198.078528040088713 ], [ 359129.028467725438531, 5598195.694033573381603 ], [ 359138.2683432365302, 5598192.387953250668943 ], [ 359147.139673682628199, 5598188.192126435227692 ], [ 359155.55702330195345, 5598183.146961229853332 ], [ 359163.439328416367061, 5598177.301045335829258 ], [ 359170.710678118630312, 5598170.710678118281066 ], [ 359177.301045336294919, 5598163.439328416250646 ], [ 359183.146961230260786, 5598155.557023301720619 ], [ 359188.192126434820239, 5598147.13967368286103 ], [ 359192.387953251134604, 5598138.268343236297369 ], [ 359195.69403357320698, 5598129.028467725031078 ], [ 359198.078528040321544, 5598119.509032201953232 ], [ 359199.518472667201422, 5598109.801714032888412 ], [ 359200.0, 5598100.0 ], [ 359300.0, 5598100.0 ], [ 359300.481527332798578, 5598109.801714032888412 ], [ 359301.921471959678456, 5598119.509032201953232 ], [ 359304.30596642679302, 5598129.028467725031078 ], [ 359307.612046748865396, 5598138.268343236297369 ], [ 359311.807873565179761, 5598147.13967368286103 ], [ 359316.853038769739214, 5598155.557023301720619 ], [ 359322.698954663705081, 5598163.439328416250646 ], [ 359329.289321881369688, 5598170.710678118281066 ], [ 359336.560671583632939, 5598177.301045335829258 ], [ 359344.44297669804655, 5598183.146961229853332 ], [ 359352.860326317371801, 5598188.192126435227692 ], [ 359361.7316567634698, 5598192.387953250668943 ], [ 359370.971532274561469, 5598195.694033573381603 ], [ 359380.490967798396014, 5598198.078528040088713 ], [ 359390.19828596705338, 5598199.518472666852176 ], [ 359400.0, 5598200.0 ], [ 359500.0, 5598200.0 ], [ 359500.481527332798578, 5598209.801714032888412 ], [ 359501.921471959678456, 5598219.509032201953232 ], [ 359504.30596642679302, 5598229.028467725031078 ], [ 359507.612046748865396, 5598238.268343236297369 ], [ 359511.807873565179761, 5598247.13967368286103 ], [ 359513.522287182568107, 5598250.0 ], [ 359511.807873565179761, 5598252.86032631713897 ], [ 359507.612046748865396, 5598261.731656763702631 ], [ 359504.30596642679302, 5598270.971532274968922 ], [ 359501.921471959678456, 5598280.490967798046768 ], [ 359500.481527332798578, 5598290.198285967111588 ], [ 359500.0, 5598300.0 ], [ 359500.0, 5598600.0 ], [ 359500.481527332798578, 5598609.801714032888412 ], [ 359501.921471959678456, 5598619.509032201953232 ], [ 359504.30596642679302, 5598629.028467725031078 ], [ 359507.612046748865396, 5598638.268343236297369 ], [ 359511.807873565179761, 5598647.13967368286103 ], [ 359516.853038769739214, 5598655.557023301720619 ], [ 359522.698954663705081, 5598663.439328416250646 ], [ 359529.289321881369688, 5598670.710678118281066 ], [ 359536.560671583632939, 5598677.301045335829258 ], [ 359544.44297669804655, 5598683.146961229853332 ], [ 359552.860326317371801, 5598688.192126435227692 ], [ 359561.7316567634698, 5598692.387953250668943 ], [ 359570.971532274561469, 5598695.694033573381603 ], [ 359580.490967798396014, 5598698.078528040088713 ], [ 359590.19828596705338, 5598699.518472666852176 ], [ 359600.0, 5598700.0 ], [ 359900.0, 5598700.0 ], [ 359900.481527332798578, 5598709.801714032888412 ], [ 359901.921471959678456, 5598719.509032201953232 ], [ 359904.30596642679302, 5598729.028467725031078 ], [ 359907.612046748865396, 5598738.268343236297369 ], [ 359911.807873565179761, 5598747.13967368286103 ], [ 359916.853038769739214, 5598755.557023301720619 ], [ 359922.698954663705081, 5598763.439328416250646 ], [ 359929.289321881369688, 5598770.710678118281066 ], [ 359936.560671583632939, 5598777.301045335829258 ], [ 359944.44297669804655, 5598783.146961229853332 ], [ 359952.860326317371801, 5598788.192126435227692 ], [ 359961.7316567634698, 5598792.387953250668943 ], [ 359970.971532274561469, 5598795.694033573381603 ], [ 359980.490967798396014, 5598798.078528040088713 ], [ 359990.19828596705338, 5598799.518472666852176 ], [ 360000.0, 5598800.0 ], [ 360100.0, 5598800.0 ], [ 360109.80171403294662, 5598799.518472666852176 ], [ 360119.509032201603986, 5598798.078528040088713 ], [ 360129.028467725438531, 5598795.694033573381603 ], [ 360138.2683432365302, 5598792.387953250668943 ], [ 360147.139673682628199, 5598788.192126435227692 ], [ 360155.55702330195345, 5598783.146961229853332 ], [ 360163.439328416367061, 5598777.301045335829258 ], [ 360170.710678118630312, 5598770.710678118281066 ], [ 360177.301045336294919, 5598763.439328416250646 ], [ 360183.146961230260786, 5598755.557023301720619 ], [ 360188.192126434820239, 5598747.13967368286103 ], [ 360192.387953251134604, 5598738.268343236297369 ], [ 360195.69403357320698, 5598729.028467725031078 ], [ 360198.078528040321544, 5598719.509032201953232 ], [ 360199.518472667201422, 5598709.801714032888412 ], [ 360200.0, 5598700.0 ], [ 360209.80171403294662, 5598699.518472666852176 ], [ 360219.509032201603986, 5598698.078528040088713 ], [ 360229.028467725438531, 5598695.694033573381603 ], [ 360238.2683432365302, 5598692.387953250668943 ], [ 360247.139673682628199, 5598688.192126435227692 ], [ 360255.55702330195345, 5598683.146961229853332 ], [ 360263.439328416367061, 5598677.301045335829258 ], [ 360270.710678118630312, 5598670.710678118281066 ], [ 360277.301045336294919, 5598663.439328416250646 ], [ 360283.146961230260786, 5598655.557023301720619 ], [ 360288.192126434820239, 5598647.13967368286103 ], [ 360292.387953251134604, 5598638.268343236297369 ], [ 360295.69403357320698, 5598629.028467725031078 ], [ 360298.078528040321544, 5598619.509032201953232 ], [ 360299.518472667201422, 5598609.801714032888412 ], [ 360300.0, 5598600.0 ], [ 360300.0, 5598500.0 ], [ 360299.518472667201422, 5598490.198285967111588 ], [ 360298.078528040321544, 5598480.490967798046768 ], [ 360295.69403357320698, 5598470.971532274968922 ], [ 360292.387953251134604, 5598461.731656763702631 ], [ 360288.192126434820239, 5598452.86032631713897 ], [ 360283.146961230260786, 5598444.442976698279381 ], [ 360277.301045336294919, 5598436.560671583749354 ], [ 360270.710678118630312, 5598429.289321881718934 ], [ 360263.439328416367061, 5598422.698954664170742 ], [ 360255.55702330195345, 5598416.853038770146668 ], [ 360247.139673682628199, 5598411.807873564772308 ], [ 360238.2683432365302, 5598407.612046749331057 ], [ 360229.028467725438531, 5598404.305966426618397 ], [ 360219.509032201603986, 5598401.921471959911287 ], [ 360209.80171403294662, 5598400.481527333147824 ], [ 360200.0, 5598400.0 ], [ 360200.0, 5598300.0 ], [ 360209.80171403294662, 5598299.518472666852176 ], [ 360219.509032201603986, 5598298.078528040088713 ], [ 360229.028467725438531, 5598295.694033573381603 ], [ 360238.2683432365302, 5598292.387953250668943 ], [ 360247.139673682628199, 5598288.192126435227692 ], [ 360255.55702330195345, 5598283.146961229853332 ], [ 360263.439328416367061, 5598277.301045335829258 ], [ 360270.710678118630312, 5598270.710678118281066 ], [ 360277.301045336294919, 5598263.439328416250646 ], [ 360283.146961230260786, 5598255.557023301720619 ], [ 360288.192126434820239, 5598247.13967368286103 ], [ 360292.387953251134604, 5598238.268343236297369 ], [ 360295.69403357320698, 5598229.028467725031078 ], [ 360298.078528040321544, 5598219.509032201953232 ], [ 360299.518472667201422, 5598209.801714032888412 ], [ 360300.0, 5598200.0 ], [ 360300.0, 5598100.0 ], [ 360309.80171403294662, 5598099.518472666852176 ], [ 360319.509032201603986, 5598098.078528040088713 ], [ 360329.028467725438531, 5598095.694033573381603 ], [ 360338.2683432365302, 5598092.387953250668943 ], [ 360347.139673682628199, 5598088.192126435227692 ], [ 360355.55702330195345, 5598083.146961229853332 ], [ 360363.439328416367061, 5598077.301045335829258 ], [ 360370.710678118630312, 5598070.710678118281066 ], [ 360377.301045336294919, 5598063.439328416250646 ], [ 360383.146961230260786, 5598055.557023301720619 ], [ 360388.192126434820239, 5598047.13967368286103 ], [ 360392.387953251134604, 5598038.268343236297369 ], [ 360395.69403357320698, 5598029.028467725031078 ], [ 360398.078528040321544, 5598019.509032201953232 ], [ 360399.518472667201422, 5598009.801714032888412 ], [ 360400.0, 5598000.0 ], [ 360409.80171403294662, 5597999.518472666852176 ], [ 360419.509032201603986, 5597998.078528040088713 ], [ 360429.028467725438531, 5597995.694033573381603 ], [ 360438.2683432365302, 5597992.387953250668943 ], [ 360447.139673682628199, 5597988.192126435227692 ], [ 360455.55702330195345, 5597983.146961229853332 ], [ 360463.439328416367061, 5597977.301045335829258 ], [ 360470.710678118630312, 5597970.710678118281066 ], [ 360477.301045336294919, 5597963.439328416250646 ], [ 360483.146961230260786, 5597955.557023301720619 ], [ 360488.192126434820239, 5597947.13967368286103 ], [ 360492.387953251134604, 5597938.268343236297369 ], [ 360495.69403357320698, 5597929.028467725031078 ], [ 360498.078528040321544, 5597919.509032201953232 ], [ 360499.518472667201422, 5597909.801714032888412 ], [ 360500.0, 5597900.0 ], [ 360700.0, 5597900.0 ], [ 360709.80171403294662, 5597899.518472666852176 ], [ 360719.509032201603986, 5597898.078528040088713 ], [ 360729.028467725438531, 5597895.694033573381603 ], [ 360738.2683432365302, 5597892.387953250668943 ], [ 360747.139673682628199, 5597888.192126435227692 ], [ 360755.55702330195345, 5597883.146961229853332 ], [ 360763.439328416367061, 5597877.301045335829258 ], [ 360770.710678118630312, 5597870.710678118281066 ], [ 360777.301045336294919, 5597863.439328416250646 ], [ 360783.146961230260786, 5597855.557023301720619 ], [ 360788.192126434820239, 5597847.13967368286103 ], [ 360792.387953251134604, 5597838.268343236297369 ], [ 360795.69403357320698, 5597829.028467725031078 ], [ 360798.078528040321544, 5597819.509032201953232 ], [ 360799.518472667201422, 5597809.801714032888412 ], [ 360800.0, 5597800.0 ], [ 361000.0, 5597800.0 ], [ 361000.0, 5599200.0 ], [ 361000.481527332798578, 5599209.801714032888412 ], [ 361001.921471959678456, 5599219.509032201953232 ], [ 361004.30596642679302, 5599229.028467725031078 ], [ 361007.612046748865396, 5599238.268343236297369 ], [ 361011.807873565179761, 5599247.13967368286103 ], [ 361016.853038769739214, 5599255.557023301720619 ], [ 361022.698954663705081, 5599263.439328416250646 ], [ 361029.289321881369688, 5599270.710678118281066 ], [ 361036.560671583632939, 5599277.301045335829258 ], [ 361044.44297669804655, 5599283.146961229853332 ], [ 361052.860326317371801, 5599288.192126435227692 ], [ 361061.7316567634698, 5599292.387953250668943 ], [ 361070.971532274561469, 5599295.694033573381603 ], [ 361080.490967798396014, 5599298.078528040088713 ], [ 361090.19828596705338, 5599299.518472666852176 ], [ 361100.0, 5599300.0 ], [ 361100.0, 5599700.0 ], [ 361100.481527332798578, 5599709.801714032888412 ], [ 361101.921471959678456, 5599719.509032201953232 ], [ 361104.30596642679302, 5599729.028467725031078 ], [ 361107.612046748865396, 5599738.268343236297369 ], [ 361111.807873565179761, 5599747.13967368286103 ], [ 361116.853038769739214, 5599755.557023301720619 ], [ 361122.698954663705081, 5599763.439328416250646 ], [ 361129.289321881369688, 5599770.710678118281066 ], [ 361136.560671583632939, 5599777.301045335829258 ], [ 361144.44297669804655, 5599783.146961229853332 ], [ 361152.860326317371801, 5599788.192126435227692 ], [ 361161.7316567634698, 5599792.387953250668943 ], [ 361170.971532274561469, 5599795.694033573381603 ], [ 361180.490967798396014, 5599798.078528040088713 ], [ 361190.19828596705338, 5599799.518472666852176 ], [ 361200.0, 5599800.0 ], [ 361200.481527332798578, 5599809.801714032888412 ], [ 361201.921471959678456, 5599819.509032201953232 ], [ 361204.30596642679302, 5599829.028467725031078 ], [ 361207.612046748865396, 5599838.268343236297369 ], [ 361211.807873565179761, 5599847.13967368286103 ], [ 361216.853038769739214, 5599855.557023301720619 ], [ 361222.698954663705081, 5599863.439328416250646 ], [ 361229.289321881369688, 5599870.710678118281066 ], [ 361236.560671583632939, 5599877.301045335829258 ], [ 361244.44297669804655, 5599883.146961229853332 ], [ 361252.860326317371801, 5599888.192126435227692 ], [ 361261.7316567634698, 5599892.387953250668943 ], [ 361270.971532274561469, 5599895.694033573381603 ], [ 361280.490967798396014, 5599898.078528040088713 ], [ 361290.19828596705338, 5599899.518472666852176 ], [ 361300.0, 5599900.0 ], [ 361300.481527332798578, 5599909.801714032888412 ], [ 361301.921471959678456, 5599919.509032201953232 ], [ 361304.30596642679302, 5599929.028467725031078 ], [ 361307.612046748865396, 5599938.268343236297369 ], [ 361311.807873565179761, 5599947.13967368286103 ], [ 361316.853038769739214, 5599955.557023301720619 ], [ 361322.698954663705081, 5599963.439328416250646 ], [ 361329.289321881369688, 5599970.710678118281066 ], [ 361336.560671583632939, 5599977.301045335829258 ], [ 361344.44297669804655, 5599983.146961229853332 ], [ 361352.860326317371801, 5599988.192126435227692 ], [ 361361.7316567634698, 5599992.387953250668943 ], [ 361370.971532274561469, 5599995.694033573381603 ], [ 361380.490967798396014, 5599998.078528040088713 ], [ 361390.19828596705338, 5599999.518472666852176 ], [ 361400.0, 5600000.0 ], [ 361900.0, 5600000.0 ], [ 361909.80171403294662, 5599999.518472666852176 ], [ 361919.509032201603986, 5599998.078528040088713 ], [ 361929.028467725438531, 5599995.694033573381603 ], [ 361938.2683432365302, 5599992.387953250668943 ], [ 361947.139673682628199, 5599988.192126435227692 ], [ 361955.55702330195345, 5599983.146961229853332 ], [ 361963.439328416367061, 5599977.301045335829258 ], [ 361970.710678118630312, 5599970.710678118281066 ], [ 361977.301045336294919, 5599963.439328416250646 ], [ 361983.146961230260786, 5599955.557023301720619 ], [ 361988.192126434820239, 5599947.13967368286103 ], [ 361992.387953251134604, 5599938.268343236297369 ], [ 361995.69403357320698, 5599929.028467725031078 ], [ 361998.078528040321544, 5599919.509032201953232 ], [ 361999.518472667201422, 5599909.801714032888412 ], [ 362000.0, 5599900.0 ], [ 362100.0, 5599900.0 ], [ 362100.481527332798578, 5599909.801714032888412 ], [ 362101.921471959678456, 5599919.509032201953232 ], [ 362104.30596642679302, 5599929.028467725031078 ], [ 362107.612046748865396, 5599938.268343236297369 ], [ 362111.807873565179761, 5599947.13967368286103 ], [ 362116.853038769739214, 5599955.557023301720619 ], [ 362122.698954663705081, 5599963.439328416250646 ], [ 362129.289321881369688, 5599970.710678118281066 ], [ 362136.560671583632939, 5599977.301045335829258 ], [ 362144.44297669804655, 5599983.146961229853332 ], [ 362152.860326317371801, 5599988.192126435227692 ], [ 362161.7316567634698, 5599992.387953250668943 ], [ 362170.971532274561469, 5599995.694033573381603 ], [ 362180.490967798396014, 5599998.078528040088713 ], [ 362190.19828596705338, 5599999.518472666852176 ], [ 362200.0, 5600000.0 ], [ 362200.481527332798578, 5600009.801714032888412 ], [ 362201.921471959678456, 5600019.509032201953232 ], [ 362204.30596642679302, 5600029.028467725031078 ], [ 362207.612046748865396, 5600038.268343236297369 ], [ 362211.807873565179761, 5600047.13967368286103 ], [ 362216.853038769739214, 5600055.557023301720619 ], [ 362222.698954663705081, 5600063.439328416250646 ], [ 362229.289321881369688, 5600070.710678118281066 ], [ 362236.560671583632939, 5600077.301045335829258 ], [ 362244.44297669804655, 5600083.146961229853332 ], [ 362252.860326317371801, 5600088.192126435227692 ], [ 362261.7316567634698, 5600092.387953250668943 ], [ 362270.971532274561469, 5600095.694033573381603 ], [ 362280.490967798396014, 5600098.078528040088713 ], [ 362290.19828596705338, 5600099.518472666852176 ], [ 362300.0, 5600100.0 ], [ 362500.0, 5600100.0 ], [ 362509.80171403294662, 5600099.518472666852176 ], [ 362519.509032201603986, 5600098.078528040088713 ], [ 362529.028467725438531, 5600095.694033573381603 ], [ 362538.2683432365302, 5600092.387953250668943 ], [ 362547.139673682628199, 5600088.192126435227692 ], [ 362555.55702330195345, 5600083.146961229853332 ], [ 362563.439328416367061, 5600077.301045335829258 ], [ 362570.710678118630312, 5600070.710678118281066 ], [ 362577.301045336294919, 5600063.439328416250646 ], [ 362583.146961230260786, 5600055.557023301720619 ], [ 362588.192126434820239, 5600047.13967368286103 ], [ 362592.387953251134604, 5600038.268343236297369 ], [ 362595.69403357320698, 5600029.028467725031078 ], [ 362598.078528040321544, 5600019.509032201953232 ], [ 362599.518472667201422, 5600009.801714032888412 ], [ 362600.0, 5600000.0 ], [ 362600.0, 5599800.0 ], [ 362900.0, 5599800.0 ], [ 362909.80171403294662, 5599799.518472666852176 ], [ 362919.509032201603986, 5599798.078528040088713 ], [ 362929.028467725438531, 5599795.694033573381603 ], [ 362938.2683432365302, 5599792.387953250668943 ], [ 362947.139673682628199, 5599788.192126435227692 ], [ 362955.55702330195345, 5599783.146961229853332 ], [ 362963.439328416367061, 5599777.301045335829258 ], [ 362970.710678118630312, 5599770.710678118281066 ], [ 362977.301045336294919, 5599763.439328416250646 ], [ 362983.146961230260786, 5599755.557023301720619 ], [ 362988.192126434820239, 5599747.13967368286103 ], [ 362992.387953251134604, 5599738.268343236297369 ], [ 362995.69403357320698, 5599729.028467725031078 ], [ 362998.078528040321544, 5599719.509032201953232 ], [ 362999.518472667201422, 5599709.801714032888412 ], [ 363000.0, 5599700.0 ], [ 363000.0, 5599600.0 ], [ 363200.0, 5599600.0 ], [ 363209.80171403294662, 5599599.518472666852176 ], [ 363219.509032201603986, 5599598.078528040088713 ], [ 363229.028467725438531, 5599595.694033573381603 ], [ 363238.2683432365302, 5599592.387953250668943 ], [ 363247.139673682628199, 5599588.192126435227692 ], [ 363255.55702330195345, 5599583.146961229853332 ], [ 363263.439328416367061, 5599577.301045335829258 ], [ 363270.710678118630312, 5599570.710678118281066 ], [ 363277.301045336294919, 5599563.439328416250646 ], [ 363283.146961230260786, 5599555.557023301720619 ], [ 363288.192126434820239, 5599547.13967368286103 ], [ 363292.387953251134604, 5599538.268343236297369 ], [ 363295.69403357320698, 5599529.028467725031078 ], [ 363298.078528040321544, 5599519.509032201953232 ], [ 363299.518472667201422, 5599509.801714032888412 ], [ 363300.0, 5599500.0 ], [ 363300.0, 5599400.0 ], [ 363309.80171403294662, 5599399.518472666852176 ], [ 363319.509032201603986, 5599398.078528040088713 ], [ 363329.028467725438531, 5599395.694033573381603 ], [ 363338.2683432365302, 5599392.387953250668943 ], [ 363347.139673682628199, 5599388.192126435227692 ], [ 363350.0, 5599386.477712817490101 ], [ 363352.860326317371801, 5599388.192126435227692 ], [ 363361.7316567634698, 5599392.387953250668943 ], [ 363370.971532274561469, 5599395.694033573381603 ], [ 363380.490967798396014, 5599398.078528040088713 ], [ 363390.19828596705338, 5599399.518472666852176 ], [ 363400.0, 5599400.0 ], [ 363500.0, 5599400.0 ], [ 363509.80171403294662, 5599399.518472666852176 ], [ 363519.509032201603986, 5599398.078528040088713 ], [ 363529.028467725438531, 5599395.694033573381603 ], [ 363538.2683432365302, 5599392.387953250668943 ], [ 363547.139673682628199, 5599388.192126435227692 ], [ 363555.55702330195345, 5599383.146961229853332 ], [ 363563.439328416367061, 5599377.301045335829258 ], [ 363570.710678118630312, 5599370.710678118281066 ], [ 363577.301045336294919, 5599363.439328416250646 ], [ 363583.146961230260786, 5599355.557023301720619 ], [ 363588.192126434820239, 5599347.13967368286103 ], [ 363592.387953251134604, 5599338.268343236297369 ], [ 363595.69403357320698, 5599329.028467725031078 ], [ 363598.078528040321544, 5599319.509032201953232 ], [ 363599.518472667201422, 5599309.801714032888412 ], [ 363600.0, 5599300.0 ], [ 363700.0, 5599300.0 ], [ 363700.481527332798578, 5599309.801714032888412 ], [ 363701.921471959678456, 5599319.509032201953232 ], [ 363704.30596642679302, 5599329.028467725031078 ], [ 363707.612046748865396, 5599338.268343236297369 ], [ 363711.807873565179761, 5599347.13967368286103 ], [ 363716.853038769739214, 5599355.557023301720619 ], [ 363722.698954663705081, 5599363.439328416250646 ], [ 363729.289321881369688, 5599370.710678118281066 ], [ 363736.560671583632939, 5599377.301045335829258 ], [ 363744.44297669804655, 5599383.146961229853332 ], [ 363752.860326317371801, 5599388.192126435227692 ], [ 363761.7316567634698, 5599392.387953250668943 ], [ 363770.971532274561469, 5599395.694033573381603 ], [ 363780.490967798396014, 5599398.078528040088713 ], [ 363790.19828596705338, 5599399.518472666852176 ], [ 363800.0, 5599400.0 ], [ 363900.0, 5599400.0 ], [ 363900.481527332798578, 5599409.801714032888412 ], [ 363901.921471959678456, 5599419.509032201953232 ], [ 363904.30596642679302, 5599429.028467725031078 ], [ 363907.612046748865396, 5599438.268343236297369 ], [ 363911.807873565179761, 5599447.13967368286103 ], [ 363916.853038769739214, 5599455.557023301720619 ], [ 363922.698954663705081, 5599463.439328416250646 ], [ 363929.289321881369688, 5599470.710678118281066 ], [ 363936.560671583632939, 5599477.301045335829258 ], [ 363944.44297669804655, 5599483.146961229853332 ], [ 363952.860326317371801, 5599488.192126435227692 ], [ 363961.7316567634698, 5599492.387953250668943 ], [ 363970.971532274561469, 5599495.694033573381603 ], [ 363980.490967798396014, 5599498.078528040088713 ], [ 363990.19828596705338, 5599499.518472666852176 ], [ 364000.0, 5599500.0 ], [ 364000.481527332798578, 5599509.801714032888412 ], [ 364001.921471959678456, 5599519.509032201953232 ], [ 364004.30596642679302, 5599529.028467725031078 ], [ 364007.612046748865396, 5599538.268343236297369 ], [ 364011.807873565179761, 5599547.13967368286103 ], [ 364016.853038769739214, 5599555.557023301720619 ], [ 364022.698954663705081, 5599563.439328416250646 ], [ 364029.289321881369688, 5599570.710678118281066 ], [ 364036.560671583632939, 5599577.301045335829258 ], [ 364044.44297669804655, 5599583.146961229853332 ], [ 364052.860326317371801, 5599588.192126435227692 ], [ 364061.7316567634698, 5599592.387953250668943 ], [ 364070.971532274561469, 5599595.694033573381603 ], [ 364080.490967798396014, 5599598.078528040088713 ], [ 364090.19828596705338, 5599599.518472666852176 ], [ 364100.0, 5599600.0 ], [ 364200.0, 5599600.0 ], [ 364200.481527332798578, 5599609.801714032888412 ], [ 364201.921471959678456, 5599619.509032201953232 ], [ 364204.30596642679302, 5599629.028467725031078 ], [ 364207.612046748865396, 5599638.268343236297369 ], [ 364211.807873565179761, 5599647.13967368286103 ], [ 364216.853038769739214, 5599655.557023301720619 ], [ 364222.698954663705081, 5599663.439328416250646 ], [ 364229.289321881369688, 5599670.710678118281066 ], [ 364236.560671583632939, 5599677.301045335829258 ], [ 364244.44297669804655, 5599683.146961229853332 ], [ 364252.860326317371801, 5599688.192126435227692 ], [ 364261.7316567634698, 5599692.387953250668943 ], [ 364270.971532274561469, 5599695.694033573381603 ], [ 364280.490967798396014, 5599698.078528040088713 ], [ 364290.19828596705338, 5599699.518472666852176 ], [ 364300.0, 5599700.0 ], [ 364400.0, 5599700.0 ], [ 364400.481527332798578, 5599709.801714032888412 ], [ 364401.921471959678456, 5599719.509032201953232 ], [ 364404.30596642679302, 5599729.028467725031078 ], [ 364407.612046748865396, 5599738.268343236297369 ], [ 364411.807873565179761, 5599747.13967368286103 ], [ 364416.853038769739214, 5599755.557023301720619 ], [ 364422.698954663705081, 5599763.439328416250646 ], [ 364429.289321881369688, 5599770.710678118281066 ], [ 364436.560671583632939, 5599777.301045335829258 ], [ 364444.44297669804655, 5599783.146961229853332 ], [ 364452.860326317371801, 5599788.192126435227692 ], [ 364461.7316567634698, 5599792.387953250668943 ], [ 364470.971532274561469, 5599795.694033573381603 ], [ 364480.490967798396014, 5599798.078528040088713 ], [ 364490.19828596705338, 5599799.518472666852176 ], [ 364500.0, 5599800.0 ], [ 364500.0, 5600300.0 ], [ 364500.481527332798578, 5600309.801714032888412 ], [ 364501.921471959678456, 5600319.509032201953232 ], [ 364504.30596642679302, 5600329.028467725031078 ], [ 364507.612046748865396, 5600338.268343236297369 ], [ 364511.807873565179761, 5600347.13967368286103 ], [ 364516.853038769739214, 5600355.557023301720619 ], [ 364522.698954663705081, 5600363.439328416250646 ], [ 364529.289321881369688, 5600370.710678118281066 ], [ 364536.560671583632939, 5600377.301045335829258 ], [ 364544.44297669804655, 5600383.146961229853332 ], [ 364552.860326317371801, 5600388.192126435227692 ], [ 364561.7316567634698, 5600392.387953250668943 ], [ 364570.971532274561469, 5600395.694033573381603 ], [ 364580.490967798396014, 5600398.078528040088713 ], [ 364590.19828596705338, 5600399.518472666852176 ], [ 364600.0, 5600400.0 ], [ 364600.481527332798578, 5600409.801714032888412 ], [ 364601.921471959678456, 5600419.509032201953232 ], [ 364604.30596642679302, 5600429.028467725031078 ], [ 364607.612046748865396, 5600438.268343236297369 ], [ 364611.807873565179761, 5600447.13967368286103 ], [ 364616.853038769739214, 5600455.557023301720619 ], [ 364622.698954663705081, 5600463.439328416250646 ], [ 364629.289321881369688, 5600470.710678118281066 ], [ 364636.560671583632939, 5600477.301045335829258 ], [ 364644.44297669804655, 5600483.146961229853332 ], [ 364652.860326317371801, 5600488.192126435227692 ], [ 364661.7316567634698, 5600492.387953250668943 ], [ 364670.971532274561469, 5600495.694033573381603 ], [ 364680.490967798396014, 5600498.078528040088713 ], [ 364690.19828596705338, 5600499.518472666852176 ], [ 364700.0, 5600500.0 ], [ 365300.0, 5600500.0 ], [ 365309.80171403294662, 5600499.518472666852176 ], [ 365319.509032201603986, 5600498.078528040088713 ], [ 365329.028467725438531, 5600495.694033573381603 ], [ 365338.2683432365302, 5600492.387953250668943 ], [ 365347.139673682628199, 5600488.192126435227692 ], [ 365355.55702330195345, 5600483.146961229853332 ], [ 365363.439328416367061, 5600477.301045335829258 ], [ 365370.710678118630312, 5600470.710678118281066 ], [ 365377.301045336294919, 5600463.439328416250646 ], [ 365383.146961230260786, 5600455.557023301720619 ], [ 365388.192126434820239, 5600447.13967368286103 ], [ 365392.387953251134604, 5600438.268343236297369 ], [ 365395.69403357320698, 5600429.028467725031078 ], [ 365398.078528040321544, 5600419.509032201953232 ], [ 365399.518472667201422, 5600409.801714032888412 ], [ 365400.0, 5600400.0 ], [ 365700.0, 5600400.0 ], [ 365700.481527332798578, 5600409.801714032888412 ], [ 365701.921471959678456, 5600419.509032201953232 ], [ 365704.30596642679302, 5600429.028467725031078 ], [ 365707.612046748865396, 5600438.268343236297369 ], [ 365711.807873565179761, 5600447.13967368286103 ], [ 365716.853038769739214, 5600455.557023301720619 ], [ 365722.698954663705081, 5600463.439328416250646 ], [ 365729.289321881369688, 5600470.710678118281066 ], [ 365736.560671583632939, 5600477.301045335829258 ], [ 365744.44297669804655, 5600483.146961229853332 ], [ 365752.860326317371801, 5600488.192126435227692 ], [ 365761.7316567634698, 5600492.387953250668943 ], [ 365770.971532274561469, 5600495.694033573381603 ], [ 365780.490967798396014, 5600498.078528040088713 ], [ 365790.19828596705338, 5600499.518472666852176 ], [ 365800.0, 5600500.0 ], [ 365800.481527332798578, 5600509.801714032888412 ], [ 365801.921471959678456, 5600519.509032201953232 ], [ 365804.30596642679302, 5600529.028467725031078 ], [ 365807.612046748865396, 5600538.268343236297369 ], [ 365811.807873565179761, 5600547.13967368286103 ], [ 365816.853038769739214, 5600555.557023301720619 ], [ 365822.698954663705081, 5600563.439328416250646 ], [ 365829.289321881369688, 5600570.710678118281066 ], [ 365836.560671583632939, 5600577.301045335829258 ], [ 365844.44297669804655, 5600583.146961229853332 ], [ 365852.860326317371801, 5600588.192126435227692 ], [ 365861.7316567634698, 5600592.387953250668943 ], [ 365870.971532274561469, 5600595.694033573381603 ], [ 365880.490967798396014, 5600598.078528040088713 ], [ 365890.19828596705338, 5600599.518472666852176 ], [ 365900.0, 5600600.0 ], [ 365900.481527332798578, 5600609.801714032888412 ], [ 365901.921471959678456, 5600619.509032201953232 ], [ 365904.30596642679302, 5600629.028467725031078 ], [ 365907.612046748865396, 5600638.268343236297369 ], [ 365911.807873565179761, 5600647.13967368286103 ], [ 365916.853038769739214, 5600655.557023301720619 ], [ 365922.698954663705081, 5600663.439328416250646 ], [ 365929.289321881369688, 5600670.710678118281066 ], [ 365936.560671583632939, 5600677.301045335829258 ], [ 365944.44297669804655, 5600683.146961229853332 ], [ 365952.860326317371801, 5600688.192126435227692 ], [ 365961.7316567634698, 5600692.387953250668943 ], [ 365970.971532274561469, 5600695.694033573381603 ], [ 365980.490967798396014, 5600698.078528040088713 ], [ 365990.19828596705338, 5600699.518472666852176 ], [ 366000.0, 5600700.0 ], [ 366200.0, 5600700.0 ], [ 366200.481527332798578, 5600709.801714032888412 ], [ 366201.921471959678456, 5600719.509032201953232 ], [ 366204.30596642679302, 5600729.028467725031078 ], [ 366207.612046748865396, 5600738.268343236297369 ], [ 366211.807873565179761, 5600747.13967368286103 ], [ 366216.853038769739214, 5600755.557023301720619 ], [ 366222.698954663705081, 5600763.439328416250646 ], [ 366229.289321881369688, 5600770.710678118281066 ], [ 366236.560671583632939, 5600777.301045335829258 ], [ 366244.44297669804655, 5600783.146961229853332 ], [ 366252.860326317371801, 5600788.192126435227692 ], [ 366261.7316567634698, 5600792.387953250668943 ], [ 366270.971532274561469, 5600795.694033573381603 ], [ 366280.490967798396014, 5600798.078528040088713 ], [ 366290.19828596705338, 5600799.518472666852176 ], [ 366300.0, 5600800.0 ], [ 368200.0, 5600800.0 ], [ 368200.481527332798578, 5600809.801714032888412 ], [ 368201.921471959678456, 5600819.509032201953232 ], [ 368204.30596642679302, 5600829.028467725031078 ], [ 368207.612046748865396, 5600838.268343236297369 ], [ 368211.807873565179761, 5600847.13967368286103 ], [ 368216.853038769739214, 5600855.557023301720619 ], [ 368222.698954663705081, 5600863.439328416250646 ], [ 368229.289321881369688, 5600870.710678118281066 ], [ 368236.560671583632939, 5600877.301045335829258 ], [ 368244.44297669804655, 5600883.146961229853332 ], [ 368252.860326317371801, 5600888.192126435227692 ], [ 368261.7316567634698, 5600892.387953250668943 ], [ 368270.971532274561469, 5600895.694033573381603 ], [ 368280.490967798396014, 5600898.078528040088713 ], [ 368290.19828596705338, 5600899.518472666852176 ], [ 368300.0, 5600900.0 ], [ 368400.0, 5600900.0 ], [ 368409.80171403294662, 5600899.518472666852176 ], [ 368419.509032201603986, 5600898.078528040088713 ], [ 368429.028467725438531, 5600895.694033573381603 ], [ 368438.2683432365302, 5600892.387953250668943 ], [ 368447.139673682628199, 5600888.192126435227692 ], [ 368455.55702330195345, 5600883.146961229853332 ], [ 368463.439328416367061, 5600877.301045335829258 ], [ 368470.710678118630312, 5600870.710678118281066 ], [ 368477.301045336294919, 5600863.439328416250646 ], [ 368483.146961230260786, 5600855.557023301720619 ], [ 368488.192126434820239, 5600847.13967368286103 ], [ 368492.387953251134604, 5600838.268343236297369 ], [ 368495.69403357320698, 5600829.028467725031078 ], [ 368498.078528040321544, 5600819.509032201953232 ], [ 368499.518472667201422, 5600809.801714032888412 ], [ 368500.0, 5600800.0 ], [ 369200.0, 5600800.0 ], [ 369209.80171403294662, 5600799.518472666852176 ], [ 369219.509032201603986, 5600798.078528040088713 ], [ 369229.028467725438531, 5600795.694033573381603 ], [ 369238.2683432365302, 5600792.387953250668943 ], [ 369247.139673682628199, 5600788.192126435227692 ], [ 369250.0, 5600786.477712817490101 ], [ 369252.860326317371801, 5600788.192126435227692 ], [ 369261.7316567634698, 5600792.387953250668943 ], [ 369270.971532274561469, 5600795.694033573381603 ], [ 369280.490967798396014, 5600798.078528040088713 ], [ 369290.19828596705338, 5600799.518472666852176 ], [ 369300.0, 5600800.0 ], [ 369400.0, 5600800.0 ], [ 369400.481527332798578, 5600809.801714032888412 ], [ 369401.921471959678456, 5600819.509032201953232 ], [ 369404.30596642679302, 5600829.028467725031078 ], [ 369407.612046748865396, 5600838.268343236297369 ], [ 369411.807873565179761, 5600847.13967368286103 ], [ 369416.853038769739214, 5600855.557023301720619 ], [ 369422.698954663705081, 5600863.439328416250646 ], [ 369429.289321881369688, 5600870.710678118281066 ], [ 369436.560671583632939, 5600877.301045335829258 ], [ 369444.44297669804655, 5600883.146961229853332 ], [ 369452.860326317371801, 5600888.192126435227692 ], [ 369461.7316567634698, 5600892.387953250668943 ], [ 369470.971532274561469, 5600895.694033573381603 ], [ 369480.490967798396014, 5600898.078528040088713 ], [ 369490.19828596705338, 5600899.518472666852176 ], [ 369500.0, 5600900.0 ], [ 369500.0, 5601000.0 ], [ 369500.481527332798578, 5601009.801714032888412 ], [ 369501.921471959678456, 5601019.509032201953232 ], [ 369504.30596642679302, 5601029.028467725031078 ], [ 369507.612046748865396, 5601038.268343236297369 ], [ 369511.807873565179761, 5601047.13967368286103 ], [ 369516.853038769739214, 5601055.557023301720619 ], [ 369522.698954663705081, 5601063.439328416250646 ], [ 369529.289321881369688, 5601070.710678118281066 ], [ 369536.560671583632939, 5601077.301045335829258 ], [ 369544.44297669804655, 5601083.146961229853332 ], [ 369552.860326317371801, 5601088.192126435227692 ], [ 369561.7316567634698, 5601092.387953250668943 ], [ 369570.971532274561469, 5601095.694033573381603 ], [ 369580.490967798396014, 5601098.078528040088713 ], [ 369590.19828596705338, 5601099.518472666852176 ], [ 369600.0, 5601100.0 ], [ 369700.0, 5601100.0 ], [ 369700.481527332798578, 5601109.801714032888412 ], [ 369701.921471959678456, 5601119.509032201953232 ], [ 369704.30596642679302, 5601129.028467725031078 ], [ 369707.612046748865396, 5601138.268343236297369 ], [ 369711.807873565179761, 5601147.13967368286103 ], [ 369716.853038769739214, 5601155.557023301720619 ], [ 369722.698954663705081, 5601163.439328416250646 ], [ 369729.289321881369688, 5601170.710678118281066 ], [ 369736.560671583632939, 5601177.301045335829258 ], [ 369744.44297669804655, 5601183.146961229853332 ], [ 369752.860326317371801, 5601188.192126435227692 ], [ 369761.7316567634698, 5601192.387953250668943 ], [ 369770.971532274561469, 5601195.694033573381603 ], [ 369780.490967798396014, 5601198.078528040088713 ], [ 369790.19828596705338, 5601199.518472666852176 ], [ 369800.0, 5601200.0 ], [ 369900.0, 5601200.0 ], [ 369900.481527332798578, 5601209.801714032888412 ], [ 369901.921471959678456, 5601219.509032201953232 ], [ 369904.30596642679302, 5601229.028467725031078 ], [ 369907.612046748865396, 5601238.268343236297369 ], [ 369911.807873565179761, 5601247.13967368286103 ], [ 369916.853038769739214, 5601255.557023301720619 ], [ 369922.698954663705081, 5601263.439328416250646 ], [ 369929.289321881369688, 5601270.710678118281066 ], [ 369936.560671583632939, 5601277.301045335829258 ], [ 369944.44297669804655, 5601283.146961229853332 ], [ 369952.860326317371801, 5601288.192126435227692 ], [ 369961.7316567634698, 5601292.387953250668943 ], [ 369970.971532274561469, 5601295.694033573381603 ], [ 369980.490967798396014, 5601298.078528040088713 ], [ 369990.19828596705338, 5601299.518472666852176 ], [ 370000.0, 5601300.0 ], [ 370400.0, 5601300.0 ], [ 370409.80171403294662, 5601299.518472666852176 ], [ 370419.509032201603986, 5601298.078528040088713 ], [ 370429.028467725438531, 5601295.694033573381603 ], [ 370438.2683432365302, 5601292.387953250668943 ], [ 370447.139673682628199, 5601288.192126435227692 ], [ 370455.55702330195345, 5601283.146961229853332 ], [ 370463.439328416367061, 5601277.301045335829258 ], [ 370470.710678118630312, 5601270.710678118281066 ], [ 370477.301045336294919, 5601263.439328416250646 ], [ 370483.146961230260786, 5601255.557023301720619 ], [ 370488.192126434820239, 5601247.13967368286103 ], [ 370492.387953251134604, 5601238.268343236297369 ], [ 370495.69403357320698, 5601229.028467725031078 ], [ 370498.078528040321544, 5601219.509032201953232 ], [ 370499.518472667201422, 5601209.801714032888412 ], [ 370500.0, 5601200.0 ], [ 371600.0, 5601200.0 ], [ 371600.481527332798578, 5601209.801714032888412 ], [ 371601.921471959678456, 5601219.509032201953232 ], [ 371604.30596642679302, 5601229.028467725031078 ], [ 371607.612046748865396, 5601238.268343236297369 ], [ 371611.807873565179761, 5601247.13967368286103 ], [ 371616.853038769739214, 5601255.557023301720619 ], [ 371622.698954663705081, 5601263.439328416250646 ], [ 371629.289321881369688, 5601270.710678118281066 ], [ 371636.560671583632939, 5601277.301045335829258 ], [ 371644.44297669804655, 5601283.146961229853332 ], [ 371652.860326317371801, 5601288.192126435227692 ], [ 371661.7316567634698, 5601292.387953250668943 ], [ 371670.971532274561469, 5601295.694033573381603 ], [ 371680.490967798396014, 5601298.078528040088713 ], [ 371690.19828596705338, 5601299.518472666852176 ], [ 371700.0, 5601300.0 ], [ 371700.481527332798578, 5601309.801714032888412 ], [ 371701.921471959678456, 5601319.509032201953232 ], [ 371704.30596642679302, 5601329.028467725031078 ], [ 371707.612046748865396, 5601338.268343236297369 ], [ 371711.807873565179761, 5601347.13967368286103 ], [ 371716.853038769739214, 5601355.557023301720619 ], [ 371722.698954663705081, 5601363.439328416250646 ], [ 371729.289321881369688, 5601370.710678118281066 ], [ 371736.560671583632939, 5601377.301045335829258 ], [ 371744.44297669804655, 5601383.146961229853332 ], [ 371752.860326317371801, 5601388.192126435227692 ], [ 371761.7316567634698, 5601392.387953250668943 ], [ 371770.971532274561469, 5601395.694033573381603 ], [ 371780.490967798396014, 5601398.078528040088713 ], [ 371790.19828596705338, 5601399.518472666852176 ], [ 371800.0, 5601400.0 ], [ 371900.0, 5601400.0 ], [ 371900.481527332798578, 5601409.801714032888412 ], [ 371901.921471959678456, 5601419.509032201953232 ], [ 371904.30596642679302, 5601429.028467725031078 ], [ 371907.612046748865396, 5601438.268343236297369 ], [ 371911.807873565179761, 5601447.13967368286103 ], [ 371916.853038769739214, 5601455.557023301720619 ], [ 371922.698954663705081, 5601463.439328416250646 ], [ 371929.289321881369688, 5601470.710678118281066 ], [ 371936.560671583632939, 5601477.301045335829258 ], [ 371944.44297669804655, 5601483.146961229853332 ], [ 371952.860326317371801, 5601488.192126435227692 ], [ 371961.7316567634698, 5601492.387953250668943 ], [ 371970.971532274561469, 5601495.694033573381603 ], [ 371980.490967798396014, 5601498.078528040088713 ], [ 371990.19828596705338, 5601499.518472666852176 ], [ 372000.0, 5601500.0 ], [ 372000.481527332798578, 5601509.801714032888412 ], [ 372001.921471959678456, 5601519.509032201953232 ], [ 372004.30596642679302, 5601529.028467725031078 ], [ 372007.612046748865396, 5601538.268343236297369 ], [ 372011.807873565179761, 5601547.13967368286103 ], [ 372016.853038769739214, 5601555.557023301720619 ], [ 372022.698954663705081, 5601563.439328416250646 ], [ 372029.289321881369688, 5601570.710678118281066 ], [ 372036.560671583632939, 5601577.301045335829258 ], [ 372044.44297669804655, 5601583.146961229853332 ], [ 372052.860326317371801, 5601588.192126435227692 ], [ 372061.7316567634698, 5601592.387953250668943 ], [ 372070.971532274561469, 5601595.694033573381603 ], [ 372080.490967798396014, 5601598.078528040088713 ], [ 372090.19828596705338, 5601599.518472666852176 ], [ 372100.0, 5601600.0 ], [ 372600.0, 5601600.0 ], [ 372600.481527332798578, 5601609.801714032888412 ], [ 372601.921471959678456, 5601619.509032201953232 ], [ 372604.30596642679302, 5601629.028467725031078 ], [ 372607.612046748865396, 5601638.268343236297369 ], [ 372611.807873565179761, 5601647.13967368286103 ], [ 372616.853038769739214, 5601655.557023301720619 ], [ 372622.698954663705081, 5601663.439328416250646 ], [ 372629.289321881369688, 5601670.710678118281066 ], [ 372636.560671583632939, 5601677.301045335829258 ], [ 372644.44297669804655, 5601683.146961229853332 ], [ 372652.860326317371801, 5601688.192126435227692 ], [ 372661.7316567634698, 5601692.387953250668943 ], [ 372670.971532274561469, 5601695.694033573381603 ], [ 372680.490967798396014, 5601698.078528040088713 ], [ 372690.19828596705338, 5601699.518472666852176 ], [ 372700.0, 5601700.0 ], [ 372800.0, 5601700.0 ], [ 372809.80171403294662, 5601699.518472666852176 ], [ 372819.509032201603986, 5601698.078528040088713 ], [ 372829.028467725438531, 5601695.694033573381603 ], [ 372838.2683432365302, 5601692.387953250668943 ], [ 372847.139673682628199, 5601688.192126435227692 ], [ 372855.55702330195345, 5601683.146961229853332 ], [ 372863.439328416367061, 5601677.301045335829258 ], [ 372870.710678118630312, 5601670.710678118281066 ], [ 372877.301045336294919, 5601663.439328416250646 ], [ 372883.146961230260786, 5601655.557023301720619 ], [ 372888.192126434820239, 5601647.13967368286103 ], [ 372892.387953251134604, 5601638.268343236297369 ], [ 372895.69403357320698, 5601629.028467725031078 ], [ 372898.078528040321544, 5601619.509032201953232 ], [ 372899.518472667201422, 5601609.801714032888412 ], [ 372900.0, 5601600.0 ], [ 372909.80171403294662, 5601599.518472666852176 ], [ 372919.509032201603986, 5601598.078528040088713 ], [ 372929.028467725438531, 5601595.694033573381603 ], [ 372938.2683432365302, 5601592.387953250668943 ], [ 372947.139673682628199, 5601588.192126435227692 ], [ 372955.55702330195345, 5601583.146961229853332 ], [ 372963.439328416367061, 5601577.301045335829258 ], [ 372970.710678118630312, 5601570.710678118281066 ], [ 372977.301045336294919, 5601563.439328416250646 ], [ 372983.146961230260786, 5601555.557023301720619 ], [ 372988.192126434820239, 5601547.13967368286103 ], [ 372992.387953251134604, 5601538.268343236297369 ], [ 372995.69403357320698, 5601529.028467725031078 ], [ 372998.078528040321544, 5601519.509032201953232 ], [ 372999.518472667201422, 5601509.801714032888412 ], [ 373000.0, 5601500.0 ], [ 374000.0, 5601500.0 ], [ 374000.481527332798578, 5601509.801714032888412 ], [ 374001.921471959678456, 5601519.509032201953232 ], [ 374004.30596642679302, 5601529.028467725031078 ], [ 374007.612046748865396, 5601538.268343236297369 ], [ 374011.807873565179761, 5601547.13967368286103 ], [ 374016.853038769739214, 5601555.557023301720619 ], [ 374022.698954663705081, 5601563.439328416250646 ], [ 374029.289321881369688, 5601570.710678118281066 ], [ 374036.560671583632939, 5601577.301045335829258 ], [ 374044.44297669804655, 5601583.146961229853332 ], [ 374052.860326317371801, 5601588.192126435227692 ], [ 374061.7316567634698, 5601592.387953250668943 ], [ 374070.971532274561469, 5601595.694033573381603 ], [ 374080.490967798396014, 5601598.078528040088713 ], [ 374090.19828596705338, 5601599.518472666852176 ], [ 374100.0, 5601600.0 ], [ 374200.0, 5601600.0 ], [ 374209.80171403294662, 5601599.518472666852176 ], [ 374219.509032201603986, 5601598.078528040088713 ], [ 374229.028467725438531, 5601595.694033573381603 ], [ 374238.2683432365302, 5601592.387953250668943 ], [ 374247.139673682628199, 5601588.192126435227692 ], [ 374255.55702330195345, 5601583.146961229853332 ], [ 374263.439328416367061, 5601577.301045335829258 ], [ 374270.710678118630312, 5601570.710678118281066 ], [ 374277.301045336294919, 5601563.439328416250646 ], [ 374283.146961230260786, 5601555.557023301720619 ], [ 374288.192126434820239, 5601547.13967368286103 ], [ 374292.387953251134604, 5601538.268343236297369 ], [ 374295.69403357320698, 5601529.028467725031078 ], [ 374298.078528040321544, 5601519.509032201953232 ], [ 374299.518472667201422, 5601509.801714032888412 ], [ 374300.0, 5601500.0 ], [ 374400.0, 5601500.0 ], [ 374409.80171403294662, 5601499.518472666852176 ], [ 374419.509032201603986, 5601498.078528040088713 ], [ 374429.028467725438531, 5601495.694033573381603 ], [ 374438.2683432365302, 5601492.387953250668943 ], [ 374447.139673682628199, 5601488.192126435227692 ], [ 374455.55702330195345, 5601483.146961229853332 ], [ 374463.439328416367061, 5601477.301045335829258 ], [ 374470.710678118630312, 5601470.710678118281066 ], [ 374477.301045336294919, 5601463.439328416250646 ], [ 374483.146961230260786, 5601455.557023301720619 ], [ 374488.192126434820239, 5601447.13967368286103 ], [ 374492.387953251134604, 5601438.268343236297369 ], [ 374495.69403357320698, 5601429.028467725031078 ], [ 374498.078528040321544, 5601419.509032201953232 ], [ 374499.518472667201422, 5601409.801714032888412 ], [ 374500.0, 5601400.0 ], [ 374500.0, 5601300.0 ], [ 375300.0, 5601300.0 ], [ 375300.481527332798578, 5601309.801714032888412 ], [ 375301.921471959678456, 5601319.509032201953232 ], [ 375304.30596642679302, 5601329.028467725031078 ], [ 375307.612046748865396, 5601338.268343236297369 ], [ 375311.807873565179761, 5601347.13967368286103 ], [ 375316.853038769739214, 5601355.557023301720619 ], [ 375322.698954663705081, 5601363.439328416250646 ], [ 375329.289321881369688, 5601370.710678118281066 ], [ 375336.560671583632939, 5601377.301045335829258 ], [ 375344.44297669804655, 5601383.146961229853332 ], [ 375352.860326317371801, 5601388.192126435227692 ], [ 375361.7316567634698, 5601392.387953250668943 ], [ 375370.971532274561469, 5601395.694033573381603 ], [ 375380.490967798396014, 5601398.078528040088713 ], [ 375390.19828596705338, 5601399.518472666852176 ], [ 375400.0, 5601400.0 ], [ 375600.0, 5601400.0 ], [ 375600.481527332798578, 5601409.801714032888412 ], [ 375601.921471959678456, 5601419.509032201953232 ], [ 375604.30596642679302, 5601429.028467725031078 ], [ 375607.612046748865396, 5601438.268343236297369 ], [ 375611.807873565179761, 5601447.13967368286103 ], [ 375616.853038769739214, 5601455.557023301720619 ], [ 375622.698954663705081, 5601463.439328416250646 ], [ 375629.289321881369688, 5601470.710678118281066 ], [ 375636.560671583632939, 5601477.301045335829258 ], [ 375644.44297669804655, 5601483.146961229853332 ], [ 375652.860326317371801, 5601488.192126435227692 ], [ 375661.7316567634698, 5601492.387953250668943 ], [ 375670.971532274561469, 5601495.694033573381603 ], [ 375680.490967798396014, 5601498.078528040088713 ], [ 375690.19828596705338, 5601499.518472666852176 ], [ 375700.0, 5601500.0 ], [ 375900.0, 5601500.0 ], [ 375900.481527332798578, 5601509.801714032888412 ], [ 375901.921471959678456, 5601519.509032201953232 ], [ 375904.30596642679302, 5601529.028467725031078 ], [ 375907.612046748865396, 5601538.268343236297369 ], [ 375911.807873565179761, 5601547.13967368286103 ], [ 375916.853038769739214, 5601555.557023301720619 ], [ 375922.698954663705081, 5601563.439328416250646 ], [ 375929.289321881369688, 5601570.710678118281066 ], [ 375936.560671583632939, 5601577.301045335829258 ], [ 375944.44297669804655, 5601583.146961229853332 ], [ 375952.860326317371801, 5601588.192126435227692 ], [ 375961.7316567634698, 5601592.387953250668943 ], [ 375970.971532274561469, 5601595.694033573381603 ], [ 375980.490967798396014, 5601598.078528040088713 ], [ 375990.19828596705338, 5601599.518472666852176 ], [ 376000.0, 5601600.0 ], [ 376200.0, 5601600.0 ], [ 376200.481527332798578, 5601609.801714032888412 ], [ 376201.921471959678456, 5601619.509032201953232 ], [ 376204.30596642679302, 5601629.028467725031078 ], [ 376207.612046748865396, 5601638.268343236297369 ], [ 376211.807873565179761, 5601647.13967368286103 ], [ 376216.853038769739214, 5601655.557023301720619 ], [ 376222.698954663705081, 5601663.439328416250646 ], [ 376229.289321881369688, 5601670.710678118281066 ], [ 376236.560671583632939, 5601677.301045335829258 ], [ 376244.44297669804655, 5601683.146961229853332 ], [ 376252.860326317371801, 5601688.192126435227692 ], [ 376261.7316567634698, 5601692.387953250668943 ], [ 376270.971532274561469, 5601695.694033573381603 ], [ 376280.490967798396014, 5601698.078528040088713 ], [ 376290.19828596705338, 5601699.518472666852176 ], [ 376300.0, 5601700.0 ], [ 376400.0, 5601700.0 ], [ 376400.481527332798578, 5601709.801714032888412 ], [ 376401.921471959678456, 5601719.509032201953232 ], [ 376404.30596642679302, 5601729.028467725031078 ], [ 376407.612046748865396, 5601738.268343236297369 ], [ 376411.807873565179761, 5601747.13967368286103 ], [ 376416.853038769739214, 5601755.557023301720619 ], [ 376422.698954663705081, 5601763.439328416250646 ], [ 376429.289321881369688, 5601770.710678118281066 ], [ 376436.560671583632939, 5601777.301045335829258 ], [ 376444.44297669804655, 5601783.146961229853332 ], [ 376452.860326317371801, 5601788.192126435227692 ], [ 376461.7316567634698, 5601792.387953250668943 ], [ 376470.971532274561469, 5601795.694033573381603 ], [ 376480.490967798396014, 5601798.078528040088713 ], [ 376490.19828596705338, 5601799.518472666852176 ], [ 376500.0, 5601800.0 ], [ 376700.0, 5601800.0 ], [ 376700.481527332798578, 5601809.801714032888412 ], [ 376701.921471959678456, 5601819.509032201953232 ], [ 376704.30596642679302, 5601829.028467725031078 ], [ 376707.612046748865396, 5601838.268343236297369 ], [ 376711.807873565179761, 5601847.13967368286103 ], [ 376716.853038769739214, 5601855.557023301720619 ], [ 376722.698954663705081, 5601863.439328416250646 ], [ 376729.289321881369688, 5601870.710678118281066 ], [ 376736.560671583632939, 5601877.301045335829258 ], [ 376744.44297669804655, 5601883.146961229853332 ], [ 376752.860326317371801, 5601888.192126435227692 ], [ 376761.7316567634698, 5601892.387953250668943 ], [ 376770.971532274561469, 5601895.694033573381603 ], [ 376780.490967798396014, 5601898.078528040088713 ], [ 376790.19828596705338, 5601899.518472666852176 ], [ 376800.0, 5601900.0 ], [ 376900.0, 5601900.0 ], [ 376900.0, 5602000.0 ], [ 376900.481527332798578, 5602009.801714032888412 ], [ 376901.921471959678456, 5602019.509032201953232 ], [ 376904.30596642679302, 5602029.028467725031078 ], [ 376907.612046748865396, 5602038.268343236297369 ], [ 376911.807873565179761, 5602047.13967368286103 ], [ 376916.853038769739214, 5602055.557023301720619 ], [ 376922.698954663705081, 5602063.439328416250646 ], [ 376929.289321881369688, 5602070.710678118281066 ], [ 376936.560671583632939, 5602077.301045335829258 ], [ 376944.44297669804655, 5602083.146961229853332 ], [ 376952.860326317371801, 5602088.192126435227692 ], [ 376961.7316567634698, 5602092.387953250668943 ], [ 376970.971532274561469, 5602095.694033573381603 ], [ 376980.490967798396014, 5602098.078528040088713 ], [ 376990.19828596705338, 5602099.518472666852176 ], [ 377000.0, 5602100.0 ], [ 377100.0, 5602100.0 ], [ 377109.80171403294662, 5602099.518472666852176 ], [ 377119.509032201603986, 5602098.078528040088713 ], [ 377129.028467725438531, 5602095.694033573381603 ], [ 377138.2683432365302, 5602092.387953250668943 ], [ 377147.139673682628199, 5602088.192126435227692 ], [ 377150.0, 5602086.477712817490101 ], [ 377152.860326317371801, 5602088.192126435227692 ], [ 377161.7316567634698, 5602092.387953250668943 ], [ 377170.971532274561469, 5602095.694033573381603 ], [ 377180.490967798396014, 5602098.078528040088713 ], [ 377190.19828596705338, 5602099.518472666852176 ], [ 377200.0, 5602100.0 ], [ 377300.0, 5602100.0 ], [ 377309.80171403294662, 5602099.518472666852176 ], [ 377319.509032201603986, 5602098.078528040088713 ], [ 377329.028467725438531, 5602095.694033573381603 ], [ 377338.2683432365302, 5602092.387953250668943 ], [ 377347.139673682628199, 5602088.192126435227692 ], [ 377355.55702330195345, 5602083.146961229853332 ], [ 377363.439328416367061, 5602077.301045335829258 ], [ 377370.710678118630312, 5602070.710678118281066 ], [ 377377.301045336294919, 5602063.439328416250646 ], [ 377383.146961230260786, 5602055.557023301720619 ], [ 377388.192126434820239, 5602047.13967368286103 ], [ 377392.387953251134604, 5602038.268343236297369 ], [ 377395.69403357320698, 5602029.028467725031078 ], [ 377398.078528040321544, 5602019.509032201953232 ], [ 377399.518472667201422, 5602009.801714032888412 ], [ 377400.0, 5602000.0 ], [ 377400.0, 5602100.0 ], [ 377400.481527332798578, 5602109.801714032888412 ], [ 377401.921471959678456, 5602119.509032201953232 ], [ 377404.30596642679302, 5602129.028467725031078 ], [ 377407.612046748865396, 5602138.268343236297369 ], [ 377411.807873565179761, 5602147.13967368286103 ], [ 377416.853038769739214, 5602155.557023301720619 ], [ 377422.698954663705081, 5602163.439328416250646 ], [ 377429.289321881369688, 5602170.710678118281066 ], [ 377436.560671583632939, 5602177.301045335829258 ], [ 377444.44297669804655, 5602183.146961229853332 ], [ 377452.860326317371801, 5602188.192126435227692 ], [ 377461.7316567634698, 5602192.387953250668943 ], [ 377470.971532274561469, 5602195.694033573381603 ], [ 377480.490967798396014, 5602198.078528040088713 ], [ 377490.19828596705338, 5602199.518472666852176 ], [ 377500.0, 5602200.0 ], [ 377700.0, 5602200.0 ], [ 377709.80171403294662, 5602199.518472666852176 ], [ 377719.509032201603986, 5602198.078528040088713 ], [ 377729.028467725438531, 5602195.694033573381603 ], [ 377738.2683432365302, 5602192.387953250668943 ], [ 377747.139673682628199, 5602188.192126435227692 ], [ 377755.55702330195345, 5602183.146961229853332 ], [ 377763.439328416367061, 5602177.301045335829258 ], [ 377770.710678118630312, 5602170.710678118281066 ], [ 377777.301045336294919, 5602163.439328416250646 ], [ 377783.146961230260786, 5602155.557023301720619 ], [ 377788.192126434820239, 5602147.13967368286103 ], [ 377792.387953251134604, 5602138.268343236297369 ], [ 377795.69403357320698, 5602129.028467725031078 ], [ 377798.078528040321544, 5602119.509032201953232 ], [ 377799.518472667201422, 5602109.801714032888412 ], [ 377800.0, 5602100.0 ], [ 377800.0, 5602000.0 ], [ 377809.80171403294662, 5601999.518472666852176 ], [ 377819.509032201603986, 5601998.078528040088713 ], [ 377829.028467725438531, 5601995.694033573381603 ], [ 377838.2683432365302, 5601992.387953250668943 ], [ 377847.139673682628199, 5601988.192126435227692 ], [ 377855.55702330195345, 5601983.146961229853332 ], [ 377863.439328416367061, 5601977.301045335829258 ], [ 377870.710678118630312, 5601970.710678118281066 ], [ 377877.301045336294919, 5601963.439328416250646 ], [ 377883.146961230260786, 5601955.557023301720619 ], [ 377888.192126434820239, 5601947.13967368286103 ], [ 377892.387953251134604, 5601938.268343236297369 ], [ 377895.69403357320698, 5601929.028467725031078 ], [ 377898.078528040321544, 5601919.509032201953232 ], [ 377899.518472667201422, 5601909.801714032888412 ], [ 377900.0, 5601900.0 ], [ 377900.0, 5601800.0 ], [ 377899.518472667201422, 5601790.198285967111588 ], [ 377898.078528040321544, 5601780.490967798046768 ], [ 377895.69403357320698, 5601770.971532274968922 ], [ 377892.387953251134604, 5601761.731656763702631 ], [ 377888.192126434820239, 5601752.86032631713897 ], [ 377883.146961230260786, 5601744.442976698279381 ], [ 377877.301045336294919, 5601736.560671583749354 ], [ 377870.710678118630312, 5601729.289321881718934 ], [ 377863.439328416367061, 5601722.698954664170742 ], [ 377855.55702330195345, 5601716.853038770146668 ], [ 377847.139673682628199, 5601711.807873564772308 ], [ 377838.2683432365302, 5601707.612046749331057 ], [ 377829.028467725438531, 5601704.305966426618397 ], [ 377819.509032201603986, 5601701.921471959911287 ], [ 377809.80171403294662, 5601700.481527333147824 ], [ 377800.0, 5601700.0 ], [ 377799.518472667201422, 5601690.198285967111588 ], [ 377798.078528040321544, 5601680.490967798046768 ], [ 377795.69403357320698, 5601670.971532274968922 ], [ 377792.387953251134604, 5601661.731656763702631 ], [ 377788.192126434820239, 5601652.86032631713897 ], [ 377783.146961230260786, 5601644.442976698279381 ], [ 377777.301045336294919, 5601636.560671583749354 ], [ 377770.710678118630312, 5601629.289321881718934 ], [ 377763.439328416367061, 5601622.698954664170742 ], [ 377755.55702330195345, 5601616.853038770146668 ], [ 377747.139673682628199, 5601611.807873564772308 ], [ 377738.2683432365302, 5601607.612046749331057 ], [ 377729.028467725438531, 5601604.305966426618397 ], [ 377719.509032201603986, 5601601.921471959911287 ], [ 377709.80171403294662, 5601600.481527333147824 ], [ 377700.0, 5601600.0 ], [ 377699.518472667201422, 5601590.198285967111588 ], [ 377698.078528040321544, 5601580.490967798046768 ], [ 377695.69403357320698, 5601570.971532274968922 ], [ 377692.387953251134604, 5601561.731656763702631 ], [ 377688.192126434820239, 5601552.86032631713897 ], [ 377683.146961230260786, 5601544.442976698279381 ], [ 377677.301045336294919, 5601536.560671583749354 ], [ 377670.710678118630312, 5601529.289321881718934 ], [ 377663.439328416367061, 5601522.698954664170742 ], [ 377655.55702330195345, 5601516.853038770146668 ], [ 377647.139673682628199, 5601511.807873564772308 ], [ 377638.2683432365302, 5601507.612046749331057 ], [ 377629.028467725438531, 5601504.305966426618397 ], [ 377619.509032201603986, 5601501.921471959911287 ], [ 377609.80171403294662, 5601500.481527333147824 ], [ 377600.0, 5601500.0 ], [ 377400.0, 5601500.0 ], [ 377399.518472667201422, 5601490.198285967111588 ], [ 377398.078528040321544, 5601480.490967798046768 ], [ 377395.69403357320698, 5601470.971532274968922 ], [ 377392.387953251134604, 5601461.731656763702631 ], [ 377388.192126434820239, 5601452.86032631713897 ], [ 377383.146961230260786, 5601444.442976698279381 ], [ 377377.301045336294919, 5601436.560671583749354 ], [ 377370.710678118630312, 5601429.289321881718934 ], [ 377363.439328416367061, 5601422.698954664170742 ], [ 377355.55702330195345, 5601416.853038770146668 ], [ 377347.139673682628199, 5601411.807873564772308 ], [ 377338.2683432365302, 5601407.612046749331057 ], [ 377329.028467725438531, 5601404.305966426618397 ], [ 377319.509032201603986, 5601401.921471959911287 ], [ 377309.80171403294662, 5601400.481527333147824 ], [ 377300.0, 5601400.0 ], [ 376600.0, 5601400.0 ], [ 376599.518472667201422, 5601390.198285967111588 ], [ 376598.078528040321544, 5601380.490967798046768 ], [ 376595.69403357320698, 5601370.971532274968922 ], [ 376592.387953251134604, 5601361.731656763702631 ], [ 376588.192126434820239, 5601352.86032631713897 ], [ 376583.146961230260786, 5601344.442976698279381 ], [ 376577.301045336294919, 5601336.560671583749354 ], [ 376570.710678118630312, 5601329.289321881718934 ], [ 376563.439328416367061, 5601322.698954664170742 ], [ 376555.55702330195345, 5601316.853038770146668 ], [ 376547.139673682628199, 5601311.807873564772308 ], [ 376538.2683432365302, 5601307.612046749331057 ], [ 376529.028467725438531, 5601304.305966426618397 ], [ 376519.509032201603986, 5601301.921471959911287 ], [ 376509.80171403294662, 5601300.481527333147824 ], [ 376500.0, 5601300.0 ], [ 376200.0, 5601300.0 ], [ 376199.518472667201422, 5601290.198285967111588 ], [ 376198.078528040321544, 5601280.490967798046768 ], [ 376195.69403357320698, 5601270.971532274968922 ], [ 376192.387953251134604, 5601261.731656763702631 ], [ 376188.192126434820239, 5601252.86032631713897 ], [ 376183.146961230260786, 5601244.442976698279381 ], [ 376177.301045336294919, 5601236.560671583749354 ], [ 376170.710678118630312, 5601229.289321881718934 ], [ 376163.439328416367061, 5601222.698954664170742 ], [ 376155.55702330195345, 5601216.853038770146668 ], [ 376147.139673682628199, 5601211.807873564772308 ], [ 376138.2683432365302, 5601207.612046749331057 ], [ 376129.028467725438531, 5601204.305966426618397 ], [ 376119.509032201603986, 5601201.921471959911287 ], [ 376109.80171403294662, 5601200.481527333147824 ], [ 376100.0, 5601200.0 ], [ 376000.0, 5601200.0 ], [ 375999.518472667201422, 5601190.198285967111588 ], [ 375998.078528040321544, 5601180.490967798046768 ], [ 375995.69403357320698, 5601170.971532274968922 ], [ 375992.387953251134604, 5601161.731656763702631 ], [ 375988.192126434820239, 5601152.86032631713897 ], [ 375983.146961230260786, 5601144.442976698279381 ], [ 375977.301045336294919, 5601136.560671583749354 ], [ 375970.710678118630312, 5601129.289321881718934 ], [ 375963.439328416367061, 5601122.698954664170742 ], [ 375955.55702330195345, 5601116.853038770146668 ], [ 375947.139673682628199, 5601111.807873564772308 ], [ 375938.2683432365302, 5601107.612046749331057 ], [ 375929.028467725438531, 5601104.305966426618397 ], [ 375919.509032201603986, 5601101.921471959911287 ], [ 375909.80171403294662, 5601100.481527333147824 ], [ 375900.0, 5601100.0 ], [ 375700.0, 5601100.0 ], [ 375699.518472667201422, 5601090.198285967111588 ], [ 375698.078528040321544, 5601080.490967798046768 ], [ 375695.69403357320698, 5601070.971532274968922 ], [ 375692.387953251134604, 5601061.731656763702631 ], [ 375688.192126434820239, 5601052.86032631713897 ], [ 375683.146961230260786, 5601044.442976698279381 ], [ 375677.301045336294919, 5601036.560671583749354 ], [ 375670.710678118630312, 5601029.289321881718934 ], [ 375663.439328416367061, 5601022.698954664170742 ], [ 375655.55702330195345, 5601016.853038770146668 ], [ 375647.139673682628199, 5601011.807873564772308 ], [ 375638.2683432365302, 5601007.612046749331057 ], [ 375629.028467725438531, 5601004.305966426618397 ], [ 375619.509032201603986, 5601001.921471959911287 ], [ 375609.80171403294662, 5601000.481527333147824 ], [ 375600.0, 5601000.0 ], [ 374900.0, 5601000.0 ], [ 374899.518472667201422, 5600990.198285967111588 ], [ 374898.078528040321544, 5600980.490967798046768 ], [ 374895.69403357320698, 5600970.971532274968922 ], [ 374892.387953251134604, 5600961.731656763702631 ], [ 374888.192126434820239, 5600952.86032631713897 ], [ 374883.146961230260786, 5600944.442976698279381 ], [ 374877.301045336294919, 5600936.560671583749354 ], [ 374870.710678118630312, 5600929.289321881718934 ], [ 374863.439328416367061, 5600922.698954664170742 ], [ 374855.55702330195345, 5600916.853038770146668 ], [ 374847.139673682628199, 5600911.807873564772308 ], [ 374838.2683432365302, 5600907.612046749331057 ], [ 374829.028467725438531, 5600904.305966426618397 ], [ 374819.509032201603986, 5600901.921471959911287 ], [ 374809.80171403294662, 5600900.481527333147824 ], [ 374800.0, 5600900.0 ], [ 374500.0, 5600900.0 ], [ 374490.19828596705338, 5600900.481527333147824 ], [ 374480.490967798396014, 5600901.921471959911287 ], [ 374470.971532274561469, 5600904.305966426618397 ], [ 374461.7316567634698, 5600907.612046749331057 ], [ 374452.860326317371801, 5600911.807873564772308 ], [ 374444.44297669804655, 5600916.853038770146668 ], [ 374436.560671583632939, 5600922.698954664170742 ], [ 374429.289321881369688, 5600929.289321881718934 ], [ 374422.698954663705081, 5600936.560671583749354 ], [ 374416.853038769739214, 5600944.442976698279381 ], [ 374411.807873565179761, 5600952.86032631713897 ], [ 374407.612046748865396, 5600961.731656763702631 ], [ 374404.30596642679302, 5600970.971532274968922 ], [ 374401.921471959678456, 5600980.490967798046768 ], [ 374400.481527332798578, 5600990.198285967111588 ], [ 374400.0, 5601000.0 ], [ 374300.0, 5601000.0 ], [ 374290.19828596705338, 5601000.481527333147824 ], [ 374280.490967798396014, 5601001.921471959911287 ], [ 374270.971532274561469, 5601004.305966426618397 ], [ 374261.7316567634698, 5601007.612046749331057 ], [ 374252.860326317371801, 5601011.807873564772308 ], [ 374244.44297669804655, 5601016.853038770146668 ], [ 374236.560671583632939, 5601022.698954664170742 ], [ 374229.289321881369688, 5601029.289321881718934 ], [ 374222.698954663705081, 5601036.560671583749354 ], [ 374216.853038769739214, 5601044.442976698279381 ], [ 374211.807873565179761, 5601052.86032631713897 ], [ 374207.612046748865396, 5601061.731656763702631 ], [ 374204.30596642679302, 5601070.971532274968922 ], [ 374201.921471959678456, 5601080.490967798046768 ], [ 374200.481527332798578, 5601090.198285967111588 ], [ 374200.0, 5601100.0 ], [ 374100.0, 5601100.0 ], [ 374090.19828596705338, 5601100.481527333147824 ], [ 374080.490967798396014, 5601101.921471959911287 ], [ 374070.971532274561469, 5601104.305966426618397 ], [ 374061.7316567634698, 5601107.612046749331057 ], [ 374052.860326317371801, 5601111.807873564772308 ], [ 374044.44297669804655, 5601116.853038770146668 ], [ 374036.560671583632939, 5601122.698954664170742 ], [ 374029.289321881369688, 5601129.289321881718934 ], [ 374022.698954663705081, 5601136.560671583749354 ], [ 374016.853038769739214, 5601144.442976698279381 ], [ 374011.807873565179761, 5601152.86032631713897 ], [ 374007.612046748865396, 5601161.731656763702631 ], [ 374004.30596642679302, 5601170.971532274968922 ], [ 374001.921471959678456, 5601180.490967798046768 ], [ 374000.481527332798578, 5601190.198285967111588 ], [ 374000.0, 5601200.0 ], [ 372800.0, 5601200.0 ], [ 372790.19828596705338, 5601200.481527333147824 ], [ 372780.490967798396014, 5601201.921471959911287 ], [ 372770.971532274561469, 5601204.305966426618397 ], [ 372761.7316567634698, 5601207.612046749331057 ], [ 372752.860326317371801, 5601211.807873564772308 ], [ 372744.44297669804655, 5601216.853038770146668 ], [ 372736.560671583632939, 5601222.698954664170742 ], [ 372729.289321881369688, 5601229.289321881718934 ], [ 372722.698954663705081, 5601236.560671583749354 ], [ 372716.853038769739214, 5601244.442976698279381 ], [ 372711.807873565179761, 5601252.86032631713897 ], [ 372707.612046748865396, 5601261.731656763702631 ], [ 372704.30596642679302, 5601270.971532274968922 ], [ 372701.921471959678456, 5601280.490967798046768 ], [ 372700.481527332798578, 5601290.198285967111588 ], [ 372700.0, 5601300.0 ], [ 372300.0, 5601300.0 ], [ 372299.518472667201422, 5601290.198285967111588 ], [ 372298.078528040321544, 5601280.490967798046768 ], [ 372295.69403357320698, 5601270.971532274968922 ], [ 372292.387953251134604, 5601261.731656763702631 ], [ 372288.192126434820239, 5601252.86032631713897 ], [ 372283.146961230260786, 5601244.442976698279381 ], [ 372277.301045336294919, 5601236.560671583749354 ], [ 372270.710678118630312, 5601229.289321881718934 ], [ 372263.439328416367061, 5601222.698954664170742 ], [ 372255.55702330195345, 5601216.853038770146668 ], [ 372247.139673682628199, 5601211.807873564772308 ], [ 372238.2683432365302, 5601207.612046749331057 ], [ 372229.028467725438531, 5601204.305966426618397 ], [ 372219.509032201603986, 5601201.921471959911287 ], [ 372209.80171403294662, 5601200.481527333147824 ], [ 372200.0, 5601200.0 ], [ 372199.518472667201422, 5601190.198285967111588 ], [ 372198.078528040321544, 5601180.490967798046768 ], [ 372195.69403357320698, 5601170.971532274968922 ], [ 372192.387953251134604, 5601161.731656763702631 ], [ 372188.192126434820239, 5601152.86032631713897 ], [ 372183.146961230260786, 5601144.442976698279381 ], [ 372177.301045336294919, 5601136.560671583749354 ], [ 372170.710678118630312, 5601129.289321881718934 ], [ 372163.439328416367061, 5601122.698954664170742 ], [ 372155.55702330195345, 5601116.853038770146668 ], [ 372147.139673682628199, 5601111.807873564772308 ], [ 372138.2683432365302, 5601107.612046749331057 ], [ 372129.028467725438531, 5601104.305966426618397 ], [ 372119.509032201603986, 5601101.921471959911287 ], [ 372109.80171403294662, 5601100.481527333147824 ], [ 372100.0, 5601100.0 ], [ 372099.518472667201422, 5601090.198285967111588 ], [ 372098.078528040321544, 5601080.490967798046768 ], [ 372095.69403357320698, 5601070.971532274968922 ], [ 372092.387953251134604, 5601061.731656763702631 ], [ 372088.192126434820239, 5601052.86032631713897 ], [ 372083.146961230260786, 5601044.442976698279381 ], [ 372077.301045336294919, 5601036.560671583749354 ], [ 372070.710678118630312, 5601029.289321881718934 ], [ 372063.439328416367061, 5601022.698954664170742 ], [ 372055.55702330195345, 5601016.853038770146668 ], [ 372047.139673682628199, 5601011.807873564772308 ], [ 372038.2683432365302, 5601007.612046749331057 ], [ 372029.028467725438531, 5601004.305966426618397 ], [ 372019.509032201603986, 5601001.921471959911287 ], [ 372009.80171403294662, 5601000.481527333147824 ], [ 372000.0, 5601000.0 ], [ 371900.0, 5601000.0 ], [ 371899.518472667201422, 5600990.198285967111588 ], [ 371898.078528040321544, 5600980.490967798046768 ], [ 371895.69403357320698, 5600970.971532274968922 ], [ 371892.387953251134604, 5600961.731656763702631 ], [ 371888.192126434820239, 5600952.86032631713897 ], [ 371883.146961230260786, 5600944.442976698279381 ], [ 371877.301045336294919, 5600936.560671583749354 ], [ 371870.710678118630312, 5600929.289321881718934 ], [ 371863.439328416367061, 5600922.698954664170742 ], [ 371855.55702330195345, 5600916.853038770146668 ], [ 371847.139673682628199, 5600911.807873564772308 ], [ 371838.2683432365302, 5600907.612046749331057 ], [ 371829.028467725438531, 5600904.305966426618397 ], [ 371819.509032201603986, 5600901.921471959911287 ], [ 371809.80171403294662, 5600900.481527333147824 ], [ 371800.0, 5600900.0 ], [ 371400.0, 5600900.0 ], [ 371399.518472667201422, 5600890.198285967111588 ], [ 371398.078528040321544, 5600880.490967798046768 ], [ 371395.69403357320698, 5600870.971532274968922 ], [ 371392.387953251134604, 5600861.731656763702631 ], [ 371388.192126434820239, 5600852.86032631713897 ], [ 371383.146961230260786, 5600844.442976698279381 ], [ 371377.301045336294919, 5600836.560671583749354 ], [ 371370.710678118630312, 5600829.289321881718934 ], [ 371363.439328416367061, 5600822.698954664170742 ], [ 371355.55702330195345, 5600816.853038770146668 ], [ 371347.139673682628199, 5600811.807873564772308 ], [ 371338.2683432365302, 5600807.612046749331057 ], [ 371329.028467725438531, 5600804.305966426618397 ], [ 371319.509032201603986, 5600801.921471959911287 ], [ 371309.80171403294662, 5600800.481527333147824 ], [ 371300.0, 5600800.0 ], [ 371000.0, 5600800.0 ], [ 370990.19828596705338, 5600800.481527333147824 ], [ 370980.490967798396014, 5600801.921471959911287 ], [ 370970.971532274561469, 5600804.305966426618397 ], [ 370961.7316567634698, 5600807.612046749331057 ], [ 370952.860326317371801, 5600811.807873564772308 ], [ 370944.44297669804655, 5600816.853038770146668 ], [ 370936.560671583632939, 5600822.698954664170742 ], [ 370929.289321881369688, 5600829.289321881718934 ], [ 370922.698954663705081, 5600836.560671583749354 ], [ 370916.853038769739214, 5600844.442976698279381 ], [ 370911.807873565179761, 5600852.86032631713897 ], [ 370907.612046748865396, 5600861.731656763702631 ], [ 370904.30596642679302, 5600870.971532274968922 ], [ 370901.921471959678456, 5600880.490967798046768 ], [ 370900.481527332798578, 5600890.198285967111588 ], [ 370900.0, 5600900.0 ], [ 370200.0, 5600900.0 ], [ 370190.19828596705338, 5600900.481527333147824 ], [ 370180.490967798396014, 5600901.921471959911287 ], [ 370170.971532274561469, 5600904.305966426618397 ], [ 370161.7316567634698, 5600907.612046749331057 ], [ 370152.860326317371801, 5600911.807873564772308 ], [ 370150.0, 5600913.522287182509899 ], [ 370147.139673682628199, 5600911.807873564772308 ], [ 370138.2683432365302, 5600907.612046749331057 ], [ 370129.028467725438531, 5600904.305966426618397 ], [ 370119.509032201603986, 5600901.921471959911287 ], [ 370109.80171403294662, 5600900.481527333147824 ], [ 370100.0, 5600900.0 ], [ 370000.0, 5600900.0 ], [ 369999.518472667201422, 5600890.198285967111588 ], [ 369998.078528040321544, 5600880.490967798046768 ], [ 369995.69403357320698, 5600870.971532274968922 ], [ 369992.387953251134604, 5600861.731656763702631 ], [ 369988.192126434820239, 5600852.86032631713897 ], [ 369983.146961230260786, 5600844.442976698279381 ], [ 369977.301045336294919, 5600836.560671583749354 ], [ 369970.710678118630312, 5600829.289321881718934 ], [ 369963.439328416367061, 5600822.698954664170742 ], [ 369955.55702330195345, 5600816.853038770146668 ], [ 369947.139673682628199, 5600811.807873564772308 ], [ 369938.2683432365302, 5600807.612046749331057 ], [ 369929.028467725438531, 5600804.305966426618397 ], [ 369919.509032201603986, 5600801.921471959911287 ], [ 369909.80171403294662, 5600800.481527333147824 ], [ 369900.0, 5600800.0 ], [ 369899.518472667201422, 5600790.198285967111588 ], [ 369898.078528040321544, 5600780.490967798046768 ], [ 369895.69403357320698, 5600770.971532274968922 ], [ 369892.387953251134604, 5600761.731656763702631 ], [ 369888.192126434820239, 5600752.86032631713897 ], [ 369883.146961230260786, 5600744.442976698279381 ], [ 369877.301045336294919, 5600736.560671583749354 ], [ 369870.710678118630312, 5600729.289321881718934 ], [ 369863.439328416367061, 5600722.698954664170742 ], [ 369855.55702330195345, 5600716.853038770146668 ], [ 369847.139673682628199, 5600711.807873564772308 ], [ 369838.2683432365302, 5600707.612046749331057 ], [ 369829.028467725438531, 5600704.305966426618397 ], [ 369819.509032201603986, 5600701.921471959911287 ], [ 369809.80171403294662, 5600700.481527333147824 ], [ 369800.0, 5600700.0 ], [ 369799.518472667201422, 5600690.198285967111588 ], [ 369798.078528040321544, 5600680.490967798046768 ], [ 369795.69403357320698, 5600670.971532274968922 ], [ 369792.387953251134604, 5600661.731656763702631 ], [ 369788.192126434820239, 5600652.86032631713897 ], [ 369783.146961230260786, 5600644.442976698279381 ], [ 369777.301045336294919, 5600636.560671583749354 ], [ 369770.710678118630312, 5600629.289321881718934 ], [ 369763.439328416367061, 5600622.698954664170742 ], [ 369755.55702330195345, 5600616.853038770146668 ], [ 369747.139673682628199, 5600611.807873564772308 ], [ 369738.2683432365302, 5600607.612046749331057 ], [ 369729.028467725438531, 5600604.305966426618397 ], [ 369719.509032201603986, 5600601.921471959911287 ], [ 369709.80171403294662, 5600600.481527333147824 ], [ 369700.0, 5600600.0 ], [ 369699.518472667201422, 5600590.198285967111588 ], [ 369698.078528040321544, 5600580.490967798046768 ], [ 369695.69403357320698, 5600570.971532274968922 ], [ 369692.387953251134604, 5600561.731656763702631 ], [ 369688.192126434820239, 5600552.86032631713897 ], [ 369683.146961230260786, 5600544.442976698279381 ], [ 369677.301045336294919, 5600536.560671583749354 ], [ 369670.710678118630312, 5600529.289321881718934 ], [ 369663.439328416367061, 5600522.698954664170742 ], [ 369655.55702330195345, 5600516.853038770146668 ], [ 369647.139673682628199, 5600511.807873564772308 ], [ 369638.2683432365302, 5600507.612046749331057 ], [ 369629.028467725438531, 5600504.305966426618397 ], [ 369619.509032201603986, 5600501.921471959911287 ], [ 369609.80171403294662, 5600500.481527333147824 ], [ 369600.0, 5600500.0 ], [ 369599.518472667201422, 5600490.198285967111588 ], [ 369598.078528040321544, 5600480.490967798046768 ], [ 369595.69403357320698, 5600470.971532274968922 ], [ 369592.387953251134604, 5600461.731656763702631 ], [ 369588.192126434820239, 5600452.86032631713897 ], [ 369583.146961230260786, 5600444.442976698279381 ], [ 369577.301045336294919, 5600436.560671583749354 ], [ 369570.710678118630312, 5600429.289321881718934 ], [ 369563.439328416367061, 5600422.698954664170742 ], [ 369555.55702330195345, 5600416.853038770146668 ], [ 369547.139673682628199, 5600411.807873564772308 ], [ 369538.2683432365302, 5600407.612046749331057 ], [ 369529.028467725438531, 5600404.305966426618397 ], [ 369519.509032201603986, 5600401.921471959911287 ], [ 369509.80171403294662, 5600400.481527333147824 ], [ 369500.0, 5600400.0 ], [ 369000.0, 5600400.0 ], [ 368990.19828596705338, 5600400.481527333147824 ], [ 368980.490967798396014, 5600401.921471959911287 ], [ 368970.971532274561469, 5600404.305966426618397 ], [ 368961.7316567634698, 5600407.612046749331057 ], [ 368952.860326317371801, 5600411.807873564772308 ], [ 368944.44297669804655, 5600416.853038770146668 ], [ 368936.560671583632939, 5600422.698954664170742 ], [ 368929.289321881369688, 5600429.289321881718934 ], [ 368922.698954663705081, 5600436.560671583749354 ], [ 368916.853038769739214, 5600444.442976698279381 ], [ 368911.807873565179761, 5600452.86032631713897 ], [ 368907.612046748865396, 5600461.731656763702631 ], [ 368904.30596642679302, 5600470.971532274968922 ], [ 368901.921471959678456, 5600480.490967798046768 ], [ 368900.481527332798578, 5600490.198285967111588 ], [ 368900.0, 5600500.0 ], [ 368300.0, 5600500.0 ], [ 368299.518472667201422, 5600490.198285967111588 ], [ 368298.078528040321544, 5600480.490967798046768 ], [ 368295.69403357320698, 5600470.971532274968922 ], [ 368292.387953251134604, 5600461.731656763702631 ], [ 368288.192126434820239, 5600452.86032631713897 ], [ 368283.146961230260786, 5600444.442976698279381 ], [ 368277.301045336294919, 5600436.560671583749354 ], [ 368270.710678118630312, 5600429.289321881718934 ], [ 368263.439328416367061, 5600422.698954664170742 ], [ 368255.55702330195345, 5600416.853038770146668 ], [ 368247.139673682628199, 5600411.807873564772308 ], [ 368238.2683432365302, 5600407.612046749331057 ], [ 368229.028467725438531, 5600404.305966426618397 ], [ 368219.509032201603986, 5600401.921471959911287 ], [ 368209.80171403294662, 5600400.481527333147824 ], [ 368200.0, 5600400.0 ], [ 368100.0, 5600400.0 ], [ 368090.19828596705338, 5600400.481527333147824 ], [ 368080.490967798396014, 5600401.921471959911287 ], [ 368070.971532274561469, 5600404.305966426618397 ], [ 368061.7316567634698, 5600407.612046749331057 ], [ 368052.860326317371801, 5600411.807873564772308 ], [ 368044.44297669804655, 5600416.853038770146668 ], [ 368036.560671583632939, 5600422.698954664170742 ], [ 368029.289321881369688, 5600429.289321881718934 ], [ 368022.698954663705081, 5600436.560671583749354 ], [ 368016.853038769739214, 5600444.442976698279381 ], [ 368011.807873565179761, 5600452.86032631713897 ], [ 368007.612046748865396, 5600461.731656763702631 ], [ 368004.30596642679302, 5600470.971532274968922 ], [ 368001.921471959678456, 5600480.490967798046768 ], [ 368000.481527332798578, 5600490.198285967111588 ], [ 368000.0, 5600500.0 ], [ 366500.0, 5600500.0 ], [ 366499.518472667201422, 5600490.198285967111588 ], [ 366498.078528040321544, 5600480.490967798046768 ], [ 366495.69403357320698, 5600470.971532274968922 ], [ 366492.387953251134604, 5600461.731656763702631 ], [ 366488.192126434820239, 5600452.86032631713897 ], [ 366483.146961230260786, 5600444.442976698279381 ], [ 366477.301045336294919, 5600436.560671583749354 ], [ 366470.710678118630312, 5600429.289321881718934 ], [ 366463.439328416367061, 5600422.698954664170742 ], [ 366455.55702330195345, 5600416.853038770146668 ], [ 366447.139673682628199, 5600411.807873564772308 ], [ 366438.2683432365302, 5600407.612046749331057 ], [ 366429.028467725438531, 5600404.305966426618397 ], [ 366419.509032201603986, 5600401.921471959911287 ], [ 366409.80171403294662, 5600400.481527333147824 ], [ 366400.0, 5600400.0 ], [ 366200.0, 5600400.0 ], [ 366199.518472667201422, 5600390.198285967111588 ], [ 366198.078528040321544, 5600380.490967798046768 ], [ 366195.69403357320698, 5600370.971532274968922 ], [ 366192.387953251134604, 5600361.731656763702631 ], [ 366188.192126434820239, 5600352.86032631713897 ], [ 366183.146961230260786, 5600344.442976698279381 ], [ 366177.301045336294919, 5600336.560671583749354 ], [ 366170.710678118630312, 5600329.289321881718934 ], [ 366163.439328416367061, 5600322.698954664170742 ], [ 366155.55702330195345, 5600316.853038770146668 ], [ 366147.139673682628199, 5600311.807873564772308 ], [ 366138.2683432365302, 5600307.612046749331057 ], [ 366129.028467725438531, 5600304.305966426618397 ], [ 366119.509032201603986, 5600301.921471959911287 ], [ 366109.80171403294662, 5600300.481527333147824 ], [ 366100.0, 5600300.0 ], [ 366099.518472667201422, 5600290.198285967111588 ], [ 366098.078528040321544, 5600280.490967798046768 ], [ 366095.69403357320698, 5600270.971532274968922 ], [ 366092.387953251134604, 5600261.731656763702631 ], [ 366088.192126434820239, 5600252.86032631713897 ], [ 366083.146961230260786, 5600244.442976698279381 ], [ 366077.301045336294919, 5600236.560671583749354 ], [ 366070.710678118630312, 5600229.289321881718934 ], [ 366063.439328416367061, 5600222.698954664170742 ], [ 366055.55702330195345, 5600216.853038770146668 ], [ 366047.139673682628199, 5600211.807873564772308 ], [ 366038.2683432365302, 5600207.612046749331057 ], [ 366029.028467725438531, 5600204.305966426618397 ], [ 366019.509032201603986, 5600201.921471959911287 ], [ 366009.80171403294662, 5600200.481527333147824 ], [ 366000.0, 5600200.0 ], [ 365999.518472667201422, 5600190.198285967111588 ], [ 365998.078528040321544, 5600180.490967798046768 ], [ 365995.69403357320698, 5600170.971532274968922 ], [ 365992.387953251134604, 5600161.731656763702631 ], [ 365988.192126434820239, 5600152.86032631713897 ], [ 365983.146961230260786, 5600144.442976698279381 ], [ 365977.301045336294919, 5600136.560671583749354 ], [ 365970.710678118630312, 5600129.289321881718934 ], [ 365963.439328416367061, 5600122.698954664170742 ], [ 365955.55702330195345, 5600116.853038770146668 ], [ 365947.139673682628199, 5600111.807873564772308 ], [ 365938.2683432365302, 5600107.612046749331057 ], [ 365929.028467725438531, 5600104.305966426618397 ], [ 365919.509032201603986, 5600101.921471959911287 ], [ 365909.80171403294662, 5600100.481527333147824 ], [ 365900.0, 5600100.0 ], [ 365100.0, 5600100.0 ], [ 365090.19828596705338, 5600100.481527333147824 ], [ 365080.490967798396014, 5600101.921471959911287 ], [ 365070.971532274561469, 5600104.305966426618397 ], [ 365061.7316567634698, 5600107.612046749331057 ], [ 365052.860326317371801, 5600111.807873564772308 ], [ 365044.44297669804655, 5600116.853038770146668 ], [ 365036.560671583632939, 5600122.698954664170742 ], [ 365029.289321881369688, 5600129.289321881718934 ], [ 365022.698954663705081, 5600136.560671583749354 ], [ 365016.853038769739214, 5600144.442976698279381 ], [ 365011.807873565179761, 5600152.86032631713897 ], [ 365007.612046748865396, 5600161.731656763702631 ], [ 365004.30596642679302, 5600170.971532274968922 ], [ 365001.921471959678456, 5600180.490967798046768 ], [ 365000.481527332798578, 5600190.198285967111588 ], [ 365000.0, 5600200.0 ], [ 364900.0, 5600200.0 ], [ 364900.0, 5600100.0 ], [ 364899.518472667201422, 5600090.198285967111588 ], [ 364898.078528040321544, 5600080.490967798046768 ], [ 364895.69403357320698, 5600070.971532274968922 ], [ 364892.387953251134604, 5600061.731656763702631 ], [ 364888.192126434820239, 5600052.86032631713897 ], [ 364883.146961230260786, 5600044.442976698279381 ], [ 364877.301045336294919, 5600036.560671583749354 ], [ 364870.710678118630312, 5600029.289321881718934 ], [ 364863.439328416367061, 5600022.698954664170742 ], [ 364855.55702330195345, 5600016.853038770146668 ], [ 364847.139673682628199, 5600011.807873564772308 ], [ 364838.2683432365302, 5600007.612046749331057 ], [ 364829.028467725438531, 5600004.305966426618397 ], [ 364819.509032201603986, 5600001.921471959911287 ], [ 364809.80171403294662, 5600000.481527333147824 ], [ 364800.0, 5600000.0 ], [ 364800.0, 5599900.0 ], [ 364809.80171403294662, 5599899.518472666852176 ], [ 364819.509032201603986, 5599898.078528040088713 ], [ 364829.028467725438531, 5599895.694033573381603 ], [ 364838.2683432365302, 5599892.387953250668943 ], [ 364847.139673682628199, 5599888.192126435227692 ], [ 364855.55702330195345, 5599883.146961229853332 ], [ 364863.439328416367061, 5599877.301045335829258 ], [ 364870.710678118630312, 5599870.710678118281066 ], [ 364877.301045336294919, 5599863.439328416250646 ], [ 364883.146961230260786, 5599855.557023301720619 ], [ 364888.192126434820239, 5599847.13967368286103 ], [ 364892.387953251134604, 5599838.268343236297369 ], [ 364895.69403357320698, 5599829.028467725031078 ], [ 364898.078528040321544, 5599819.509032201953232 ], [ 364899.518472667201422, 5599809.801714032888412 ], [ 364900.0, 5599800.0 ], [ 364900.0, 5599700.0 ], [ 364899.518472667201422, 5599690.198285967111588 ], [ 364898.078528040321544, 5599680.490967798046768 ], [ 364895.69403357320698, 5599670.971532274968922 ], [ 364892.387953251134604, 5599661.731656763702631 ], [ 364888.192126434820239, 5599652.86032631713897 ], [ 364883.146961230260786, 5599644.442976698279381 ], [ 364877.301045336294919, 5599636.560671583749354 ], [ 364870.710678118630312, 5599629.289321881718934 ], [ 364863.439328416367061, 5599622.698954664170742 ], [ 364855.55702330195345, 5599616.853038770146668 ], [ 364847.139673682628199, 5599611.807873564772308 ], [ 364838.2683432365302, 5599607.612046749331057 ], [ 364829.028467725438531, 5599604.305966426618397 ], [ 364819.509032201603986, 5599601.921471959911287 ], [ 364809.80171403294662, 5599600.481527333147824 ], [ 364800.0, 5599600.0 ], [ 364800.0, 5599500.0 ], [ 364799.518472667201422, 5599490.198285967111588 ], [ 364798.078528040321544, 5599480.490967798046768 ], [ 364795.69403357320698, 5599470.971532274968922 ], [ 364792.387953251134604, 5599461.731656763702631 ], [ 364788.192126434820239, 5599452.86032631713897 ], [ 364783.146961230260786, 5599444.442976698279381 ], [ 364777.301045336294919, 5599436.560671583749354 ], [ 364770.710678118630312, 5599429.289321881718934 ], [ 364763.439328416367061, 5599422.698954664170742 ], [ 364755.55702330195345, 5599416.853038770146668 ], [ 364747.139673682628199, 5599411.807873564772308 ], [ 364738.2683432365302, 5599407.612046749331057 ], [ 364729.028467725438531, 5599404.305966426618397 ], [ 364719.509032201603986, 5599401.921471959911287 ], [ 364709.80171403294662, 5599400.481527333147824 ], [ 364700.0, 5599400.0 ], [ 364600.0, 5599400.0 ], [ 364599.518472667201422, 5599390.198285967111588 ], [ 364598.078528040321544, 5599380.490967798046768 ], [ 364595.69403357320698, 5599370.971532274968922 ], [ 364592.387953251134604, 5599361.731656763702631 ], [ 364588.192126434820239, 5599352.86032631713897 ], [ 364583.146961230260786, 5599344.442976698279381 ], [ 364577.301045336294919, 5599336.560671583749354 ], [ 364570.710678118630312, 5599329.289321881718934 ], [ 364563.439328416367061, 5599322.698954664170742 ], [ 364555.55702330195345, 5599316.853038770146668 ], [ 364547.139673682628199, 5599311.807873564772308 ], [ 364538.2683432365302, 5599307.612046749331057 ], [ 364529.028467725438531, 5599304.305966426618397 ], [ 364519.509032201603986, 5599301.921471959911287 ], [ 364509.80171403294662, 5599300.481527333147824 ], [ 364500.0, 5599300.0 ], [ 364400.0, 5599300.0 ], [ 364399.518472667201422, 5599290.198285967111588 ], [ 364398.078528040321544, 5599280.490967798046768 ], [ 364395.69403357320698, 5599270.971532274968922 ], [ 364392.387953251134604, 5599261.731656763702631 ], [ 364388.192126434820239, 5599252.86032631713897 ], [ 364383.146961230260786, 5599244.442976698279381 ], [ 364377.301045336294919, 5599236.560671583749354 ], [ 364370.710678118630312, 5599229.289321881718934 ], [ 364363.439328416367061, 5599222.698954664170742 ], [ 364355.55702330195345, 5599216.853038770146668 ], [ 364347.139673682628199, 5599211.807873564772308 ], [ 364338.2683432365302, 5599207.612046749331057 ], [ 364329.028467725438531, 5599204.305966426618397 ], [ 364319.509032201603986, 5599201.921471959911287 ], [ 364309.80171403294662, 5599200.481527333147824 ], [ 364300.0, 5599200.0 ], [ 364200.0, 5599200.0 ], [ 364199.518472667201422, 5599190.198285967111588 ], [ 364198.078528040321544, 5599180.490967798046768 ], [ 364195.69403357320698, 5599170.971532274968922 ], [ 364192.387953251134604, 5599161.731656763702631 ], [ 364188.192126434820239, 5599152.86032631713897 ], [ 364183.146961230260786, 5599144.442976698279381 ], [ 364177.301045336294919, 5599136.560671583749354 ], [ 364170.710678118630312, 5599129.289321881718934 ], [ 364163.439328416367061, 5599122.698954664170742 ], [ 364155.55702330195345, 5599116.853038770146668 ], [ 364147.139673682628199, 5599111.807873564772308 ], [ 364138.2683432365302, 5599107.612046749331057 ], [ 364129.028467725438531, 5599104.305966426618397 ], [ 364119.509032201603986, 5599101.921471959911287 ], [ 364109.80171403294662, 5599100.481527333147824 ], [ 364100.0, 5599100.0 ], [ 364000.0, 5599100.0 ], [ 363999.518472667201422, 5599090.198285967111588 ], [ 363998.078528040321544, 5599080.490967798046768 ], [ 363995.69403357320698, 5599070.971532274968922 ], [ 363992.387953251134604, 5599061.731656763702631 ], [ 363988.192126434820239, 5599052.86032631713897 ], [ 363983.146961230260786, 5599044.442976698279381 ], [ 363977.301045336294919, 5599036.560671583749354 ], [ 363970.710678118630312, 5599029.289321881718934 ], [ 363963.439328416367061, 5599022.698954664170742 ], [ 363955.55702330195345, 5599016.853038770146668 ], [ 363947.139673682628199, 5599011.807873564772308 ], [ 363938.2683432365302, 5599007.612046749331057 ], [ 363929.028467725438531, 5599004.305966426618397 ], [ 363919.509032201603986, 5599001.921471959911287 ], [ 363909.80171403294662, 5599000.481527333147824 ], [ 363900.0, 5599000.0 ], [ 363200.0, 5599000.0 ], [ 363190.19828596705338, 5599000.481527333147824 ], [ 363180.490967798396014, 5599001.921471959911287 ], [ 363170.971532274561469, 5599004.305966426618397 ], [ 363161.7316567634698, 5599007.612046749331057 ], [ 363152.860326317371801, 5599011.807873564772308 ], [ 363144.44297669804655, 5599016.853038770146668 ], [ 363136.560671583632939, 5599022.698954664170742 ], [ 363129.289321881369688, 5599029.289321881718934 ], [ 363122.698954663705081, 5599036.560671583749354 ], [ 363116.853038769739214, 5599044.442976698279381 ], [ 363111.807873565179761, 5599052.86032631713897 ], [ 363107.612046748865396, 5599061.731656763702631 ], [ 363104.30596642679302, 5599070.971532274968922 ], [ 363101.921471959678456, 5599080.490967798046768 ], [ 363100.481527332798578, 5599090.198285967111588 ], [ 363100.0, 5599100.0 ], [ 363090.19828596705338, 5599100.481527333147824 ], [ 363080.490967798396014, 5599101.921471959911287 ], [ 363070.971532274561469, 5599104.305966426618397 ], [ 363061.7316567634698, 5599107.612046749331057 ], [ 363052.860326317371801, 5599111.807873564772308 ], [ 363044.44297669804655, 5599116.853038770146668 ], [ 363036.560671583632939, 5599122.698954664170742 ], [ 363029.289321881369688, 5599129.289321881718934 ], [ 363022.698954663705081, 5599136.560671583749354 ], [ 363016.853038769739214, 5599144.442976698279381 ], [ 363011.807873565179761, 5599152.86032631713897 ], [ 363007.612046748865396, 5599161.731656763702631 ], [ 363004.30596642679302, 5599170.971532274968922 ], [ 363001.921471959678456, 5599180.490967798046768 ], [ 363000.481527332798578, 5599190.198285967111588 ], [ 363000.0, 5599200.0 ], [ 363000.0, 5599300.0 ], [ 362800.0, 5599300.0 ], [ 362790.19828596705338, 5599300.481527333147824 ], [ 362780.490967798396014, 5599301.921471959911287 ], [ 362770.971532274561469, 5599304.305966426618397 ], [ 362761.7316567634698, 5599307.612046749331057 ], [ 362752.860326317371801, 5599311.807873564772308 ], [ 362744.44297669804655, 5599316.853038770146668 ], [ 362736.560671583632939, 5599322.698954664170742 ], [ 362729.289321881369688, 5599329.289321881718934 ], [ 362722.698954663705081, 5599336.560671583749354 ], [ 362716.853038769739214, 5599344.442976698279381 ], [ 362711.807873565179761, 5599352.86032631713897 ], [ 362707.612046748865396, 5599361.731656763702631 ], [ 362704.30596642679302, 5599370.971532274968922 ], [ 362701.921471959678456, 5599380.490967798046768 ], [ 362700.481527332798578, 5599390.198285967111588 ], [ 362700.0, 5599400.0 ], [ 362400.0, 5599400.0 ], [ 362390.19828596705338, 5599400.481527333147824 ], [ 362380.490967798396014, 5599401.921471959911287 ], [ 362370.971532274561469, 5599404.305966426618397 ], [ 362361.7316567634698, 5599407.612046749331057 ], [ 362352.860326317371801, 5599411.807873564772308 ], [ 362344.44297669804655, 5599416.853038770146668 ], [ 362336.560671583632939, 5599422.698954664170742 ], [ 362329.289321881369688, 5599429.289321881718934 ], [ 362322.698954663705081, 5599436.560671583749354 ], [ 362316.853038769739214, 5599444.442976698279381 ], [ 362311.807873565179761, 5599452.86032631713897 ], [ 362307.612046748865396, 5599461.731656763702631 ], [ 362304.30596642679302, 5599470.971532274968922 ], [ 362301.921471959678456, 5599480.490967798046768 ], [ 362300.481527332798578, 5599490.198285967111588 ], [ 362300.0, 5599500.0 ], [ 362300.0, 5599600.0 ], [ 362299.518472667201422, 5599590.198285967111588 ], [ 362298.078528040321544, 5599580.490967798046768 ], [ 362295.69403357320698, 5599570.971532274968922 ], [ 362292.387953251134604, 5599561.731656763702631 ], [ 362288.192126434820239, 5599552.86032631713897 ], [ 362283.146961230260786, 5599544.442976698279381 ], [ 362277.301045336294919, 5599536.560671583749354 ], [ 362270.710678118630312, 5599529.289321881718934 ], [ 362263.439328416367061, 5599522.698954664170742 ], [ 362255.55702330195345, 5599516.853038770146668 ], [ 362247.139673682628199, 5599511.807873564772308 ], [ 362238.2683432365302, 5599507.612046749331057 ], [ 362229.028467725438531, 5599504.305966426618397 ], [ 362219.509032201603986, 5599501.921471959911287 ], [ 362209.80171403294662, 5599500.481527333147824 ], [ 362200.0, 5599500.0 ], [ 361800.0, 5599500.0 ], [ 361790.19828596705338, 5599500.481527333147824 ], [ 361780.490967798396014, 5599501.921471959911287 ], [ 361770.971532274561469, 5599504.305966426618397 ], [ 361761.7316567634698, 5599507.612046749331057 ], [ 361752.860326317371801, 5599511.807873564772308 ], [ 361744.44297669804655, 5599516.853038770146668 ], [ 361736.560671583632939, 5599522.698954664170742 ], [ 361729.289321881369688, 5599529.289321881718934 ], [ 361722.698954663705081, 5599536.560671583749354 ], [ 361716.853038769739214, 5599544.442976698279381 ], [ 361711.807873565179761, 5599552.86032631713897 ], [ 361707.612046748865396, 5599561.731656763702631 ], [ 361704.30596642679302, 5599570.971532274968922 ], [ 361701.921471959678456, 5599580.490967798046768 ], [ 361700.481527332798578, 5599590.198285967111588 ], [ 361700.0, 5599600.0 ], [ 361700.0, 5599700.0 ], [ 361699.518472667201422, 5599690.198285967111588 ], [ 361698.078528040321544, 5599680.490967798046768 ], [ 361695.69403357320698, 5599670.971532274968922 ], [ 361692.387953251134604, 5599661.731656763702631 ], [ 361688.192126434820239, 5599652.86032631713897 ], [ 361683.146961230260786, 5599644.442976698279381 ], [ 361677.301045336294919, 5599636.560671583749354 ], [ 361670.710678118630312, 5599629.289321881718934 ], [ 361663.439328416367061, 5599622.698954664170742 ], [ 361655.55702330195345, 5599616.853038770146668 ], [ 361647.139673682628199, 5599611.807873564772308 ], [ 361638.2683432365302, 5599607.612046749331057 ], [ 361629.028467725438531, 5599604.305966426618397 ], [ 361619.509032201603986, 5599601.921471959911287 ], [ 361609.80171403294662, 5599600.481527333147824 ], [ 361600.0, 5599600.0 ], [ 361500.0, 5599600.0 ], [ 361500.0, 5599500.0 ], [ 361499.518472667201422, 5599490.198285967111588 ], [ 361498.078528040321544, 5599480.490967798046768 ], [ 361495.69403357320698, 5599470.971532274968922 ], [ 361492.387953251134604, 5599461.731656763702631 ], [ 361488.192126434820239, 5599452.86032631713897 ], [ 361483.146961230260786, 5599444.442976698279381 ], [ 361477.301045336294919, 5599436.560671583749354 ], [ 361470.710678118630312, 5599429.289321881718934 ], [ 361463.439328416367061, 5599422.698954664170742 ], [ 361455.55702330195345, 5599416.853038770146668 ], [ 361447.139673682628199, 5599411.807873564772308 ], [ 361438.2683432365302, 5599407.612046749331057 ], [ 361429.028467725438531, 5599404.305966426618397 ], [ 361419.509032201603986, 5599401.921471959911287 ], [ 361409.80171403294662, 5599400.481527333147824 ], [ 361400.0, 5599400.0 ], [ 361400.0, 5598900.0 ], [ 361399.518472667201422, 5598890.198285967111588 ], [ 361398.078528040321544, 5598880.490967798046768 ], [ 361395.69403357320698, 5598870.971532274968922 ], [ 361392.387953251134604, 5598861.731656763702631 ], [ 361388.192126434820239, 5598852.86032631713897 ], [ 361383.146961230260786, 5598844.442976698279381 ], [ 361377.301045336294919, 5598836.560671583749354 ], [ 361370.710678118630312, 5598829.289321881718934 ], [ 361363.439328416367061, 5598822.698954664170742 ], [ 361355.55702330195345, 5598816.853038770146668 ], [ 361347.139673682628199, 5598811.807873564772308 ], [ 361338.2683432365302, 5598807.612046749331057 ], [ 361329.028467725438531, 5598804.305966426618397 ], [ 361319.509032201603986, 5598801.921471959911287 ], [ 361309.80171403294662, 5598800.481527333147824 ], [ 361300.0, 5598800.0 ], [ 361300.0, 5598700.0 ], [ 361309.80171403294662, 5598699.518472666852176 ], [ 361319.509032201603986, 5598698.078528040088713 ], [ 361329.028467725438531, 5598695.694033573381603 ], [ 361338.2683432365302, 5598692.387953250668943 ], [ 361347.139673682628199, 5598688.192126435227692 ], [ 361355.55702330195345, 5598683.146961229853332 ], [ 361363.439328416367061, 5598677.301045335829258 ], [ 361370.710678118630312, 5598670.710678118281066 ], [ 361377.301045336294919, 5598663.439328416250646 ], [ 361383.146961230260786, 5598655.557023301720619 ], [ 361388.192126434820239, 5598647.13967368286103 ], [ 361392.387953251134604, 5598638.268343236297369 ], [ 361395.69403357320698, 5598629.028467725031078 ], [ 361398.078528040321544, 5598619.509032201953232 ], [ 361399.518472667201422, 5598609.801714032888412 ], [ 361400.0, 5598600.0 ], [ 361400.0, 5598300.0 ], [ 361399.518472667201422, 5598290.198285967111588 ], [ 361398.078528040321544, 5598280.490967798046768 ], [ 361395.69403357320698, 5598270.971532274968922 ], [ 361392.387953251134604, 5598261.731656763702631 ], [ 361388.192126434820239, 5598252.86032631713897 ], [ 361383.146961230260786, 5598244.442976698279381 ], [ 361377.301045336294919, 5598236.560671583749354 ], [ 361370.710678118630312, 5598229.289321881718934 ], [ 361363.439328416367061, 5598222.698954664170742 ], [ 361355.55702330195345, 5598216.853038770146668 ], [ 361347.139673682628199, 5598211.807873564772308 ], [ 361338.2683432365302, 5598207.612046749331057 ], [ 361329.028467725438531, 5598204.305966426618397 ], [ 361319.509032201603986, 5598201.921471959911287 ], [ 361309.80171403294662, 5598200.481527333147824 ], [ 361300.0, 5598200.0 ], [ 361300.0, 5597600.0 ], [ 361299.518472667201422, 5597590.198285967111588 ], [ 361298.078528040321544, 5597580.490967798046768 ], [ 361295.69403357320698, 5597570.971532274968922 ], [ 361292.387953251134604, 5597561.731656763702631 ], [ 361288.192126434820239, 5597552.86032631713897 ], [ 361283.146961230260786, 5597544.442976698279381 ], [ 361277.301045336294919, 5597536.560671583749354 ], [ 361270.710678118630312, 5597529.289321881718934 ], [ 361263.439328416367061, 5597522.698954664170742 ], [ 361255.55702330195345, 5597516.853038770146668 ], [ 361247.139673682628199, 5597511.807873564772308 ], [ 361238.2683432365302, 5597507.612046749331057 ], [ 361229.028467725438531, 5597504.305966426618397 ], [ 361219.509032201603986, 5597501.921471959911287 ], [ 361209.80171403294662, 5597500.481527333147824 ], [ 361200.0, 5597500.0 ], [ 361199.518472667201422, 5597490.198285967111588 ], [ 361198.078528040321544, 5597480.490967798046768 ], [ 361195.69403357320698, 5597470.971532274968922 ], [ 361192.387953251134604, 5597461.731656763702631 ], [ 361188.192126434820239, 5597452.86032631713897 ], [ 361183.146961230260786, 5597444.442976698279381 ], [ 361177.301045336294919, 5597436.560671583749354 ], [ 361170.710678118630312, 5597429.289321881718934 ], [ 361163.439328416367061, 5597422.698954664170742 ], [ 361155.55702330195345, 5597416.853038770146668 ], [ 361147.139673682628199, 5597411.807873564772308 ], [ 361138.2683432365302, 5597407.612046749331057 ], [ 361129.028467725438531, 5597404.305966426618397 ], [ 361119.509032201603986, 5597401.921471959911287 ], [ 361109.80171403294662, 5597400.481527333147824 ], [ 361100.0, 5597400.0 ], [ 360900.0, 5597400.0 ], [ 360890.19828596705338, 5597400.481527333147824 ], [ 360880.490967798396014, 5597401.921471959911287 ], [ 360870.971532274561469, 5597404.305966426618397 ], [ 360861.7316567634698, 5597407.612046749331057 ], [ 360852.860326317371801, 5597411.807873564772308 ], [ 360844.44297669804655, 5597416.853038770146668 ], [ 360836.560671583632939, 5597422.698954664170742 ], [ 360829.289321881369688, 5597429.289321881718934 ], [ 360822.698954663705081, 5597436.560671583749354 ], [ 360816.853038769739214, 5597444.442976698279381 ], [ 360811.807873565179761, 5597452.86032631713897 ], [ 360807.612046748865396, 5597461.731656763702631 ], [ 360804.30596642679302, 5597470.971532274968922 ], [ 360801.921471959678456, 5597480.490967798046768 ], [ 360800.481527332798578, 5597490.198285967111588 ], [ 360800.0, 5597500.0 ], [ 360600.0, 5597500.0 ], [ 360590.19828596705338, 5597500.481527333147824 ], [ 360580.490967798396014, 5597501.921471959911287 ], [ 360570.971532274561469, 5597504.305966426618397 ], [ 360561.7316567634698, 5597507.612046749331057 ], [ 360552.860326317371801, 5597511.807873564772308 ], [ 360544.44297669804655, 5597516.853038770146668 ], [ 360536.560671583632939, 5597522.698954664170742 ], [ 360529.289321881369688, 5597529.289321881718934 ], [ 360522.698954663705081, 5597536.560671583749354 ], [ 360516.853038769739214, 5597544.442976698279381 ], [ 360511.807873565179761, 5597552.86032631713897 ], [ 360507.612046748865396, 5597561.731656763702631 ], [ 360504.30596642679302, 5597570.971532274968922 ], [ 360501.921471959678456, 5597580.490967798046768 ], [ 360500.481527332798578, 5597590.198285967111588 ], [ 360500.0, 5597600.0 ], [ 360300.0, 5597600.0 ], [ 360290.19828596705338, 5597600.481527333147824 ], [ 360280.490967798396014, 5597601.921471959911287 ], [ 360270.971532274561469, 5597604.305966426618397 ], [ 360261.7316567634698, 5597607.612046749331057 ], [ 360252.860326317371801, 5597611.807873564772308 ], [ 360244.44297669804655, 5597616.853038770146668 ], [ 360236.560671583632939, 5597622.698954664170742 ], [ 360229.289321881369688, 5597629.289321881718934 ], [ 360222.698954663705081, 5597636.560671583749354 ], [ 360216.853038769739214, 5597644.442976698279381 ], [ 360211.807873565179761, 5597652.86032631713897 ], [ 360207.612046748865396, 5597661.731656763702631 ], [ 360204.30596642679302, 5597670.971532274968922 ], [ 360201.921471959678456, 5597680.490967798046768 ], [ 360200.481527332798578, 5597690.198285967111588 ], [ 360200.0, 5597700.0 ], [ 360190.19828596705338, 5597700.481527333147824 ], [ 360180.490967798396014, 5597701.921471959911287 ], [ 360170.971532274561469, 5597704.305966426618397 ], [ 360161.7316567634698, 5597707.612046749331057 ], [ 360152.860326317371801, 5597711.807873564772308 ], [ 360144.44297669804655, 5597716.853038770146668 ], [ 360136.560671583632939, 5597722.698954664170742 ], [ 360129.289321881369688, 5597729.289321881718934 ], [ 360122.698954663705081, 5597736.560671583749354 ], [ 360116.853038769739214, 5597744.442976698279381 ], [ 360111.807873565179761, 5597752.86032631713897 ], [ 360107.612046748865396, 5597761.731656763702631 ], [ 360104.30596642679302, 5597770.971532274968922 ], [ 360101.921471959678456, 5597780.490967798046768 ], [ 360100.481527332798578, 5597790.198285967111588 ], [ 360100.0, 5597800.0 ], [ 360090.19828596705338, 5597800.481527333147824 ], [ 360080.490967798396014, 5597801.921471959911287 ], [ 360070.971532274561469, 5597804.305966426618397 ], [ 360061.7316567634698, 5597807.612046749331057 ], [ 360052.860326317371801, 5597811.807873564772308 ], [ 360044.44297669804655, 5597816.853038770146668 ], [ 360036.560671583632939, 5597822.698954664170742 ], [ 360029.289321881369688, 5597829.289321881718934 ], [ 360022.698954663705081, 5597836.560671583749354 ], [ 360016.853038769739214, 5597844.442976698279381 ], [ 360011.807873565179761, 5597852.86032631713897 ], [ 360007.612046748865396, 5597861.731656763702631 ], [ 360004.30596642679302, 5597870.971532274968922 ], [ 360001.921471959678456, 5597880.490967798046768 ], [ 360000.481527332798578, 5597890.198285967111588 ], [ 360000.0, 5597900.0 ], [ 359990.19828596705338, 5597900.481527333147824 ], [ 359980.490967798396014, 5597901.921471959911287 ], [ 359970.971532274561469, 5597904.305966426618397 ], [ 359961.7316567634698, 5597907.612046749331057 ], [ 359952.860326317371801, 5597911.807873564772308 ], [ 359944.44297669804655, 5597916.853038770146668 ], [ 359936.560671583632939, 5597922.698954664170742 ], [ 359929.289321881369688, 5597929.289321881718934 ], [ 359922.698954663705081, 5597936.560671583749354 ], [ 359916.853038769739214, 5597944.442976698279381 ], [ 359911.807873565179761, 5597952.86032631713897 ], [ 359907.612046748865396, 5597961.731656763702631 ], [ 359904.30596642679302, 5597970.971532274968922 ], [ 359901.921471959678456, 5597980.490967798046768 ], [ 359900.481527332798578, 5597990.198285967111588 ], [ 359900.0, 5598000.0 ], [ 359900.0, 5598100.0 ], [ 359899.518472667201422, 5598090.198285967111588 ], [ 359898.078528040321544, 5598080.490967798046768 ], [ 359895.69403357320698, 5598070.971532274968922 ], [ 359892.387953251134604, 5598061.731656763702631 ], [ 359888.192126434820239, 5598052.86032631713897 ], [ 359883.146961230260786, 5598044.442976698279381 ], [ 359877.301045336294919, 5598036.560671583749354 ], [ 359870.710678118630312, 5598029.289321881718934 ], [ 359863.439328416367061, 5598022.698954664170742 ], [ 359855.55702330195345, 5598016.853038770146668 ], [ 359847.139673682628199, 5598011.807873564772308 ], [ 359838.2683432365302, 5598007.612046749331057 ], [ 359829.028467725438531, 5598004.305966426618397 ], [ 359819.509032201603986, 5598001.921471959911287 ], [ 359809.80171403294662, 5598000.481527333147824 ], [ 359800.0, 5598000.0 ], [ 359799.518472667201422, 5597990.198285967111588 ], [ 359798.078528040321544, 5597980.490967798046768 ], [ 359795.69403357320698, 5597970.971532274968922 ], [ 359792.387953251134604, 5597961.731656763702631 ], [ 359788.192126434820239, 5597952.86032631713897 ], [ 359783.146961230260786, 5597944.442976698279381 ], [ 359777.301045336294919, 5597936.560671583749354 ], [ 359770.710678118630312, 5597929.289321881718934 ], [ 359763.439328416367061, 5597922.698954664170742 ], [ 359755.55702330195345, 5597916.853038770146668 ], [ 359747.139673682628199, 5597911.807873564772308 ], [ 359738.2683432365302, 5597907.612046749331057 ], [ 359729.028467725438531, 5597904.305966426618397 ], [ 359719.509032201603986, 5597901.921471959911287 ], [ 359709.80171403294662, 5597900.481527333147824 ], [ 359700.0, 5597900.0 ], [ 359600.0, 5597900.0 ], [ 359599.518472667201422, 5597890.198285967111588 ], [ 359598.078528040321544, 5597880.490967798046768 ], [ 359595.69403357320698, 5597870.971532274968922 ], [ 359592.387953251134604, 5597861.731656763702631 ], [ 359588.192126434820239, 5597852.86032631713897 ], [ 359583.146961230260786, 5597844.442976698279381 ], [ 359577.301045336294919, 5597836.560671583749354 ], [ 359570.710678118630312, 5597829.289321881718934 ], [ 359563.439328416367061, 5597822.698954664170742 ], [ 359555.55702330195345, 5597816.853038770146668 ], [ 359547.139673682628199, 5597811.807873564772308 ], [ 359538.2683432365302, 5597807.612046749331057 ], [ 359529.028467725438531, 5597804.305966426618397 ], [ 359519.509032201603986, 5597801.921471959911287 ], [ 359509.80171403294662, 5597800.481527333147824 ], [ 359500.0, 5597800.0 ], [ 359499.518472667201422, 5597790.198285967111588 ], [ 359498.078528040321544, 5597780.490967798046768 ], [ 359495.69403357320698, 5597770.971532274968922 ], [ 359492.387953251134604, 5597761.731656763702631 ], [ 359488.192126434820239, 5597752.86032631713897 ], [ 359486.477712817431893, 5597750.0 ], [ 359488.192126434820239, 5597747.13967368286103 ], [ 359492.387953251134604, 5597738.268343236297369 ], [ 359495.69403357320698, 5597729.028467725031078 ], [ 359498.078528040321544, 5597719.509032201953232 ], [ 359499.518472667201422, 5597709.801714032888412 ], [ 359500.0, 5597700.0 ], [ 359500.0, 5597500.0 ], [ 359499.518472667201422, 5597490.198285967111588 ], [ 359498.078528040321544, 5597480.490967798046768 ], [ 359495.69403357320698, 5597470.971532274968922 ], [ 359492.387953251134604, 5597461.731656763702631 ], [ 359488.192126434820239, 5597452.86032631713897 ], [ 359483.146961230260786, 5597444.442976698279381 ], [ 359477.301045336294919, 5597436.560671583749354 ], [ 359470.710678118630312, 5597429.289321881718934 ], [ 359463.439328416367061, 5597422.698954664170742 ], [ 359455.55702330195345, 5597416.853038770146668 ], [ 359447.139673682628199, 5597411.807873564772308 ], [ 359438.2683432365302, 5597407.612046749331057 ], [ 359429.028467725438531, 5597404.305966426618397 ], [ 359419.509032201603986, 5597401.921471959911287 ], [ 359409.80171403294662, 5597400.481527333147824 ], [ 359400.0, 5597400.0 ], [ 359400.0, 5597300.0 ], [ 359399.518472667201422, 5597290.198285967111588 ], [ 359398.078528040321544, 5597280.490967798046768 ], [ 359395.69403357320698, 5597270.971532274968922 ], [ 359392.387953251134604, 5597261.731656763702631 ], [ 359388.192126434820239, 5597252.86032631713897 ], [ 359383.146961230260786, 5597244.442976698279381 ], [ 359377.301045336294919, 5597236.560671583749354 ], [ 359370.710678118630312, 5597229.289321881718934 ], [ 359363.439328416367061, 5597222.698954664170742 ], [ 359355.55702330195345, 5597216.853038770146668 ], [ 359347.139673682628199, 5597211.807873564772308 ], [ 359338.2683432365302, 5597207.612046749331057 ], [ 359329.028467725438531, 5597204.305966426618397 ], [ 359319.509032201603986, 5597201.921471959911287 ], [ 359309.80171403294662, 5597200.481527333147824 ], [ 359300.0, 5597200.0 ], [ 358900.0, 5597200.0 ], [ 358890.19828596705338, 5597200.481527333147824 ], [ 358880.490967798396014, 5597201.921471959911287 ], [ 358870.971532274561469, 5597204.305966426618397 ], [ 358861.7316567634698, 5597207.612046749331057 ], [ 358852.860326317371801, 5597211.807873564772308 ], [ 358844.44297669804655, 5597216.853038770146668 ], [ 358836.560671583632939, 5597222.698954664170742 ], [ 358829.289321881369688, 5597229.289321881718934 ], [ 358822.698954663705081, 5597236.560671583749354 ], [ 358816.853038769739214, 5597244.442976698279381 ], [ 358811.807873565179761, 5597252.86032631713897 ], [ 358807.612046748865396, 5597261.731656763702631 ], [ 358804.30596642679302, 5597270.971532274968922 ], [ 358801.921471959678456, 5597280.490967798046768 ], [ 358800.481527332798578, 5597290.198285967111588 ], [ 358800.0, 5597300.0 ], [ 358700.0, 5597300.0 ], [ 358690.19828596705338, 5597300.481527333147824 ], [ 358680.490967798396014, 5597301.921471959911287 ], [ 358670.971532274561469, 5597304.305966426618397 ], [ 358661.7316567634698, 5597307.612046749331057 ], [ 358652.860326317371801, 5597311.807873564772308 ], [ 358644.44297669804655, 5597316.853038770146668 ], [ 358636.560671583632939, 5597322.698954664170742 ], [ 358629.289321881369688, 5597329.289321881718934 ], [ 358622.698954663705081, 5597336.560671583749354 ], [ 358616.853038769739214, 5597344.442976698279381 ], [ 358611.807873565179761, 5597352.86032631713897 ], [ 358607.612046748865396, 5597361.731656763702631 ], [ 358604.30596642679302, 5597370.971532274968922 ], [ 358601.921471959678456, 5597380.490967798046768 ], [ 358600.481527332798578, 5597390.198285967111588 ], [ 358600.0, 5597400.0 ], [ 358600.0, 5597700.0 ], [ 358600.481527332798578, 5597709.801714032888412 ], [ 358601.921471959678456, 5597719.509032201953232 ], [ 358604.30596642679302, 5597729.028467725031078 ], [ 358607.612046748865396, 5597738.268343236297369 ], [ 358611.807873565179761, 5597747.13967368286103 ], [ 358616.853038769739214, 5597755.557023301720619 ], [ 358622.698954663705081, 5597763.439328416250646 ], [ 358629.289321881369688, 5597770.710678118281066 ], [ 358636.560671583632939, 5597777.301045335829258 ], [ 358644.44297669804655, 5597783.146961229853332 ], [ 358652.860326317371801, 5597788.192126435227692 ], [ 358661.7316567634698, 5597792.387953250668943 ], [ 358670.971532274561469, 5597795.694033573381603 ], [ 358680.490967798396014, 5597798.078528040088713 ], [ 358690.19828596705338, 5597799.518472666852176 ], [ 358700.0, 5597800.0 ], [ 358800.0, 5597800.0 ], [ 358800.481527332798578, 5597809.801714032888412 ], [ 358801.921471959678456, 5597819.509032201953232 ], [ 358804.30596642679302, 5597829.028467725031078 ], [ 358807.612046748865396, 5597838.268343236297369 ], [ 358811.807873565179761, 5597847.13967368286103 ], [ 358816.853038769739214, 5597855.557023301720619 ], [ 358822.698954663705081, 5597863.439328416250646 ], [ 358829.289321881369688, 5597870.710678118281066 ], [ 358836.560671583632939, 5597877.301045335829258 ], [ 358844.44297669804655, 5597883.146961229853332 ], [ 358852.860326317371801, 5597888.192126435227692 ], [ 358861.7316567634698, 5597892.387953250668943 ], [ 358870.971532274561469, 5597895.694033573381603 ], [ 358880.490967798396014, 5597898.078528040088713 ], [ 358890.19828596705338, 5597899.518472666852176 ], [ 358900.0, 5597900.0 ], [ 358800.0, 5597900.0 ], [ 358790.19828596705338, 5597900.481527333147824 ], [ 358780.490967798396014, 5597901.921471959911287 ], [ 358770.971532274561469, 5597904.305966426618397 ], [ 358761.7316567634698, 5597907.612046749331057 ], [ 358752.860326317371801, 5597911.807873564772308 ], [ 358744.44297669804655, 5597916.853038770146668 ], [ 358736.560671583632939, 5597922.698954664170742 ], [ 358729.289321881369688, 5597929.289321881718934 ], [ 358722.698954663705081, 5597936.560671583749354 ], [ 358716.853038769739214, 5597944.442976698279381 ], [ 358711.807873565179761, 5597952.86032631713897 ], [ 358707.612046748865396, 5597961.731656763702631 ], [ 358704.30596642679302, 5597970.971532274968922 ], [ 358701.921471959678456, 5597980.490967798046768 ], [ 358700.481527332798578, 5597990.198285967111588 ], [ 358700.0, 5598000.0 ], [ 358690.19828596705338, 5598000.481527333147824 ], [ 358680.490967798396014, 5598001.921471959911287 ], [ 358670.971532274561469, 5598004.305966426618397 ], [ 358661.7316567634698, 5598007.612046749331057 ], [ 358652.860326317371801, 5598011.807873564772308 ], [ 358644.44297669804655, 5598016.853038770146668 ], [ 358636.560671583632939, 5598022.698954664170742 ], [ 358629.289321881369688, 5598029.289321881718934 ], [ 358622.698954663705081, 5598036.560671583749354 ], [ 358616.853038769739214, 5598044.442976698279381 ], [ 358611.807873565179761, 5598052.86032631713897 ], [ 358607.612046748865396, 5598061.731656763702631 ], [ 358604.30596642679302, 5598070.971532274968922 ], [ 358601.921471959678456, 5598080.490967798046768 ], [ 358600.481527332798578, 5598090.198285967111588 ], [ 358600.0, 5598100.0 ], [ 358400.0, 5598100.0 ], [ 358390.19828596705338, 5598100.481527333147824 ], [ 358380.490967798396014, 5598101.921471959911287 ], [ 358370.971532274561469, 5598104.305966426618397 ], [ 358361.7316567634698, 5598107.612046749331057 ], [ 358352.860326317371801, 5598111.807873564772308 ], [ 358344.44297669804655, 5598116.853038770146668 ], [ 358336.560671583632939, 5598122.698954664170742 ], [ 358329.289321881369688, 5598129.289321881718934 ], [ 358322.698954663705081, 5598136.560671583749354 ], [ 358316.853038769739214, 5598144.442976698279381 ], [ 358311.807873565179761, 5598152.86032631713897 ], [ 358307.612046748865396, 5598161.731656763702631 ], [ 358304.30596642679302, 5598170.971532274968922 ], [ 358301.921471959678456, 5598180.490967798046768 ], [ 358300.481527332798578, 5598190.198285967111588 ], [ 358300.0, 5598200.0 ], [ 358299.518472667201422, 5598190.198285967111588 ], [ 358298.078528040321544, 5598180.490967798046768 ], [ 358295.69403357320698, 5598170.971532274968922 ], [ 358292.387953251134604, 5598161.731656763702631 ], [ 358288.192126434820239, 5598152.86032631713897 ], [ 358286.477712817431893, 5598150.0 ], [ 358288.192126434820239, 5598147.13967368286103 ], [ 358292.387953251134604, 5598138.268343236297369 ], [ 358295.69403357320698, 5598129.028467725031078 ], [ 358298.078528040321544, 5598119.509032201953232 ], [ 358299.518472667201422, 5598109.801714032888412 ], [ 358300.0, 5598100.0 ], [ 358300.0, 5597800.0 ], [ 358299.518472667201422, 5597790.198285967111588 ], [ 358298.078528040321544, 5597780.490967798046768 ], [ 358295.69403357320698, 5597770.971532274968922 ], [ 358292.387953251134604, 5597761.731656763702631 ], [ 358288.192126434820239, 5597752.86032631713897 ], [ 358286.477712817431893, 5597750.0 ], [ 358288.192126434820239, 5597747.13967368286103 ], [ 358292.387953251134604, 5597738.268343236297369 ], [ 358295.69403357320698, 5597729.028467725031078 ], [ 358298.078528040321544, 5597719.509032201953232 ], [ 358299.518472667201422, 5597709.801714032888412 ], [ 358300.0, 5597700.0 ], [ 358400.0, 5597700.0 ], [ 358409.80171403294662, 5597699.518472666852176 ], [ 358419.509032201603986, 5597698.078528040088713 ], [ 358429.028467725438531, 5597695.694033573381603 ], [ 358438.2683432365302, 5597692.387953250668943 ], [ 358447.139673682628199, 5597688.192126435227692 ], [ 358455.55702330195345, 5597683.146961229853332 ], [ 358463.439328416367061, 5597677.301045335829258 ], [ 358470.710678118630312, 5597670.710678118281066 ], [ 358477.301045336294919, 5597663.439328416250646 ], [ 358483.146961230260786, 5597655.557023301720619 ], [ 358488.192126434820239, 5597647.13967368286103 ], [ 358492.387953251134604, 5597638.268343236297369 ], [ 358495.69403357320698, 5597629.028467725031078 ], [ 358498.078528040321544, 5597619.509032201953232 ], [ 358499.518472667201422, 5597609.801714032888412 ], [ 358500.0, 5597600.0 ], [ 358500.0, 5597300.0 ], [ 358499.518472667201422, 5597290.198285967111588 ], [ 358498.078528040321544, 5597280.490967798046768 ], [ 358495.69403357320698, 5597270.971532274968922 ], [ 358492.387953251134604, 5597261.731656763702631 ], [ 358488.192126434820239, 5597252.86032631713897 ], [ 358483.146961230260786, 5597244.442976698279381 ], [ 358477.301045336294919, 5597236.560671583749354 ], [ 358470.710678118630312, 5597229.289321881718934 ], [ 358463.439328416367061, 5597222.698954664170742 ], [ 358455.55702330195345, 5597216.853038770146668 ], [ 358447.139673682628199, 5597211.807873564772308 ], [ 358438.2683432365302, 5597207.612046749331057 ], [ 358429.028467725438531, 5597204.305966426618397 ], [ 358419.509032201603986, 5597201.921471959911287 ], [ 358409.80171403294662, 5597200.481527333147824 ], [ 358400.0, 5597200.0 ], [ 358300.0, 5597200.0 ], [ 358299.518472667201422, 5597190.198285967111588 ], [ 358298.078528040321544, 5597180.490967798046768 ], [ 358295.69403357320698, 5597170.971532274968922 ], [ 358292.387953251134604, 5597161.731656763702631 ], [ 358288.192126434820239, 5597152.86032631713897 ], [ 358283.146961230260786, 5597144.442976698279381 ], [ 358277.301045336294919, 5597136.560671583749354 ], [ 358270.710678118630312, 5597129.289321881718934 ], [ 358263.439328416367061, 5597122.698954664170742 ], [ 358255.55702330195345, 5597116.853038770146668 ], [ 358247.139673682628199, 5597111.807873564772308 ], [ 358238.2683432365302, 5597107.612046749331057 ], [ 358229.028467725438531, 5597104.305966426618397 ], [ 358219.509032201603986, 5597101.921471959911287 ], [ 358209.80171403294662, 5597100.481527333147824 ], [ 358200.0, 5597100.0 ], [ 358200.0, 5596900.0 ], [ 358199.518472667201422, 5596890.198285967111588 ], [ 358198.078528040321544, 5596880.490967798046768 ], [ 358195.69403357320698, 5596870.971532274968922 ], [ 358192.387953251134604, 5596861.731656763702631 ], [ 358188.192126434820239, 5596852.86032631713897 ], [ 358183.146961230260786, 5596844.442976698279381 ], [ 358177.301045336294919, 5596836.560671583749354 ], [ 358170.710678118630312, 5596829.289321881718934 ], [ 358163.439328416367061, 5596822.698954664170742 ], [ 358155.55702330195345, 5596816.853038770146668 ], [ 358147.139673682628199, 5596811.807873564772308 ], [ 358138.2683432365302, 5596807.612046749331057 ], [ 358129.028467725438531, 5596804.305966426618397 ], [ 358119.509032201603986, 5596801.921471959911287 ], [ 358109.80171403294662, 5596800.481527333147824 ], [ 358100.0, 5596800.0 ], [ 358099.518472667201422, 5596790.198285967111588 ], [ 358098.078528040321544, 5596780.490967798046768 ], [ 358095.69403357320698, 5596770.971532274968922 ], [ 358092.387953251134604, 5596761.731656763702631 ], [ 358088.192126434820239, 5596752.86032631713897 ], [ 358083.146961230260786, 5596744.442976698279381 ], [ 358077.301045336294919, 5596736.560671583749354 ], [ 358070.710678118630312, 5596729.289321881718934 ], [ 358063.439328416367061, 5596722.698954664170742 ], [ 358055.55702330195345, 5596716.853038770146668 ], [ 358047.139673682628199, 5596711.807873564772308 ], [ 358038.2683432365302, 5596707.612046749331057 ], [ 358029.028467725438531, 5596704.305966426618397 ], [ 358019.509032201603986, 5596701.921471959911287 ], [ 358009.80171403294662, 5596700.481527333147824 ], [ 358000.0, 5596700.0 ], [ 357700.0, 5596700.0 ], [ 357690.19828596705338, 5596700.481527333147824 ], [ 357680.490967798396014, 5596701.921471959911287 ], [ 357670.971532274561469, 5596704.305966426618397 ], [ 357661.7316567634698, 5596707.612046749331057 ], [ 357652.860326317371801, 5596711.807873564772308 ], [ 357644.44297669804655, 5596716.853038770146668 ], [ 357636.560671583632939, 5596722.698954664170742 ], [ 357629.289321881369688, 5596729.289321881718934 ], [ 357622.698954663705081, 5596736.560671583749354 ], [ 357616.853038769739214, 5596744.442976698279381 ], [ 357611.807873565179761, 5596752.86032631713897 ], [ 357607.612046748865396, 5596761.731656763702631 ], [ 357604.30596642679302, 5596770.971532274968922 ], [ 357601.921471959678456, 5596780.490967798046768 ], [ 357600.481527332798578, 5596790.198285967111588 ], [ 357600.0, 5596800.0 ], [ 357600.0, 5597300.0 ], [ 357600.481527332798578, 5597309.801714032888412 ], [ 357601.921471959678456, 5597319.509032201953232 ], [ 357604.30596642679302, 5597329.028467725031078 ], [ 357607.612046748865396, 5597338.268343236297369 ], [ 357611.807873565179761, 5597347.13967368286103 ], [ 357613.522287182568107, 5597350.0 ], [ 357611.807873565179761, 5597352.86032631713897 ], [ 357607.612046748865396, 5597361.731656763702631 ], [ 357604.30596642679302, 5597370.971532274968922 ], [ 357601.921471959678456, 5597380.490967798046768 ], [ 357600.481527332798578, 5597390.198285967111588 ], [ 357600.0, 5597400.0 ], [ 357590.19828596705338, 5597400.481527333147824 ], [ 357580.490967798396014, 5597401.921471959911287 ], [ 357570.971532274561469, 5597404.305966426618397 ], [ 357561.7316567634698, 5597407.612046749331057 ], [ 357552.860326317371801, 5597411.807873564772308 ], [ 357544.44297669804655, 5597416.853038770146668 ], [ 357536.560671583632939, 5597422.698954664170742 ], [ 357529.289321881369688, 5597429.289321881718934 ], [ 357522.698954663705081, 5597436.560671583749354 ], [ 357516.853038769739214, 5597444.442976698279381 ], [ 357511.807873565179761, 5597452.86032631713897 ], [ 357507.612046748865396, 5597461.731656763702631 ], [ 357504.30596642679302, 5597470.971532274968922 ], [ 357501.921471959678456, 5597480.490967798046768 ], [ 357500.481527332798578, 5597490.198285967111588 ], [ 357500.0, 5597500.0 ], [ 357500.0, 5597400.0 ], [ 357499.518472667201422, 5597390.198285967111588 ], [ 357498.078528040321544, 5597380.490967798046768 ], [ 357495.69403357320698, 5597370.971532274968922 ], [ 357492.387953251134604, 5597361.731656763702631 ], [ 357488.192126434820239, 5597352.86032631713897 ], [ 357483.146961230260786, 5597344.442976698279381 ], [ 357477.301045336294919, 5597336.560671583749354 ], [ 357470.710678118630312, 5597329.289321881718934 ], [ 357463.439328416367061, 5597322.698954664170742 ], [ 357455.55702330195345, 5597316.853038770146668 ], [ 357447.139673682628199, 5597311.807873564772308 ], [ 357438.2683432365302, 5597307.612046749331057 ], [ 357429.028467725438531, 5597304.305966426618397 ], [ 357419.509032201603986, 5597301.921471959911287 ], [ 357409.80171403294662, 5597300.481527333147824 ], [ 357400.0, 5597300.0 ], [ 357399.518472667201422, 5597290.198285967111588 ], [ 357398.078528040321544, 5597280.490967798046768 ], [ 357395.69403357320698, 5597270.971532274968922 ], [ 357392.387953251134604, 5597261.731656763702631 ], [ 357388.192126434820239, 5597252.86032631713897 ], [ 357383.146961230260786, 5597244.442976698279381 ], [ 357377.301045336294919, 5597236.560671583749354 ], [ 357370.710678118630312, 5597229.289321881718934 ], [ 357363.439328416367061, 5597222.698954664170742 ], [ 357355.55702330195345, 5597216.853038770146668 ], [ 357347.139673682628199, 5597211.807873564772308 ], [ 357338.2683432365302, 5597207.612046749331057 ], [ 357329.028467725438531, 5597204.305966426618397 ], [ 357319.509032201603986, 5597201.921471959911287 ], [ 357309.80171403294662, 5597200.481527333147824 ], [ 357300.0, 5597200.0 ], [ 357100.0, 5597200.0 ], [ 357090.19828596705338, 5597200.481527333147824 ], [ 357080.490967798396014, 5597201.921471959911287 ], [ 357070.971532274561469, 5597204.305966426618397 ], [ 357061.7316567634698, 5597207.612046749331057 ], [ 357052.860326317371801, 5597211.807873564772308 ], [ 357044.44297669804655, 5597216.853038770146668 ], [ 357036.560671583632939, 5597222.698954664170742 ], [ 357029.289321881369688, 5597229.289321881718934 ], [ 357022.698954663705081, 5597236.560671583749354 ], [ 357016.853038769739214, 5597244.442976698279381 ], [ 357011.807873565179761, 5597252.86032631713897 ], [ 357007.612046748865396, 5597261.731656763702631 ], [ 357004.30596642679302, 5597270.971532274968922 ], [ 357001.921471959678456, 5597280.490967798046768 ], [ 357000.481527332798578, 5597290.198285967111588 ], [ 357000.0, 5597300.0 ], [ 356800.0, 5597300.0 ], [ 356809.80171403294662, 5597299.518472666852176 ], [ 356819.509032201603986, 5597298.078528040088713 ], [ 356829.028467725438531, 5597295.694033573381603 ], [ 356838.2683432365302, 5597292.387953250668943 ], [ 356847.139673682628199, 5597288.192126435227692 ], [ 356855.55702330195345, 5597283.146961229853332 ], [ 356863.439328416367061, 5597277.301045335829258 ], [ 356870.710678118630312, 5597270.710678118281066 ], [ 356877.301045336294919, 5597263.439328416250646 ], [ 356883.146961230260786, 5597255.557023301720619 ], [ 356888.192126434820239, 5597247.13967368286103 ], [ 356892.387953251134604, 5597238.268343236297369 ], [ 356895.69403357320698, 5597229.028467725031078 ], [ 356898.078528040321544, 5597219.509032201953232 ], [ 356899.518472667201422, 5597209.801714032888412 ], [ 356900.0, 5597200.0 ], [ 356900.0, 5597100.0 ], [ 356909.80171403294662, 5597099.518472666852176 ], [ 356919.509032201603986, 5597098.078528040088713 ], [ 356929.028467725438531, 5597095.694033573381603 ], [ 356938.2683432365302, 5597092.387953250668943 ], [ 356947.139673682628199, 5597088.192126435227692 ], [ 356955.55702330195345, 5597083.146961229853332 ], [ 356963.439328416367061, 5597077.301045335829258 ], [ 356970.710678118630312, 5597070.710678118281066 ], [ 356977.301045336294919, 5597063.439328416250646 ], [ 356983.146961230260786, 5597055.557023301720619 ], [ 356988.192126434820239, 5597047.13967368286103 ], [ 356992.387953251134604, 5597038.268343236297369 ], [ 356995.69403357320698, 5597029.028467725031078 ], [ 356998.078528040321544, 5597019.509032201953232 ], [ 356999.518472667201422, 5597009.801714032888412 ], [ 357000.0, 5597000.0 ], [ 357000.0, 5596700.0 ], [ 356999.518472667201422, 5596690.198285967111588 ], [ 356998.078528040321544, 5596680.490967798046768 ], [ 356995.69403357320698, 5596670.971532274968922 ], [ 356992.387953251134604, 5596661.731656763702631 ], [ 356988.192126434820239, 5596652.86032631713897 ], [ 356983.146961230260786, 5596644.442976698279381 ], [ 356977.301045336294919, 5596636.560671583749354 ], [ 356970.710678118630312, 5596629.289321881718934 ], [ 356963.439328416367061, 5596622.698954664170742 ], [ 356955.55702330195345, 5596616.853038770146668 ], [ 356947.139673682628199, 5596611.807873564772308 ], [ 356938.2683432365302, 5596607.612046749331057 ], [ 356929.028467725438531, 5596604.305966426618397 ], [ 356919.509032201603986, 5596601.921471959911287 ], [ 356909.80171403294662, 5596600.481527333147824 ], [ 356900.0, 5596600.0 ], [ 356900.0, 5596100.0 ], [ 357000.0, 5596100.0 ], [ 357009.80171403294662, 5596099.518472666852176 ], [ 357019.509032201603986, 5596098.078528040088713 ], [ 357029.028467725438531, 5596095.694033573381603 ], [ 357038.2683432365302, 5596092.387953250668943 ], [ 357047.139673682628199, 5596088.192126435227692 ], [ 357055.55702330195345, 5596083.146961229853332 ], [ 357063.439328416367061, 5596077.301045335829258 ], [ 357070.710678118630312, 5596070.710678118281066 ], [ 357077.301045336294919, 5596063.439328416250646 ], [ 357083.146961230260786, 5596055.557023301720619 ], [ 357088.192126434820239, 5596047.13967368286103 ], [ 357092.387953251134604, 5596038.268343236297369 ], [ 357095.69403357320698, 5596029.028467725031078 ], [ 357098.078528040321544, 5596019.509032201953232 ], [ 357099.518472667201422, 5596009.801714032888412 ], [ 357100.0, 5596000.0 ], [ 357109.80171403294662, 5595999.518472666852176 ], [ 357119.509032201603986, 5595998.078528040088713 ], [ 357129.028467725438531, 5595995.694033573381603 ], [ 357138.2683432365302, 5595992.387953250668943 ], [ 357147.139673682628199, 5595988.192126435227692 ], [ 357155.55702330195345, 5595983.146961229853332 ], [ 357163.439328416367061, 5595977.301045335829258 ], [ 357170.710678118630312, 5595970.710678118281066 ], [ 357177.301045336294919, 5595963.439328416250646 ], [ 357183.146961230260786, 5595955.557023301720619 ], [ 357188.192126434820239, 5595947.13967368286103 ], [ 357192.387953251134604, 5595938.268343236297369 ], [ 357195.69403357320698, 5595929.028467725031078 ], [ 357198.078528040321544, 5595919.509032201953232 ], [ 357199.518472667201422, 5595909.801714032888412 ], [ 357200.0, 5595900.0 ], [ 357300.0, 5595900.0 ], [ 357309.80171403294662, 5595899.518472666852176 ], [ 357319.509032201603986, 5595898.078528040088713 ], [ 357329.028467725438531, 5595895.694033573381603 ], [ 357338.2683432365302, 5595892.387953250668943 ], [ 357347.139673682628199, 5595888.192126435227692 ], [ 357355.55702330195345, 5595883.146961229853332 ], [ 357363.439328416367061, 5595877.301045335829258 ], [ 357370.710678118630312, 5595870.710678118281066 ], [ 357377.301045336294919, 5595863.439328416250646 ], [ 357383.146961230260786, 5595855.557023301720619 ], [ 357388.192126434820239, 5595847.13967368286103 ], [ 357392.387953251134604, 5595838.268343236297369 ], [ 357395.69403357320698, 5595829.028467725031078 ], [ 357398.078528040321544, 5595819.509032201953232 ], [ 357399.518472667201422, 5595809.801714032888412 ], [ 357400.0, 5595800.0 ], [ 357409.80171403294662, 5595799.518472666852176 ], [ 357419.509032201603986, 5595798.078528040088713 ], [ 357429.028467725438531, 5595795.694033573381603 ], [ 357438.2683432365302, 5595792.387953250668943 ], [ 357447.139673682628199, 5595788.192126435227692 ], [ 357455.55702330195345, 5595783.146961229853332 ], [ 357463.439328416367061, 5595777.301045335829258 ], [ 357470.710678118630312, 5595770.710678118281066 ], [ 357477.301045336294919, 5595763.439328416250646 ], [ 357483.146961230260786, 5595755.557023301720619 ], [ 357488.192126434820239, 5595747.13967368286103 ], [ 357492.387953251134604, 5595738.268343236297369 ], [ 357495.69403357320698, 5595729.028467725031078 ], [ 357498.078528040321544, 5595719.509032201953232 ], [ 357499.518472667201422, 5595709.801714032888412 ], [ 357500.0, 5595700.0 ], [ 357500.0, 5595500.0 ], [ 357499.518472667201422, 5595490.198285967111588 ], [ 357498.078528040321544, 5595480.490967798046768 ], [ 357495.69403357320698, 5595470.971532274968922 ], [ 357492.387953251134604, 5595461.731656763702631 ], [ 357488.192126434820239, 5595452.86032631713897 ], [ 357483.146961230260786, 5595444.442976698279381 ], [ 357477.301045336294919, 5595436.560671583749354 ], [ 357470.710678118630312, 5595429.289321881718934 ], [ 357463.439328416367061, 5595422.698954664170742 ], [ 357455.55702330195345, 5595416.853038770146668 ], [ 357447.139673682628199, 5595411.807873564772308 ], [ 357438.2683432365302, 5595407.612046749331057 ], [ 357429.028467725438531, 5595404.305966426618397 ], [ 357419.509032201603986, 5595401.921471959911287 ], [ 357409.80171403294662, 5595400.481527333147824 ], [ 357400.0, 5595400.0 ], [ 357399.518472667201422, 5595390.198285967111588 ], [ 357398.078528040321544, 5595380.490967798046768 ], [ 357395.69403357320698, 5595370.971532274968922 ], [ 357392.387953251134604, 5595361.731656763702631 ], [ 357388.192126434820239, 5595352.86032631713897 ], [ 357383.146961230260786, 5595344.442976698279381 ], [ 357377.301045336294919, 5595336.560671583749354 ], [ 357370.710678118630312, 5595329.289321881718934 ], [ 357363.439328416367061, 5595322.698954664170742 ], [ 357355.55702330195345, 5595316.853038770146668 ], [ 357347.139673682628199, 5595311.807873564772308 ], [ 357338.2683432365302, 5595307.612046749331057 ], [ 357329.028467725438531, 5595304.305966426618397 ], [ 357319.509032201603986, 5595301.921471959911287 ], [ 357309.80171403294662, 5595300.481527333147824 ], [ 357300.0, 5595300.0 ], [ 357000.0, 5595300.0 ], [ 356990.19828596705338, 5595300.481527333147824 ], [ 356980.490967798396014, 5595301.921471959911287 ], [ 356970.971532274561469, 5595304.305966426618397 ], [ 356961.7316567634698, 5595307.612046749331057 ], [ 356952.860326317371801, 5595311.807873564772308 ], [ 356944.44297669804655, 5595316.853038770146668 ], [ 356936.560671583632939, 5595322.698954664170742 ], [ 356929.289321881369688, 5595329.289321881718934 ], [ 356922.698954663705081, 5595336.560671583749354 ], [ 356916.853038769739214, 5595344.442976698279381 ], [ 356911.807873565179761, 5595352.86032631713897 ], [ 356907.612046748865396, 5595361.731656763702631 ], [ 356904.30596642679302, 5595370.971532274968922 ], [ 356901.921471959678456, 5595380.490967798046768 ], [ 356900.481527332798578, 5595390.198285967111588 ], [ 356900.0, 5595400.0 ], [ 356899.518472667201422, 5595390.198285967111588 ], [ 356898.078528040321544, 5595380.490967798046768 ], [ 356895.69403357320698, 5595370.971532274968922 ], [ 356892.387953251134604, 5595361.731656763702631 ], [ 356888.192126434820239, 5595352.86032631713897 ], [ 356883.146961230260786, 5595344.442976698279381 ], [ 356877.301045336294919, 5595336.560671583749354 ], [ 356870.710678118630312, 5595329.289321881718934 ], [ 356863.439328416367061, 5595322.698954664170742 ], [ 356855.55702330195345, 5595316.853038770146668 ], [ 356847.139673682628199, 5595311.807873564772308 ], [ 356838.2683432365302, 5595307.612046749331057 ], [ 356829.028467725438531, 5595304.305966426618397 ], [ 356819.509032201603986, 5595301.921471959911287 ], [ 356809.80171403294662, 5595300.481527333147824 ], [ 356800.0, 5595300.0 ], [ 356700.0, 5595300.0 ], [ 356699.518472667201422, 5595290.198285967111588 ], [ 356698.078528040321544, 5595280.490967798046768 ], [ 356695.69403357320698, 5595270.971532274968922 ], [ 356692.387953251134604, 5595261.731656763702631 ], [ 356688.192126434820239, 5595252.86032631713897 ], [ 356683.146961230260786, 5595244.442976698279381 ], [ 356677.301045336294919, 5595236.560671583749354 ], [ 356670.710678118630312, 5595229.289321881718934 ], [ 356663.439328416367061, 5595222.698954664170742 ], [ 356655.55702330195345, 5595216.853038770146668 ], [ 356647.139673682628199, 5595211.807873564772308 ], [ 356638.2683432365302, 5595207.612046749331057 ], [ 356629.028467725438531, 5595204.305966426618397 ], [ 356619.509032201603986, 5595201.921471959911287 ], [ 356609.80171403294662, 5595200.481527333147824 ], [ 356600.0, 5595200.0 ], [ 356400.0, 5595200.0 ], [ 356399.518472667201422, 5595190.198285967111588 ], [ 356398.078528040321544, 5595180.490967798046768 ], [ 356395.69403357320698, 5595170.971532274968922 ], [ 356392.387953251134604, 5595161.731656763702631 ], [ 356388.192126434820239, 5595152.86032631713897 ], [ 356383.146961230260786, 5595144.442976698279381 ], [ 356377.301045336294919, 5595136.560671583749354 ], [ 356370.710678118630312, 5595129.289321881718934 ], [ 356363.439328416367061, 5595122.698954664170742 ], [ 356355.55702330195345, 5595116.853038770146668 ], [ 356347.139673682628199, 5595111.807873564772308 ], [ 356338.2683432365302, 5595107.612046749331057 ], [ 356329.028467725438531, 5595104.305966426618397 ], [ 356319.509032201603986, 5595101.921471959911287 ], [ 356309.80171403294662, 5595100.481527333147824 ], [ 356300.0, 5595100.0 ], [ 356200.0, 5595100.0 ], [ 356200.0, 5594900.0 ], [ 356209.80171403294662, 5594899.518472666852176 ], [ 356219.509032201603986, 5594898.078528040088713 ], [ 356229.028467725438531, 5594895.694033573381603 ], [ 356238.2683432365302, 5594892.387953250668943 ], [ 356247.139673682628199, 5594888.192126435227692 ], [ 356255.55702330195345, 5594883.146961229853332 ], [ 356263.439328416367061, 5594877.301045335829258 ], [ 356270.710678118630312, 5594870.710678118281066 ], [ 356277.301045336294919, 5594863.439328416250646 ], [ 356283.146961230260786, 5594855.557023301720619 ], [ 356288.192126434820239, 5594847.13967368286103 ], [ 356292.387953251134604, 5594838.268343236297369 ], [ 356295.69403357320698, 5594829.028467725031078 ], [ 356298.078528040321544, 5594819.509032201953232 ], [ 356299.518472667201422, 5594809.801714032888412 ], [ 356300.0, 5594800.0 ], [ 356600.0, 5594800.0 ], [ 356609.80171403294662, 5594799.518472666852176 ], [ 356619.509032201603986, 5594798.078528040088713 ], [ 356629.028467725438531, 5594795.694033573381603 ], [ 356638.2683432365302, 5594792.387953250668943 ], [ 356647.139673682628199, 5594788.192126435227692 ], [ 356655.55702330195345, 5594783.146961229853332 ], [ 356663.439328416367061, 5594777.301045335829258 ], [ 356670.710678118630312, 5594770.710678118281066 ], [ 356677.301045336294919, 5594763.439328416250646 ], [ 356683.146961230260786, 5594755.557023301720619 ], [ 356688.192126434820239, 5594747.13967368286103 ], [ 356692.387953251134604, 5594738.268343236297369 ], [ 356695.69403357320698, 5594729.028467725031078 ], [ 356698.078528040321544, 5594719.509032201953232 ], [ 356699.518472667201422, 5594709.801714032888412 ], [ 356700.0, 5594700.0 ], [ 356709.80171403294662, 5594699.518472666852176 ], [ 356719.509032201603986, 5594698.078528040088713 ], [ 356729.028467725438531, 5594695.694033573381603 ], [ 356738.2683432365302, 5594692.387953250668943 ], [ 356747.139673682628199, 5594688.192126435227692 ], [ 356755.55702330195345, 5594683.146961229853332 ], [ 356763.439328416367061, 5594677.301045335829258 ], [ 356770.710678118630312, 5594670.710678118281066 ], [ 356777.301045336294919, 5594663.439328416250646 ], [ 356783.146961230260786, 5594655.557023301720619 ], [ 356788.192126434820239, 5594647.13967368286103 ], [ 356792.387953251134604, 5594638.268343236297369 ], [ 356795.69403357320698, 5594629.028467725031078 ], [ 356798.078528040321544, 5594619.509032201953232 ], [ 356799.518472667201422, 5594609.801714032888412 ], [ 356800.0, 5594600.0 ], [ 356809.80171403294662, 5594599.518472666852176 ], [ 356819.509032201603986, 5594598.078528040088713 ], [ 356829.028467725438531, 5594595.694033573381603 ], [ 356838.2683432365302, 5594592.387953250668943 ], [ 356847.139673682628199, 5594588.192126435227692 ], [ 356855.55702330195345, 5594583.146961229853332 ], [ 356863.439328416367061, 5594577.301045335829258 ], [ 356870.710678118630312, 5594570.710678118281066 ], [ 356877.301045336294919, 5594563.439328416250646 ], [ 356883.146961230260786, 5594555.557023301720619 ], [ 356888.192126434820239, 5594547.13967368286103 ], [ 356892.387953251134604, 5594538.268343236297369 ], [ 356895.69403357320698, 5594529.028467725031078 ], [ 356898.078528040321544, 5594519.509032201953232 ], [ 356899.518472667201422, 5594509.801714032888412 ], [ 356900.0, 5594500.0 ], [ 357000.0, 5594500.0 ], [ 357009.80171403294662, 5594499.518472666852176 ], [ 357019.509032201603986, 5594498.078528040088713 ], [ 357029.028467725438531, 5594495.694033573381603 ], [ 357038.2683432365302, 5594492.387953250668943 ], [ 357047.139673682628199, 5594488.192126435227692 ], [ 357055.55702330195345, 5594483.146961229853332 ], [ 357063.439328416367061, 5594477.301045335829258 ], [ 357070.710678118630312, 5594470.710678118281066 ], [ 357077.301045336294919, 5594463.439328416250646 ], [ 357083.146961230260786, 5594455.557023301720619 ], [ 357088.192126434820239, 5594447.13967368286103 ], [ 357092.387953251134604, 5594438.268343236297369 ], [ 357095.69403357320698, 5594429.028467725031078 ], [ 357098.078528040321544, 5594419.509032201953232 ], [ 357099.518472667201422, 5594409.801714032888412 ], [ 357100.0, 5594400.0 ], [ 357100.0, 5594300.0 ], [ 357099.518472667201422, 5594290.198285967111588 ], [ 357098.078528040321544, 5594280.490967798046768 ], [ 357095.69403357320698, 5594270.971532274968922 ], [ 357092.387953251134604, 5594261.731656763702631 ], [ 357088.192126434820239, 5594252.86032631713897 ], [ 357083.146961230260786, 5594244.442976698279381 ], [ 357077.301045336294919, 5594236.560671583749354 ], [ 357070.710678118630312, 5594229.289321881718934 ], [ 357063.439328416367061, 5594222.698954664170742 ], [ 357055.55702330195345, 5594216.853038770146668 ], [ 357047.139673682628199, 5594211.807873564772308 ], [ 357038.2683432365302, 5594207.612046749331057 ], [ 357029.028467725438531, 5594204.305966426618397 ], [ 357019.509032201603986, 5594201.921471959911287 ], [ 357009.80171403294662, 5594200.481527333147824 ], [ 357000.0, 5594200.0 ], [ 356700.0, 5594200.0 ], [ 356690.19828596705338, 5594200.481527333147824 ], [ 356680.490967798396014, 5594201.921471959911287 ], [ 356670.971532274561469, 5594204.305966426618397 ], [ 356661.7316567634698, 5594207.612046749331057 ], [ 356652.860326317371801, 5594211.807873564772308 ], [ 356644.44297669804655, 5594216.853038770146668 ], [ 356636.560671583632939, 5594222.698954664170742 ], [ 356629.289321881369688, 5594229.289321881718934 ], [ 356622.698954663705081, 5594236.560671583749354 ], [ 356616.853038769739214, 5594244.442976698279381 ], [ 356611.807873565179761, 5594252.86032631713897 ], [ 356607.612046748865396, 5594261.731656763702631 ], [ 356604.30596642679302, 5594270.971532274968922 ], [ 356601.921471959678456, 5594280.490967798046768 ], [ 356600.481527332798578, 5594290.198285967111588 ], [ 356600.0, 5594300.0 ], [ 356590.19828596705338, 5594300.481527333147824 ], [ 356580.490967798396014, 5594301.921471959911287 ], [ 356570.971532274561469, 5594304.305966426618397 ], [ 356561.7316567634698, 5594307.612046749331057 ], [ 356552.860326317371801, 5594311.807873564772308 ], [ 356544.44297669804655, 5594316.853038770146668 ], [ 356536.560671583632939, 5594322.698954664170742 ], [ 356529.289321881369688, 5594329.289321881718934 ], [ 356522.698954663705081, 5594336.560671583749354 ], [ 356516.853038769739214, 5594344.442976698279381 ], [ 356511.807873565179761, 5594352.86032631713897 ], [ 356507.612046748865396, 5594361.731656763702631 ], [ 356504.30596642679302, 5594370.971532274968922 ], [ 356501.921471959678456, 5594380.490967798046768 ], [ 356500.481527332798578, 5594390.198285967111588 ], [ 356500.0, 5594400.0 ], [ 356490.19828596705338, 5594400.481527333147824 ], [ 356480.490967798396014, 5594401.921471959911287 ], [ 356470.971532274561469, 5594404.305966426618397 ], [ 356461.7316567634698, 5594407.612046749331057 ], [ 356452.860326317371801, 5594411.807873564772308 ], [ 356444.44297669804655, 5594416.853038770146668 ], [ 356436.560671583632939, 5594422.698954664170742 ], [ 356429.289321881369688, 5594429.289321881718934 ], [ 356422.698954663705081, 5594436.560671583749354 ], [ 356416.853038769739214, 5594444.442976698279381 ], [ 356411.807873565179761, 5594452.86032631713897 ], [ 356407.612046748865396, 5594461.731656763702631 ], [ 356404.30596642679302, 5594470.971532274968922 ], [ 356401.921471959678456, 5594480.490967798046768 ], [ 356400.481527332798578, 5594490.198285967111588 ], [ 356400.0, 5594500.0 ], [ 356400.0, 5594300.0 ], [ 356399.518472667201422, 5594290.198285967111588 ], [ 356398.078528040321544, 5594280.490967798046768 ], [ 356395.69403357320698, 5594270.971532274968922 ], [ 356392.387953251134604, 5594261.731656763702631 ], [ 356388.192126434820239, 5594252.86032631713897 ], [ 356383.146961230260786, 5594244.442976698279381 ], [ 356377.301045336294919, 5594236.560671583749354 ], [ 356370.710678118630312, 5594229.289321881718934 ], [ 356363.439328416367061, 5594222.698954664170742 ], [ 356355.55702330195345, 5594216.853038770146668 ], [ 356347.139673682628199, 5594211.807873564772308 ], [ 356338.2683432365302, 5594207.612046749331057 ], [ 356329.028467725438531, 5594204.305966426618397 ], [ 356319.509032201603986, 5594201.921471959911287 ], [ 356309.80171403294662, 5594200.481527333147824 ], [ 356300.0, 5594200.0 ], [ 356300.0, 5594100.0 ], [ 356299.518472667201422, 5594090.198285967111588 ], [ 356298.078528040321544, 5594080.490967798046768 ], [ 356295.69403357320698, 5594070.971532274968922 ], [ 356292.387953251134604, 5594061.731656763702631 ], [ 356288.192126434820239, 5594052.86032631713897 ], [ 356283.146961230260786, 5594044.442976698279381 ], [ 356277.301045336294919, 5594036.560671583749354 ], [ 356270.710678118630312, 5594029.289321881718934 ], [ 356263.439328416367061, 5594022.698954664170742 ], [ 356255.55702330195345, 5594016.853038770146668 ], [ 356247.139673682628199, 5594011.807873564772308 ], [ 356238.2683432365302, 5594007.612046749331057 ], [ 356229.028467725438531, 5594004.305966426618397 ], [ 356219.509032201603986, 5594001.921471959911287 ], [ 356209.80171403294662, 5594000.481527333147824 ], [ 356200.0, 5594000.0 ], [ 356199.518472667201422, 5593990.198285967111588 ], [ 356198.078528040321544, 5593980.490967798046768 ], [ 356195.69403357320698, 5593970.971532274968922 ], [ 356192.387953251134604, 5593961.731656763702631 ], [ 356188.192126434820239, 5593952.86032631713897 ], [ 356183.146961230260786, 5593944.442976698279381 ], [ 356177.301045336294919, 5593936.560671583749354 ], [ 356170.710678118630312, 5593929.289321881718934 ], [ 356163.439328416367061, 5593922.698954664170742 ], [ 356155.55702330195345, 5593916.853038770146668 ], [ 356147.139673682628199, 5593911.807873564772308 ], [ 356138.2683432365302, 5593907.612046749331057 ], [ 356129.028467725438531, 5593904.305966426618397 ], [ 356119.509032201603986, 5593901.921471959911287 ], [ 356109.80171403294662, 5593900.481527333147824 ], [ 356100.0, 5593900.0 ], [ 355900.0, 5593900.0 ], [ 355899.518472667201422, 5593890.198285967111588 ], [ 355898.078528040321544, 5593880.490967798046768 ], [ 355895.69403357320698, 5593870.971532274968922 ], [ 355892.387953251134604, 5593861.731656763702631 ], [ 355888.192126434820239, 5593852.86032631713897 ], [ 355883.146961230260786, 5593844.442976698279381 ], [ 355877.301045336294919, 5593836.560671583749354 ], [ 355870.710678118630312, 5593829.289321881718934 ], [ 355863.439328416367061, 5593822.698954664170742 ], [ 355855.55702330195345, 5593816.853038770146668 ], [ 355847.139673682628199, 5593811.807873564772308 ], [ 355838.2683432365302, 5593807.612046749331057 ], [ 355829.028467725438531, 5593804.305966426618397 ], [ 355819.509032201603986, 5593801.921471959911287 ], [ 355809.80171403294662, 5593800.481527333147824 ], [ 355800.0, 5593800.0 ], [ 355799.518472667201422, 5593790.198285967111588 ], [ 355798.078528040321544, 5593780.490967798046768 ], [ 355795.69403357320698, 5593770.971532274968922 ], [ 355792.387953251134604, 5593761.731656763702631 ], [ 355788.192126434820239, 5593752.86032631713897 ], [ 355783.146961230260786, 5593744.442976698279381 ], [ 355777.301045336294919, 5593736.560671583749354 ], [ 355770.710678118630312, 5593729.289321881718934 ], [ 355763.439328416367061, 5593722.698954664170742 ], [ 355755.55702330195345, 5593716.853038770146668 ], [ 355747.139673682628199, 5593711.807873564772308 ], [ 355738.2683432365302, 5593707.612046749331057 ], [ 355729.028467725438531, 5593704.305966426618397 ], [ 355719.509032201603986, 5593701.921471959911287 ], [ 355709.80171403294662, 5593700.481527333147824 ], [ 355700.0, 5593700.0 ], [ 355700.0, 5593600.0 ], [ 355699.518472667201422, 5593590.198285967111588 ], [ 355698.078528040321544, 5593580.490967798046768 ], [ 355695.69403357320698, 5593570.971532274968922 ], [ 355692.387953251134604, 5593561.731656763702631 ], [ 355688.192126434820239, 5593552.86032631713897 ], [ 355683.146961230260786, 5593544.442976698279381 ], [ 355677.301045336294919, 5593536.560671583749354 ], [ 355670.710678118630312, 5593529.289321881718934 ], [ 355663.439328416367061, 5593522.698954664170742 ], [ 355655.55702330195345, 5593516.853038770146668 ], [ 355647.139673682628199, 5593511.807873564772308 ], [ 355638.2683432365302, 5593507.612046749331057 ], [ 355629.028467725438531, 5593504.305966426618397 ], [ 355619.509032201603986, 5593501.921471959911287 ], [ 355609.80171403294662, 5593500.481527333147824 ], [ 355600.0, 5593500.0 ], [ 355599.518472667201422, 5593490.198285967111588 ], [ 355598.078528040321544, 5593480.490967798046768 ], [ 355595.69403357320698, 5593470.971532274968922 ], [ 355592.387953251134604, 5593461.731656763702631 ], [ 355588.192126434820239, 5593452.86032631713897 ], [ 355583.146961230260786, 5593444.442976698279381 ], [ 355577.301045336294919, 5593436.560671583749354 ], [ 355570.710678118630312, 5593429.289321881718934 ], [ 355563.439328416367061, 5593422.698954664170742 ], [ 355555.55702330195345, 5593416.853038770146668 ], [ 355547.139673682628199, 5593411.807873564772308 ], [ 355538.2683432365302, 5593407.612046749331057 ], [ 355529.028467725438531, 5593404.305966426618397 ], [ 355519.509032201603986, 5593401.921471959911287 ], [ 355509.80171403294662, 5593400.481527333147824 ], [ 355500.0, 5593400.0 ], [ 355499.518472667201422, 5593390.198285967111588 ], [ 355498.078528040321544, 5593380.490967798046768 ], [ 355495.69403357320698, 5593370.971532274968922 ], [ 355492.387953251134604, 5593361.731656763702631 ], [ 355488.192126434820239, 5593352.86032631713897 ], [ 355483.146961230260786, 5593344.442976698279381 ], [ 355477.301045336294919, 5593336.560671583749354 ], [ 355470.710678118630312, 5593329.289321881718934 ], [ 355463.439328416367061, 5593322.698954664170742 ], [ 355455.55702330195345, 5593316.853038770146668 ], [ 355447.139673682628199, 5593311.807873564772308 ], [ 355438.2683432365302, 5593307.612046749331057 ], [ 355429.028467725438531, 5593304.305966426618397 ], [ 355419.509032201603986, 5593301.921471959911287 ], [ 355409.80171403294662, 5593300.481527333147824 ], [ 355400.0, 5593300.0 ], [ 355300.0, 5593300.0 ], [ 355299.518472667201422, 5593290.198285967111588 ], [ 355298.078528040321544, 5593280.490967798046768 ], [ 355295.69403357320698, 5593270.971532274968922 ], [ 355292.387953251134604, 5593261.731656763702631 ], [ 355288.192126434820239, 5593252.86032631713897 ], [ 355283.146961230260786, 5593244.442976698279381 ], [ 355277.301045336294919, 5593236.560671583749354 ], [ 355270.710678118630312, 5593229.289321881718934 ], [ 355263.439328416367061, 5593222.698954664170742 ], [ 355255.55702330195345, 5593216.853038770146668 ], [ 355247.139673682628199, 5593211.807873564772308 ], [ 355238.2683432365302, 5593207.612046749331057 ], [ 355229.028467725438531, 5593204.305966426618397 ], [ 355219.509032201603986, 5593201.921471959911287 ], [ 355209.80171403294662, 5593200.481527333147824 ], [ 355200.0, 5593200.0 ], [ 354700.0, 5593200.0 ], [ 354690.19828596705338, 5593200.481527333147824 ], [ 354680.490967798396014, 5593201.921471959911287 ], [ 354670.971532274561469, 5593204.305966426618397 ], [ 354661.7316567634698, 5593207.612046749331057 ], [ 354652.860326317371801, 5593211.807873564772308 ], [ 354644.44297669804655, 5593216.853038770146668 ], [ 354636.560671583632939, 5593222.698954664170742 ], [ 354629.289321881369688, 5593229.289321881718934 ], [ 354622.698954663705081, 5593236.560671583749354 ], [ 354616.853038769739214, 5593244.442976698279381 ], [ 354611.807873565179761, 5593252.86032631713897 ], [ 354607.612046748865396, 5593261.731656763702631 ], [ 354604.30596642679302, 5593270.971532274968922 ], [ 354601.921471959678456, 5593280.490967798046768 ], [ 354600.481527332798578, 5593290.198285967111588 ], [ 354600.0, 5593300.0 ], [ 354600.0, 5593000.0 ], [ 354609.80171403294662, 5592999.518472666852176 ], [ 354619.509032201603986, 5592998.078528040088713 ], [ 354629.028467725438531, 5592995.694033573381603 ], [ 354638.2683432365302, 5592992.387953250668943 ], [ 354647.139673682628199, 5592988.192126435227692 ], [ 354655.55702330195345, 5592983.146961229853332 ], [ 354663.439328416367061, 5592977.301045335829258 ], [ 354670.710678118630312, 5592970.710678118281066 ], [ 354677.301045336294919, 5592963.439328416250646 ], [ 354683.146961230260786, 5592955.557023301720619 ], [ 354688.192126434820239, 5592947.13967368286103 ], [ 354692.387953251134604, 5592938.268343236297369 ], [ 354695.69403357320698, 5592929.028467725031078 ], [ 354698.078528040321544, 5592919.509032201953232 ], [ 354699.518472667201422, 5592909.801714032888412 ], [ 354700.0, 5592900.0 ], [ 354700.0, 5592100.0 ], [ 354699.518472667201422, 5592090.198285967111588 ], [ 354698.078528040321544, 5592080.490967798046768 ], [ 354695.69403357320698, 5592070.971532274968922 ], [ 354692.387953251134604, 5592061.731656763702631 ], [ 354688.192126434820239, 5592052.86032631713897 ], [ 354683.146961230260786, 5592044.442976698279381 ], [ 354677.301045336294919, 5592036.560671583749354 ], [ 354670.710678118630312, 5592029.289321881718934 ], [ 354663.439328416367061, 5592022.698954664170742 ], [ 354655.55702330195345, 5592016.853038770146668 ], [ 354647.139673682628199, 5592011.807873564772308 ], [ 354638.2683432365302, 5592007.612046749331057 ], [ 354629.028467725438531, 5592004.305966426618397 ], [ 354619.509032201603986, 5592001.921471959911287 ], [ 354609.80171403294662, 5592000.481527333147824 ], [ 354600.0, 5592000.0 ], [ 354600.0, 5591900.0 ], [ 354599.518472667201422, 5591890.198285967111588 ], [ 354598.078528040321544, 5591880.490967798046768 ], [ 354595.69403357320698, 5591870.971532274968922 ], [ 354592.387953251134604, 5591861.731656763702631 ], [ 354588.192126434820239, 5591852.86032631713897 ], [ 354583.146961230260786, 5591844.442976698279381 ], [ 354577.301045336294919, 5591836.560671583749354 ], [ 354570.710678118630312, 5591829.289321881718934 ], [ 354563.439328416367061, 5591822.698954664170742 ], [ 354555.55702330195345, 5591816.853038770146668 ], [ 354547.139673682628199, 5591811.807873564772308 ], [ 354538.2683432365302, 5591807.612046749331057 ], [ 354529.028467725438531, 5591804.305966426618397 ], [ 354519.509032201603986, 5591801.921471959911287 ], [ 354509.80171403294662, 5591800.481527333147824 ], [ 354500.0, 5591800.0 ], [ 354500.0, 5591700.0 ], [ 354499.518472667201422, 5591690.198285967111588 ], [ 354498.078528040321544, 5591680.490967798046768 ], [ 354495.69403357320698, 5591670.971532274968922 ], [ 354492.387953251134604, 5591661.731656763702631 ], [ 354488.192126434820239, 5591652.86032631713897 ], [ 354483.146961230260786, 5591644.442976698279381 ], [ 354477.301045336294919, 5591636.560671583749354 ], [ 354470.710678118630312, 5591629.289321881718934 ], [ 354463.439328416367061, 5591622.698954664170742 ], [ 354455.55702330195345, 5591616.853038770146668 ], [ 354447.139673682628199, 5591611.807873564772308 ], [ 354438.2683432365302, 5591607.612046749331057 ], [ 354429.028467725438531, 5591604.305966426618397 ], [ 354419.509032201603986, 5591601.921471959911287 ], [ 354409.80171403294662, 5591600.481527333147824 ], [ 354400.0, 5591600.0 ], [ 354400.0, 5591400.0 ], [ 354399.518472667201422, 5591390.198285967111588 ], [ 354398.078528040321544, 5591380.490967798046768 ], [ 354395.69403357320698, 5591370.971532274968922 ], [ 354392.387953251134604, 5591361.731656763702631 ], [ 354388.192126434820239, 5591352.86032631713897 ], [ 354383.146961230260786, 5591344.442976698279381 ], [ 354377.301045336294919, 5591336.560671583749354 ], [ 354370.710678118630312, 5591329.289321881718934 ], [ 354363.439328416367061, 5591322.698954664170742 ], [ 354355.55702330195345, 5591316.853038770146668 ], [ 354347.139673682628199, 5591311.807873564772308 ], [ 354338.2683432365302, 5591307.612046749331057 ], [ 354329.028467725438531, 5591304.305966426618397 ], [ 354319.509032201603986, 5591301.921471959911287 ], [ 354309.80171403294662, 5591300.481527333147824 ], [ 354300.0, 5591300.0 ], [ 354300.0, 5591200.0 ], [ 354299.518472667201422, 5591190.198285967111588 ], [ 354298.078528040321544, 5591180.490967798046768 ], [ 354295.69403357320698, 5591170.971532274968922 ], [ 354292.387953251134604, 5591161.731656763702631 ], [ 354288.192126434820239, 5591152.86032631713897 ], [ 354283.146961230260786, 5591144.442976698279381 ], [ 354277.301045336294919, 5591136.560671583749354 ], [ 354270.710678118630312, 5591129.289321881718934 ], [ 354263.439328416367061, 5591122.698954664170742 ], [ 354255.55702330195345, 5591116.853038770146668 ], [ 354247.139673682628199, 5591111.807873564772308 ], [ 354238.2683432365302, 5591107.612046749331057 ], [ 354229.028467725438531, 5591104.305966426618397 ], [ 354219.509032201603986, 5591101.921471959911287 ], [ 354209.80171403294662, 5591100.481527333147824 ], [ 354200.0, 5591100.0 ], [ 354199.518472667201422, 5591090.198285967111588 ], [ 354198.078528040321544, 5591080.490967798046768 ], [ 354195.69403357320698, 5591070.971532274968922 ], [ 354192.387953251134604, 5591061.731656763702631 ], [ 354188.192126434820239, 5591052.86032631713897 ], [ 354183.146961230260786, 5591044.442976698279381 ], [ 354177.301045336294919, 5591036.560671583749354 ], [ 354170.710678118630312, 5591029.289321881718934 ], [ 354163.439328416367061, 5591022.698954664170742 ], [ 354155.55702330195345, 5591016.853038770146668 ], [ 354147.139673682628199, 5591011.807873564772308 ], [ 354138.2683432365302, 5591007.612046749331057 ], [ 354129.028467725438531, 5591004.305966426618397 ], [ 354119.509032201603986, 5591001.921471959911287 ], [ 354109.80171403294662, 5591000.481527333147824 ], [ 354100.0, 5591000.0 ], [ 354100.0, 5590900.0 ], [ 354099.518472667201422, 5590890.198285967111588 ], [ 354098.078528040321544, 5590880.490967798046768 ], [ 354095.69403357320698, 5590870.971532274968922 ], [ 354092.387953251134604, 5590861.731656763702631 ], [ 354088.192126434820239, 5590852.86032631713897 ], [ 354083.146961230260786, 5590844.442976698279381 ], [ 354077.301045336294919, 5590836.560671583749354 ], [ 354070.710678118630312, 5590829.289321881718934 ], [ 354063.439328416367061, 5590822.698954664170742 ], [ 354055.55702330195345, 5590816.853038770146668 ], [ 354047.139673682628199, 5590811.807873564772308 ], [ 354038.2683432365302, 5590807.612046749331057 ], [ 354029.028467725438531, 5590804.305966426618397 ], [ 354019.509032201603986, 5590801.921471959911287 ], [ 354009.80171403294662, 5590800.481527333147824 ], [ 354000.0, 5590800.0 ], [ 353900.0, 5590800.0 ], [ 353899.518472667201422, 5590790.198285967111588 ], [ 353898.078528040321544, 5590780.490967798046768 ], [ 353895.69403357320698, 5590770.971532274968922 ], [ 353892.387953251134604, 5590761.731656763702631 ], [ 353888.192126434820239, 5590752.86032631713897 ], [ 353883.146961230260786, 5590744.442976698279381 ], [ 353877.301045336294919, 5590736.560671583749354 ], [ 353870.710678118630312, 5590729.289321881718934 ], [ 353863.439328416367061, 5590722.698954664170742 ], [ 353855.55702330195345, 5590716.853038770146668 ], [ 353847.139673682628199, 5590711.807873564772308 ], [ 353838.2683432365302, 5590707.612046749331057 ], [ 353829.028467725438531, 5590704.305966426618397 ], [ 353819.509032201603986, 5590701.921471959911287 ], [ 353809.80171403294662, 5590700.481527333147824 ], [ 353800.0, 5590700.0 ], [ 353800.0, 5590500.0 ], [ 353799.518472667201422, 5590490.198285967111588 ], [ 353798.078528040321544, 5590480.490967798046768 ], [ 353795.69403357320698, 5590470.971532274968922 ], [ 353792.387953251134604, 5590461.731656763702631 ], [ 353788.192126434820239, 5590452.86032631713897 ], [ 353783.146961230260786, 5590444.442976698279381 ], [ 353777.301045336294919, 5590436.560671583749354 ], [ 353770.710678118630312, 5590429.289321881718934 ], [ 353763.439328416367061, 5590422.698954664170742 ], [ 353755.55702330195345, 5590416.853038770146668 ], [ 353747.139673682628199, 5590411.807873564772308 ], [ 353738.2683432365302, 5590407.612046749331057 ], [ 353729.028467725438531, 5590404.305966426618397 ], [ 353719.509032201603986, 5590401.921471959911287 ], [ 353709.80171403294662, 5590400.481527333147824 ], [ 353700.0, 5590400.0 ], [ 353700.0, 5590200.0 ], [ 353699.518472667201422, 5590190.198285967111588 ], [ 353698.078528040321544, 5590180.490967798046768 ], [ 353695.69403357320698, 5590170.971532274968922 ], [ 353692.387953251134604, 5590161.731656763702631 ], [ 353688.192126434820239, 5590152.86032631713897 ], [ 353683.146961230260786, 5590144.442976698279381 ], [ 353677.301045336294919, 5590136.560671583749354 ], [ 353670.710678118630312, 5590129.289321881718934 ], [ 353663.439328416367061, 5590122.698954664170742 ], [ 353655.55702330195345, 5590116.853038770146668 ], [ 353647.139673682628199, 5590111.807873564772308 ], [ 353638.2683432365302, 5590107.612046749331057 ], [ 353629.028467725438531, 5590104.305966426618397 ], [ 353619.509032201603986, 5590101.921471959911287 ], [ 353609.80171403294662, 5590100.481527333147824 ], [ 353600.0, 5590100.0 ], [ 353599.518472667201422, 5590090.198285967111588 ], [ 353598.078528040321544, 5590080.490967798046768 ], [ 353595.69403357320698, 5590070.971532274968922 ], [ 353592.387953251134604, 5590061.731656763702631 ], [ 353588.192126434820239, 5590052.86032631713897 ], [ 353583.146961230260786, 5590044.442976698279381 ], [ 353577.301045336294919, 5590036.560671583749354 ], [ 353570.710678118630312, 5590029.289321881718934 ], [ 353563.439328416367061, 5590022.698954664170742 ], [ 353555.55702330195345, 5590016.853038770146668 ], [ 353547.139673682628199, 5590011.807873564772308 ], [ 353538.2683432365302, 5590007.612046749331057 ], [ 353529.028467725438531, 5590004.305966426618397 ], [ 353519.509032201603986, 5590001.921471959911287 ], [ 353509.80171403294662, 5590000.481527333147824 ], [ 353500.0, 5590000.0 ], [ 353499.518472667201422, 5589990.198285967111588 ], [ 353498.078528040321544, 5589980.490967798046768 ], [ 353495.69403357320698, 5589970.971532274968922 ], [ 353492.387953251134604, 5589961.731656763702631 ], [ 353488.192126434820239, 5589952.86032631713897 ], [ 353483.146961230260786, 5589944.442976698279381 ], [ 353477.301045336294919, 5589936.560671583749354 ], [ 353470.710678118630312, 5589929.289321881718934 ], [ 353463.439328416367061, 5589922.698954664170742 ], [ 353455.55702330195345, 5589916.853038770146668 ], [ 353447.139673682628199, 5589911.807873564772308 ], [ 353438.2683432365302, 5589907.612046749331057 ], [ 353429.028467725438531, 5589904.305966426618397 ], [ 353419.509032201603986, 5589901.921471959911287 ], [ 353409.80171403294662, 5589900.481527333147824 ], [ 353400.0, 5589900.0 ], [ 353400.0, 5589800.0 ], [ 353399.518472667201422, 5589790.198285967111588 ], [ 353398.078528040321544, 5589780.490967798046768 ], [ 353395.69403357320698, 5589770.971532274968922 ], [ 353392.387953251134604, 5589761.731656763702631 ], [ 353388.192126434820239, 5589752.86032631713897 ], [ 353383.146961230260786, 5589744.442976698279381 ], [ 353377.301045336294919, 5589736.560671583749354 ], [ 353370.710678118630312, 5589729.289321881718934 ], [ 353363.439328416367061, 5589722.698954664170742 ], [ 353355.55702330195345, 5589716.853038770146668 ], [ 353347.139673682628199, 5589711.807873564772308 ], [ 353338.2683432365302, 5589707.612046749331057 ], [ 353329.028467725438531, 5589704.305966426618397 ], [ 353319.509032201603986, 5589701.921471959911287 ], [ 353309.80171403294662, 5589700.481527333147824 ], [ 353300.0, 5589700.0 ], [ 353300.0, 5589600.0 ], [ 353299.518472667201422, 5589590.198285967111588 ], [ 353298.078528040321544, 5589580.490967798046768 ], [ 353295.69403357320698, 5589570.971532274968922 ], [ 353292.387953251134604, 5589561.731656763702631 ], [ 353288.192126434820239, 5589552.86032631713897 ], [ 353283.146961230260786, 5589544.442976698279381 ], [ 353277.301045336294919, 5589536.560671583749354 ], [ 353270.710678118630312, 5589529.289321881718934 ], [ 353263.439328416367061, 5589522.698954664170742 ], [ 353255.55702330195345, 5589516.853038770146668 ], [ 353247.139673682628199, 5589511.807873564772308 ], [ 353238.2683432365302, 5589507.612046749331057 ], [ 353229.028467725438531, 5589504.305966426618397 ], [ 353219.509032201603986, 5589501.921471959911287 ], [ 353209.80171403294662, 5589500.481527333147824 ], [ 353200.0, 5589500.0 ], [ 353200.0, 5589300.0 ], [ 353199.518472667201422, 5589290.198285967111588 ], [ 353198.078528040321544, 5589280.490967798046768 ], [ 353195.69403357320698, 5589270.971532274968922 ], [ 353192.387953251134604, 5589261.731656763702631 ], [ 353188.192126434820239, 5589252.86032631713897 ], [ 353183.146961230260786, 5589244.442976698279381 ], [ 353177.301045336294919, 5589236.560671583749354 ], [ 353170.710678118630312, 5589229.289321881718934 ], [ 353163.439328416367061, 5589222.698954664170742 ], [ 353155.55702330195345, 5589216.853038770146668 ], [ 353147.139673682628199, 5589211.807873564772308 ], [ 353138.2683432365302, 5589207.612046749331057 ], [ 353129.028467725438531, 5589204.305966426618397 ], [ 353119.509032201603986, 5589201.921471959911287 ], [ 353109.80171403294662, 5589200.481527333147824 ], [ 353100.0, 5589200.0 ], [ 353000.0, 5589200.0 ], [ 352990.19828596705338, 5589200.481527333147824 ], [ 352980.490967798396014, 5589201.921471959911287 ], [ 352970.971532274561469, 5589204.305966426618397 ], [ 352961.7316567634698, 5589207.612046749331057 ], [ 352952.860326317371801, 5589211.807873564772308 ], [ 352944.44297669804655, 5589216.853038770146668 ], [ 352936.560671583632939, 5589222.698954664170742 ], [ 352929.289321881369688, 5589229.289321881718934 ], [ 352922.698954663705081, 5589236.560671583749354 ], [ 352916.853038769739214, 5589244.442976698279381 ], [ 352911.807873565179761, 5589252.86032631713897 ], [ 352907.612046748865396, 5589261.731656763702631 ], [ 352904.30596642679302, 5589270.971532274968922 ], [ 352901.921471959678456, 5589280.490967798046768 ], [ 352900.481527332798578, 5589290.198285967111588 ], [ 352900.0, 5589300.0 ], [ 352900.0, 5589700.0 ], [ 352900.481527332798578, 5589709.801714032888412 ], [ 352901.921471959678456, 5589719.509032201953232 ], [ 352904.30596642679302, 5589729.028467725031078 ], [ 352907.612046748865396, 5589738.268343236297369 ], [ 352911.807873565179761, 5589747.13967368286103 ], [ 352916.853038769739214, 5589755.557023301720619 ], [ 352922.698954663705081, 5589763.439328416250646 ], [ 352929.289321881369688, 5589770.710678118281066 ], [ 352936.560671583632939, 5589777.301045335829258 ], [ 352944.44297669804655, 5589783.146961229853332 ], [ 352952.860326317371801, 5589788.192126435227692 ], [ 352961.7316567634698, 5589792.387953250668943 ], [ 352970.971532274561469, 5589795.694033573381603 ], [ 352980.490967798396014, 5589798.078528040088713 ], [ 352990.19828596705338, 5589799.518472666852176 ], [ 353000.0, 5589800.0 ], [ 353100.0, 5589800.0 ], [ 353100.0, 5589900.0 ], [ 352700.0, 5589900.0 ], [ 352690.19828596705338, 5589900.481527333147824 ], [ 352680.490967798396014, 5589901.921471959911287 ], [ 352670.971532274561469, 5589904.305966426618397 ], [ 352661.7316567634698, 5589907.612046749331057 ], [ 352652.860326317371801, 5589911.807873564772308 ], [ 352644.44297669804655, 5589916.853038770146668 ], [ 352636.560671583632939, 5589922.698954664170742 ], [ 352629.289321881369688, 5589929.289321881718934 ], [ 352622.698954663705081, 5589936.560671583749354 ], [ 352616.853038769739214, 5589944.442976698279381 ], [ 352611.807873565179761, 5589952.86032631713897 ], [ 352607.612046748865396, 5589961.731656763702631 ], [ 352604.30596642679302, 5589970.971532274968922 ], [ 352601.921471959678456, 5589980.490967798046768 ], [ 352600.481527332798578, 5589990.198285967111588 ], [ 352600.0, 5590000.0 ], [ 352599.518472667201422, 5589990.198285967111588 ], [ 352598.078528040321544, 5589980.490967798046768 ], [ 352595.69403357320698, 5589970.971532274968922 ], [ 352592.387953251134604, 5589961.731656763702631 ], [ 352588.192126434820239, 5589952.86032631713897 ], [ 352583.146961230260786, 5589944.442976698279381 ], [ 352577.301045336294919, 5589936.560671583749354 ], [ 352570.710678118630312, 5589929.289321881718934 ], [ 352563.439328416367061, 5589922.698954664170742 ], [ 352555.55702330195345, 5589916.853038770146668 ], [ 352547.139673682628199, 5589911.807873564772308 ], [ 352538.2683432365302, 5589907.612046749331057 ], [ 352529.028467725438531, 5589904.305966426618397 ], [ 352519.509032201603986, 5589901.921471959911287 ], [ 352509.80171403294662, 5589900.481527333147824 ], [ 352500.0, 5589900.0 ], [ 352500.0, 5589800.0 ], [ 352499.518472667201422, 5589790.198285967111588 ], [ 352498.078528040321544, 5589780.490967798046768 ], [ 352495.69403357320698, 5589770.971532274968922 ], [ 352492.387953251134604, 5589761.731656763702631 ], [ 352488.192126434820239, 5589752.86032631713897 ], [ 352483.146961230260786, 5589744.442976698279381 ], [ 352477.301045336294919, 5589736.560671583749354 ], [ 352470.710678118630312, 5589729.289321881718934 ], [ 352463.439328416367061, 5589722.698954664170742 ], [ 352455.55702330195345, 5589716.853038770146668 ], [ 352447.139673682628199, 5589711.807873564772308 ], [ 352438.2683432365302, 5589707.612046749331057 ], [ 352429.028467725438531, 5589704.305966426618397 ], [ 352419.509032201603986, 5589701.921471959911287 ], [ 352409.80171403294662, 5589700.481527333147824 ], [ 352400.0, 5589700.0 ], [ 352300.0, 5589700.0 ], [ 352299.518472667201422, 5589690.198285967111588 ], [ 352298.078528040321544, 5589680.490967798046768 ], [ 352295.69403357320698, 5589670.971532274968922 ], [ 352292.387953251134604, 5589661.731656763702631 ], [ 352288.192126434820239, 5589652.86032631713897 ], [ 352283.146961230260786, 5589644.442976698279381 ], [ 352277.301045336294919, 5589636.560671583749354 ], [ 352270.710678118630312, 5589629.289321881718934 ], [ 352263.439328416367061, 5589622.698954664170742 ], [ 352255.55702330195345, 5589616.853038770146668 ], [ 352247.139673682628199, 5589611.807873564772308 ], [ 352238.2683432365302, 5589607.612046749331057 ], [ 352229.028467725438531, 5589604.305966426618397 ], [ 352219.509032201603986, 5589601.921471959911287 ], [ 352209.80171403294662, 5589600.481527333147824 ], [ 352200.0, 5589600.0 ], [ 351900.0, 5589600.0 ], [ 351890.19828596705338, 5589600.481527333147824 ], [ 351880.490967798396014, 5589601.921471959911287 ], [ 351870.971532274561469, 5589604.305966426618397 ], [ 351861.7316567634698, 5589607.612046749331057 ], [ 351852.860326317371801, 5589611.807873564772308 ], [ 351844.44297669804655, 5589616.853038770146668 ], [ 351836.560671583632939, 5589622.698954664170742 ], [ 351829.289321881369688, 5589629.289321881718934 ], [ 351822.698954663705081, 5589636.560671583749354 ], [ 351816.853038769739214, 5589644.442976698279381 ], [ 351811.807873565179761, 5589652.86032631713897 ], [ 351807.612046748865396, 5589661.731656763702631 ], [ 351804.30596642679302, 5589670.971532274968922 ], [ 351801.921471959678456, 5589680.490967798046768 ], [ 351800.481527332798578, 5589690.198285967111588 ], [ 351800.0, 5589700.0 ], [ 351700.0, 5589700.0 ], [ 351690.19828596705338, 5589700.481527333147824 ], [ 351680.490967798396014, 5589701.921471959911287 ], [ 351670.971532274561469, 5589704.305966426618397 ], [ 351661.7316567634698, 5589707.612046749331057 ], [ 351652.860326317371801, 5589711.807873564772308 ], [ 351644.44297669804655, 5589716.853038770146668 ], [ 351636.560671583632939, 5589722.698954664170742 ], [ 351629.289321881369688, 5589729.289321881718934 ], [ 351622.698954663705081, 5589736.560671583749354 ], [ 351616.853038769739214, 5589744.442976698279381 ], [ 351611.807873565179761, 5589752.86032631713897 ], [ 351607.612046748865396, 5589761.731656763702631 ], [ 351604.30596642679302, 5589770.971532274968922 ], [ 351601.921471959678456, 5589780.490967798046768 ], [ 351600.481527332798578, 5589790.198285967111588 ], [ 351600.0, 5589800.0 ], [ 351599.518472667201422, 5589790.198285967111588 ], [ 351598.078528040321544, 5589780.490967798046768 ], [ 351595.69403357320698, 5589770.971532274968922 ], [ 351592.387953251134604, 5589761.731656763702631 ], [ 351588.192126434820239, 5589752.86032631713897 ], [ 351583.146961230260786, 5589744.442976698279381 ], [ 351577.301045336294919, 5589736.560671583749354 ], [ 351570.710678118630312, 5589729.289321881718934 ], [ 351563.439328416367061, 5589722.698954664170742 ], [ 351555.55702330195345, 5589716.853038770146668 ], [ 351547.139673682628199, 5589711.807873564772308 ], [ 351538.2683432365302, 5589707.612046749331057 ], [ 351529.028467725438531, 5589704.305966426618397 ], [ 351519.509032201603986, 5589701.921471959911287 ], [ 351509.80171403294662, 5589700.481527333147824 ], [ 351500.0, 5589700.0 ], [ 351200.0, 5589700.0 ], [ 351190.19828596705338, 5589700.481527333147824 ], [ 351180.490967798396014, 5589701.921471959911287 ], [ 351170.971532274561469, 5589704.305966426618397 ], [ 351161.7316567634698, 5589707.612046749331057 ], [ 351152.860326317371801, 5589711.807873564772308 ], [ 351144.44297669804655, 5589716.853038770146668 ], [ 351136.560671583632939, 5589722.698954664170742 ], [ 351129.289321881369688, 5589729.289321881718934 ], [ 351122.698954663705081, 5589736.560671583749354 ], [ 351116.853038769739214, 5589744.442976698279381 ], [ 351111.807873565179761, 5589752.86032631713897 ], [ 351107.612046748865396, 5589761.731656763702631 ], [ 351104.30596642679302, 5589770.971532274968922 ], [ 351101.921471959678456, 5589780.490967798046768 ], [ 351100.481527332798578, 5589790.198285967111588 ], [ 351100.0, 5589800.0 ], [ 351090.19828596705338, 5589800.481527333147824 ], [ 351080.490967798396014, 5589801.921471959911287 ], [ 351070.971532274561469, 5589804.305966426618397 ], [ 351061.7316567634698, 5589807.612046749331057 ], [ 351052.860326317371801, 5589811.807873564772308 ], [ 351044.44297669804655, 5589816.853038770146668 ], [ 351036.560671583632939, 5589822.698954664170742 ], [ 351029.289321881369688, 5589829.289321881718934 ], [ 351022.698954663705081, 5589836.560671583749354 ], [ 351016.853038769739214, 5589844.442976698279381 ], [ 351011.807873565179761, 5589852.86032631713897 ], [ 351007.612046748865396, 5589861.731656763702631 ], [ 351004.30596642679302, 5589870.971532274968922 ], [ 351001.921471959678456, 5589880.490967798046768 ], [ 351000.481527332798578, 5589890.198285967111588 ], [ 351000.0, 5589900.0 ], [ 351000.0, 5590100.0 ], [ 351000.481527332798578, 5590109.801714032888412 ], [ 351001.921471959678456, 5590119.509032201953232 ], [ 351004.30596642679302, 5590129.028467725031078 ], [ 351007.612046748865396, 5590138.268343236297369 ], [ 351011.807873565179761, 5590147.13967368286103 ], [ 351013.522287182568107, 5590150.0 ], [ 351011.807873565179761, 5590152.86032631713897 ], [ 351007.612046748865396, 5590161.731656763702631 ], [ 351004.30596642679302, 5590170.971532274968922 ], [ 351001.921471959678456, 5590180.490967798046768 ], [ 351000.481527332798578, 5590190.198285967111588 ], [ 351000.0, 5590200.0 ], [ 351000.0, 5590300.0 ], [ 350999.518472667201422, 5590290.198285967111588 ], [ 350998.078528040321544, 5590280.490967798046768 ], [ 350995.69403357320698, 5590270.971532274968922 ], [ 350992.387953251134604, 5590261.731656763702631 ], [ 350988.192126434820239, 5590252.86032631713897 ], [ 350983.146961230260786, 5590244.442976698279381 ], [ 350977.301045336294919, 5590236.560671583749354 ], [ 350970.710678118630312, 5590229.289321881718934 ], [ 350963.439328416367061, 5590222.698954664170742 ], [ 350955.55702330195345, 5590216.853038770146668 ], [ 350947.139673682628199, 5590211.807873564772308 ], [ 350938.2683432365302, 5590207.612046749331057 ], [ 350929.028467725438531, 5590204.305966426618397 ], [ 350919.509032201603986, 5590201.921471959911287 ], [ 350909.80171403294662, 5590200.481527333147824 ], [ 350900.0, 5590200.0 ], [ 350899.518472667201422, 5590190.198285967111588 ], [ 350898.078528040321544, 5590180.490967798046768 ], [ 350895.69403357320698, 5590170.971532274968922 ], [ 350892.387953251134604, 5590161.731656763702631 ], [ 350888.192126434820239, 5590152.86032631713897 ], [ 350883.146961230260786, 5590144.442976698279381 ], [ 350877.301045336294919, 5590136.560671583749354 ], [ 350870.710678118630312, 5590129.289321881718934 ], [ 350863.439328416367061, 5590122.698954664170742 ], [ 350855.55702330195345, 5590116.853038770146668 ], [ 350847.139673682628199, 5590111.807873564772308 ], [ 350838.2683432365302, 5590107.612046749331057 ], [ 350829.028467725438531, 5590104.305966426618397 ], [ 350819.509032201603986, 5590101.921471959911287 ], [ 350809.80171403294662, 5590100.481527333147824 ], [ 350800.0, 5590100.0 ], [ 350799.518472667201422, 5590090.198285967111588 ], [ 350798.078528040321544, 5590080.490967798046768 ], [ 350795.69403357320698, 5590070.971532274968922 ], [ 350792.387953251134604, 5590061.731656763702631 ], [ 350788.192126434820239, 5590052.86032631713897 ], [ 350783.146961230260786, 5590044.442976698279381 ], [ 350777.301045336294919, 5590036.560671583749354 ], [ 350770.710678118630312, 5590029.289321881718934 ], [ 350763.439328416367061, 5590022.698954664170742 ], [ 350755.55702330195345, 5590016.853038770146668 ], [ 350747.139673682628199, 5590011.807873564772308 ], [ 350738.2683432365302, 5590007.612046749331057 ], [ 350729.028467725438531, 5590004.305966426618397 ], [ 350719.509032201603986, 5590001.921471959911287 ], [ 350709.80171403294662, 5590000.481527333147824 ], [ 350700.0, 5590000.0 ], [ 350300.0, 5590000.0 ], [ 350290.19828596705338, 5590000.481527333147824 ], [ 350280.490967798396014, 5590001.921471959911287 ], [ 350270.971532274561469, 5590004.305966426618397 ], [ 350261.7316567634698, 5590007.612046749331057 ], [ 350252.860326317371801, 5590011.807873564772308 ], [ 350244.44297669804655, 5590016.853038770146668 ], [ 350236.560671583632939, 5590022.698954664170742 ], [ 350229.289321881369688, 5590029.289321881718934 ], [ 350222.698954663705081, 5590036.560671583749354 ], [ 350216.853038769739214, 5590044.442976698279381 ], [ 350211.807873565179761, 5590052.86032631713897 ], [ 350207.612046748865396, 5590061.731656763702631 ], [ 350204.30596642679302, 5590070.971532274968922 ], [ 350201.921471959678456, 5590080.490967798046768 ], [ 350200.481527332798578, 5590090.198285967111588 ], [ 350200.0, 5590100.0 ], [ 350190.19828596705338, 5590100.481527333147824 ], [ 350180.490967798396014, 5590101.921471959911287 ], [ 350170.971532274561469, 5590104.305966426618397 ], [ 350161.7316567634698, 5590107.612046749331057 ], [ 350152.860326317371801, 5590111.807873564772308 ], [ 350144.44297669804655, 5590116.853038770146668 ], [ 350136.560671583632939, 5590122.698954664170742 ], [ 350129.289321881369688, 5590129.289321881718934 ], [ 350122.698954663705081, 5590136.560671583749354 ], [ 350116.853038769739214, 5590144.442976698279381 ], [ 350111.807873565179761, 5590152.86032631713897 ], [ 350107.612046748865396, 5590161.731656763702631 ], [ 350104.30596642679302, 5590170.971532274968922 ], [ 350101.921471959678456, 5590180.490967798046768 ], [ 350100.481527332798578, 5590190.198285967111588 ], [ 350100.0, 5590200.0 ], [ 350099.518472667201422, 5590190.198285967111588 ], [ 350098.078528040321544, 5590180.490967798046768 ], [ 350095.69403357320698, 5590170.971532274968922 ], [ 350092.387953251134604, 5590161.731656763702631 ], [ 350088.192126434820239, 5590152.86032631713897 ], [ 350083.146961230260786, 5590144.442976698279381 ], [ 350077.301045336294919, 5590136.560671583749354 ], [ 350070.710678118630312, 5590129.289321881718934 ], [ 350063.439328416367061, 5590122.698954664170742 ], [ 350055.55702330195345, 5590116.853038770146668 ], [ 350047.139673682628199, 5590111.807873564772308 ], [ 350038.2683432365302, 5590107.612046749331057 ], [ 350029.028467725438531, 5590104.305966426618397 ], [ 350019.509032201603986, 5590101.921471959911287 ], [ 350009.80171403294662, 5590100.481527333147824 ], [ 350000.0, 5590100.0 ], [ 349700.0, 5590100.0 ], [ 349690.19828596705338, 5590100.481527333147824 ], [ 349680.490967798396014, 5590101.921471959911287 ], [ 349670.971532274561469, 5590104.305966426618397 ], [ 349661.7316567634698, 5590107.612046749331057 ], [ 349652.860326317371801, 5590111.807873564772308 ], [ 349644.44297669804655, 5590116.853038770146668 ], [ 349636.560671583632939, 5590122.698954664170742 ], [ 349629.289321881369688, 5590129.289321881718934 ], [ 349622.698954663705081, 5590136.560671583749354 ], [ 349616.853038769739214, 5590144.442976698279381 ], [ 349611.807873565179761, 5590152.86032631713897 ], [ 349607.612046748865396, 5590161.731656763702631 ], [ 349604.30596642679302, 5590170.971532274968922 ], [ 349601.921471959678456, 5590180.490967798046768 ], [ 349600.481527332798578, 5590190.198285967111588 ], [ 349600.0, 5590200.0 ], [ 349590.19828596705338, 5590200.481527333147824 ], [ 349580.490967798396014, 5590201.921471959911287 ], [ 349570.971532274561469, 5590204.305966426618397 ], [ 349561.7316567634698, 5590207.612046749331057 ], [ 349552.860326317371801, 5590211.807873564772308 ], [ 349544.44297669804655, 5590216.853038770146668 ], [ 349536.560671583632939, 5590222.698954664170742 ], [ 349529.289321881369688, 5590229.289321881718934 ], [ 349522.698954663705081, 5590236.560671583749354 ], [ 349516.853038769739214, 5590244.442976698279381 ], [ 349511.807873565179761, 5590252.86032631713897 ], [ 349507.612046748865396, 5590261.731656763702631 ], [ 349504.30596642679302, 5590270.971532274968922 ], [ 349501.921471959678456, 5590280.490967798046768 ], [ 349500.481527332798578, 5590290.198285967111588 ], [ 349500.0, 5590300.0 ], [ 349400.0, 5590300.0 ], [ 349390.19828596705338, 5590300.481527333147824 ], [ 349380.490967798396014, 5590301.921471959911287 ], [ 349370.971532274561469, 5590304.305966426618397 ], [ 349361.7316567634698, 5590307.612046749331057 ], [ 349352.860326317371801, 5590311.807873564772308 ], [ 349350.0, 5590313.522287182509899 ], [ 349347.139673682628199, 5590311.807873564772308 ], [ 349338.2683432365302, 5590307.612046749331057 ], [ 349329.028467725438531, 5590304.305966426618397 ], [ 349319.509032201603986, 5590301.921471959911287 ], [ 349309.80171403294662, 5590300.481527333147824 ], [ 349300.0, 5590300.0 ], [ 349309.80171403294662, 5590299.518472666852176 ], [ 349319.509032201603986, 5590298.078528040088713 ], [ 349329.028467725438531, 5590295.694033573381603 ], [ 349338.2683432365302, 5590292.387953250668943 ], [ 349347.139673682628199, 5590288.192126435227692 ], [ 349355.55702330195345, 5590283.146961229853332 ], [ 349363.439328416367061, 5590277.301045335829258 ], [ 349370.710678118630312, 5590270.710678118281066 ], [ 349377.301045336294919, 5590263.439328416250646 ], [ 349383.146961230260786, 5590255.557023301720619 ], [ 349388.192126434820239, 5590247.13967368286103 ], [ 349392.387953251134604, 5590238.268343236297369 ], [ 349395.69403357320698, 5590229.028467725031078 ], [ 349398.078528040321544, 5590219.509032201953232 ], [ 349399.518472667201422, 5590209.801714032888412 ], [ 349400.0, 5590200.0 ], [ 349400.0, 5589800.0 ], [ 349399.518472667201422, 5589790.198285967111588 ], [ 349398.078528040321544, 5589780.490967798046768 ], [ 349395.69403357320698, 5589770.971532274968922 ], [ 349392.387953251134604, 5589761.731656763702631 ], [ 349388.192126434820239, 5589752.86032631713897 ], [ 349383.146961230260786, 5589744.442976698279381 ], [ 349377.301045336294919, 5589736.560671583749354 ], [ 349370.710678118630312, 5589729.289321881718934 ], [ 349363.439328416367061, 5589722.698954664170742 ], [ 349355.55702330195345, 5589716.853038770146668 ], [ 349347.139673682628199, 5589711.807873564772308 ], [ 349338.2683432365302, 5589707.612046749331057 ], [ 349329.028467725438531, 5589704.305966426618397 ], [ 349319.509032201603986, 5589701.921471959911287 ], [ 349309.80171403294662, 5589700.481527333147824 ], [ 349300.0, 5589700.0 ], [ 349299.518472667201422, 5589690.198285967111588 ], [ 349298.078528040321544, 5589680.490967798046768 ], [ 349295.69403357320698, 5589670.971532274968922 ], [ 349292.387953251134604, 5589661.731656763702631 ], [ 349288.192126434820239, 5589652.86032631713897 ], [ 349283.146961230260786, 5589644.442976698279381 ], [ 349277.301045336294919, 5589636.560671583749354 ], [ 349270.710678118630312, 5589629.289321881718934 ], [ 349263.439328416367061, 5589622.698954664170742 ], [ 349255.55702330195345, 5589616.853038770146668 ], [ 349247.139673682628199, 5589611.807873564772308 ], [ 349238.2683432365302, 5589607.612046749331057 ], [ 349229.028467725438531, 5589604.305966426618397 ], [ 349219.509032201603986, 5589601.921471959911287 ], [ 349209.80171403294662, 5589600.481527333147824 ], [ 349200.0, 5589600.0 ], [ 348800.0, 5589600.0 ], [ 348790.19828596705338, 5589600.481527333147824 ], [ 348780.490967798396014, 5589601.921471959911287 ], [ 348770.971532274561469, 5589604.305966426618397 ], [ 348761.7316567634698, 5589607.612046749331057 ], [ 348752.860326317371801, 5589611.807873564772308 ], [ 348744.44297669804655, 5589616.853038770146668 ], [ 348736.560671583632939, 5589622.698954664170742 ], [ 348729.289321881369688, 5589629.289321881718934 ], [ 348722.698954663705081, 5589636.560671583749354 ], [ 348716.853038769739214, 5589644.442976698279381 ], [ 348711.807873565179761, 5589652.86032631713897 ], [ 348707.612046748865396, 5589661.731656763702631 ], [ 348704.30596642679302, 5589670.971532274968922 ], [ 348701.921471959678456, 5589680.490967798046768 ], [ 348700.481527332798578, 5589690.198285967111588 ], [ 348700.0, 5589700.0 ], [ 348700.0, 5590000.0 ], [ 348600.0, 5590000.0 ], [ 348599.518472667201422, 5589990.198285967111588 ], [ 348598.078528040321544, 5589980.490967798046768 ], [ 348595.69403357320698, 5589970.971532274968922 ], [ 348592.387953251134604, 5589961.731656763702631 ], [ 348588.192126434820239, 5589952.86032631713897 ], [ 348586.477712817431893, 5589950.0 ], [ 348588.192126434820239, 5589947.13967368286103 ], [ 348592.387953251134604, 5589938.268343236297369 ], [ 348595.69403357320698, 5589929.028467725031078 ], [ 348598.078528040321544, 5589919.509032201953232 ], [ 348599.518472667201422, 5589909.801714032888412 ], [ 348600.0, 5589900.0 ], [ 348600.0, 5589400.0 ], [ 348599.518472667201422, 5589390.198285967111588 ], [ 348598.078528040321544, 5589380.490967798046768 ], [ 348595.69403357320698, 5589370.971532274968922 ], [ 348592.387953251134604, 5589361.731656763702631 ], [ 348588.192126434820239, 5589352.86032631713897 ], [ 348583.146961230260786, 5589344.442976698279381 ], [ 348577.301045336294919, 5589336.560671583749354 ], [ 348570.710678118630312, 5589329.289321881718934 ], [ 348563.439328416367061, 5589322.698954664170742 ], [ 348555.55702330195345, 5589316.853038770146668 ], [ 348547.139673682628199, 5589311.807873564772308 ], [ 348538.2683432365302, 5589307.612046749331057 ], [ 348529.028467725438531, 5589304.305966426618397 ], [ 348519.509032201603986, 5589301.921471959911287 ], [ 348509.80171403294662, 5589300.481527333147824 ], [ 348500.0, 5589300.0 ], [ 348499.518472667201422, 5589290.198285967111588 ], [ 348498.078528040321544, 5589280.490967798046768 ], [ 348495.69403357320698, 5589270.971532274968922 ], [ 348492.387953251134604, 5589261.731656763702631 ], [ 348488.192126434820239, 5589252.86032631713897 ], [ 348483.146961230260786, 5589244.442976698279381 ], [ 348477.301045336294919, 5589236.560671583749354 ], [ 348470.710678118630312, 5589229.289321881718934 ], [ 348463.439328416367061, 5589222.698954664170742 ], [ 348455.55702330195345, 5589216.853038770146668 ], [ 348447.139673682628199, 5589211.807873564772308 ], [ 348438.2683432365302, 5589207.612046749331057 ], [ 348429.028467725438531, 5589204.305966426618397 ], [ 348419.509032201603986, 5589201.921471959911287 ], [ 348409.80171403294662, 5589200.481527333147824 ], [ 348400.0, 5589200.0 ], [ 348100.0, 5589200.0 ], [ 348099.518472667201422, 5589190.198285967111588 ], [ 348098.078528040321544, 5589180.490967798046768 ], [ 348095.69403357320698, 5589170.971532274968922 ], [ 348092.387953251134604, 5589161.731656763702631 ], [ 348088.192126434820239, 5589152.86032631713897 ], [ 348083.146961230260786, 5589144.442976698279381 ], [ 348077.301045336294919, 5589136.560671583749354 ], [ 348070.710678118630312, 5589129.289321881718934 ], [ 348063.439328416367061, 5589122.698954664170742 ], [ 348055.55702330195345, 5589116.853038770146668 ], [ 348047.139673682628199, 5589111.807873564772308 ], [ 348038.2683432365302, 5589107.612046749331057 ], [ 348029.028467725438531, 5589104.305966426618397 ], [ 348019.509032201603986, 5589101.921471959911287 ], [ 348009.80171403294662, 5589100.481527333147824 ], [ 348000.0, 5589100.0 ], [ 348009.80171403294662, 5589099.518472666852176 ], [ 348019.509032201603986, 5589098.078528040088713 ], [ 348029.028467725438531, 5589095.694033573381603 ], [ 348038.2683432365302, 5589092.387953250668943 ], [ 348047.139673682628199, 5589088.192126435227692 ], [ 348055.55702330195345, 5589083.146961229853332 ], [ 348063.439328416367061, 5589077.301045335829258 ], [ 348070.710678118630312, 5589070.710678118281066 ], [ 348077.301045336294919, 5589063.439328416250646 ], [ 348083.146961230260786, 5589055.557023301720619 ], [ 348088.192126434820239, 5589047.13967368286103 ], [ 348092.387953251134604, 5589038.268343236297369 ], [ 348095.69403357320698, 5589029.028467725031078 ], [ 348098.078528040321544, 5589019.509032201953232 ], [ 348099.518472667201422, 5589009.801714032888412 ], [ 348100.0, 5589000.0 ], [ 348109.80171403294662, 5588999.518472666852176 ], [ 348119.509032201603986, 5588998.078528040088713 ], [ 348129.028467725438531, 5588995.694033573381603 ], [ 348138.2683432365302, 5588992.387953250668943 ], [ 348147.139673682628199, 5588988.192126435227692 ], [ 348155.55702330195345, 5588983.146961229853332 ], [ 348163.439328416367061, 5588977.301045335829258 ], [ 348170.710678118630312, 5588970.710678118281066 ], [ 348177.301045336294919, 5588963.439328416250646 ], [ 348183.146961230260786, 5588955.557023301720619 ], [ 348188.192126434820239, 5588947.13967368286103 ], [ 348192.387953251134604, 5588938.268343236297369 ], [ 348195.69403357320698, 5588929.028467725031078 ], [ 348198.078528040321544, 5588919.509032201953232 ], [ 348199.518472667201422, 5588909.801714032888412 ], [ 348200.0, 5588900.0 ], [ 348200.0, 5588500.0 ], [ 348199.518472667201422, 5588490.198285967111588 ], [ 348198.078528040321544, 5588480.490967798046768 ], [ 348195.69403357320698, 5588470.971532274968922 ], [ 348192.387953251134604, 5588461.731656763702631 ], [ 348188.192126434820239, 5588452.86032631713897 ], [ 348183.146961230260786, 5588444.442976698279381 ], [ 348177.301045336294919, 5588436.560671583749354 ], [ 348170.710678118630312, 5588429.289321881718934 ], [ 348163.439328416367061, 5588422.698954664170742 ], [ 348155.55702330195345, 5588416.853038770146668 ], [ 348147.139673682628199, 5588411.807873564772308 ], [ 348138.2683432365302, 5588407.612046749331057 ], [ 348129.028467725438531, 5588404.305966426618397 ], [ 348119.509032201603986, 5588401.921471959911287 ], [ 348109.80171403294662, 5588400.481527333147824 ], [ 348100.0, 5588400.0 ], [ 348099.518472667201422, 5588390.198285967111588 ], [ 348098.078528040321544, 5588380.490967798046768 ], [ 348095.69403357320698, 5588370.971532274968922 ], [ 348092.387953251134604, 5588361.731656763702631 ], [ 348088.192126434820239, 5588352.86032631713897 ], [ 348083.146961230260786, 5588344.442976698279381 ], [ 348077.301045336294919, 5588336.560671583749354 ], [ 348070.710678118630312, 5588329.289321881718934 ], [ 348063.439328416367061, 5588322.698954664170742 ], [ 348055.55702330195345, 5588316.853038770146668 ], [ 348047.139673682628199, 5588311.807873564772308 ], [ 348038.2683432365302, 5588307.612046749331057 ], [ 348029.028467725438531, 5588304.305966426618397 ], [ 348019.509032201603986, 5588301.921471959911287 ], [ 348009.80171403294662, 5588300.481527333147824 ], [ 348000.0, 5588300.0 ], [ 347600.0, 5588300.0 ], [ 347590.19828596705338, 5588300.481527333147824 ], [ 347580.490967798396014, 5588301.921471959911287 ], [ 347570.971532274561469, 5588304.305966426618397 ], [ 347561.7316567634698, 5588307.612046749331057 ], [ 347552.860326317371801, 5588311.807873564772308 ], [ 347544.44297669804655, 5588316.853038770146668 ], [ 347536.560671583632939, 5588322.698954664170742 ], [ 347529.289321881369688, 5588329.289321881718934 ], [ 347522.698954663705081, 5588336.560671583749354 ], [ 347516.853038769739214, 5588344.442976698279381 ], [ 347511.807873565179761, 5588352.86032631713897 ], [ 347507.612046748865396, 5588361.731656763702631 ], [ 347504.30596642679302, 5588370.971532274968922 ], [ 347501.921471959678456, 5588380.490967798046768 ], [ 347500.481527332798578, 5588390.198285967111588 ], [ 347500.0, 5588400.0 ], [ 347500.0, 5588200.0 ], [ 347499.518472667201422, 5588190.198285967111588 ], [ 347498.078528040321544, 5588180.490967798046768 ], [ 347495.69403357320698, 5588170.971532274968922 ], [ 347492.387953251134604, 5588161.731656763702631 ], [ 347488.192126434820239, 5588152.86032631713897 ], [ 347486.477712817431893, 5588150.0 ], [ 347488.192126434820239, 5588147.13967368286103 ], [ 347492.387953251134604, 5588138.268343236297369 ], [ 347495.69403357320698, 5588129.028467725031078 ], [ 347498.078528040321544, 5588119.509032201953232 ], [ 347499.518472667201422, 5588109.801714032888412 ], [ 347500.0, 5588100.0 ], [ 347509.80171403294662, 5588099.518472666852176 ], [ 347519.509032201603986, 5588098.078528040088713 ], [ 347529.028467725438531, 5588095.694033573381603 ], [ 347538.2683432365302, 5588092.387953250668943 ], [ 347547.139673682628199, 5588088.192126435227692 ], [ 347555.55702330195345, 5588083.146961229853332 ], [ 347563.439328416367061, 5588077.301045335829258 ], [ 347570.710678118630312, 5588070.710678118281066 ], [ 347577.301045336294919, 5588063.439328416250646 ], [ 347583.146961230260786, 5588055.557023301720619 ], [ 347588.192126434820239, 5588047.13967368286103 ], [ 347592.387953251134604, 5588038.268343236297369 ], [ 347595.69403357320698, 5588029.028467725031078 ], [ 347598.078528040321544, 5588019.509032201953232 ], [ 347599.518472667201422, 5588009.801714032888412 ], [ 347600.0, 5588000.0 ], [ 347600.0, 5587500.0 ], [ 347599.518472667201422, 5587490.198285967111588 ], [ 347598.078528040321544, 5587480.490967798046768 ], [ 347595.69403357320698, 5587470.971532274968922 ], [ 347592.387953251134604, 5587461.731656763702631 ], [ 347588.192126434820239, 5587452.86032631713897 ], [ 347583.146961230260786, 5587444.442976698279381 ], [ 347577.301045336294919, 5587436.560671583749354 ], [ 347570.710678118630312, 5587429.289321881718934 ], [ 347563.439328416367061, 5587422.698954664170742 ], [ 347555.55702330195345, 5587416.853038770146668 ], [ 347547.139673682628199, 5587411.807873564772308 ], [ 347538.2683432365302, 5587407.612046749331057 ], [ 347529.028467725438531, 5587404.305966426618397 ], [ 347519.509032201603986, 5587401.921471959911287 ], [ 347509.80171403294662, 5587400.481527333147824 ], [ 347500.0, 5587400.0 ], [ 347300.0, 5587400.0 ], [ 347299.518472667201422, 5587390.198285967111588 ], [ 347298.078528040321544, 5587380.490967798046768 ], [ 347295.69403357320698, 5587370.971532274968922 ], [ 347292.387953251134604, 5587361.731656763702631 ], [ 347288.192126434820239, 5587352.86032631713897 ], [ 347283.146961230260786, 5587344.442976698279381 ], [ 347277.301045336294919, 5587336.560671583749354 ], [ 347270.710678118630312, 5587329.289321881718934 ], [ 347263.439328416367061, 5587322.698954664170742 ], [ 347255.55702330195345, 5587316.853038770146668 ], [ 347247.139673682628199, 5587311.807873564772308 ], [ 347238.2683432365302, 5587307.612046749331057 ], [ 347229.028467725438531, 5587304.305966426618397 ], [ 347219.509032201603986, 5587301.921471959911287 ], [ 347209.80171403294662, 5587300.481527333147824 ], [ 347200.0, 5587300.0 ], [ 346700.0, 5587300.0 ], [ 346690.19828596705338, 5587300.481527333147824 ], [ 346680.490967798396014, 5587301.921471959911287 ], [ 346670.971532274561469, 5587304.305966426618397 ], [ 346661.7316567634698, 5587307.612046749331057 ], [ 346652.860326317371801, 5587311.807873564772308 ], [ 346644.44297669804655, 5587316.853038770146668 ], [ 346636.560671583632939, 5587322.698954664170742 ], [ 346629.289321881369688, 5587329.289321881718934 ], [ 346622.698954663705081, 5587336.560671583749354 ], [ 346616.853038769739214, 5587344.442976698279381 ], [ 346611.807873565179761, 5587352.86032631713897 ], [ 346607.612046748865396, 5587361.731656763702631 ], [ 346604.30596642679302, 5587370.971532274968922 ], [ 346601.921471959678456, 5587380.490967798046768 ], [ 346600.481527332798578, 5587390.198285967111588 ], [ 346600.0, 5587400.0 ], [ 346600.0, 5587200.0 ], [ 346599.518472667201422, 5587190.198285967111588 ], [ 346598.078528040321544, 5587180.490967798046768 ], [ 346595.69403357320698, 5587170.971532274968922 ], [ 346592.387953251134604, 5587161.731656763702631 ], [ 346588.192126434820239, 5587152.86032631713897 ], [ 346583.146961230260786, 5587144.442976698279381 ], [ 346577.301045336294919, 5587136.560671583749354 ], [ 346570.710678118630312, 5587129.289321881718934 ], [ 346563.439328416367061, 5587122.698954664170742 ], [ 346555.55702330195345, 5587116.853038770146668 ], [ 346547.139673682628199, 5587111.807873564772308 ], [ 346538.2683432365302, 5587107.612046749331057 ], [ 346529.028467725438531, 5587104.305966426618397 ], [ 346519.509032201603986, 5587101.921471959911287 ], [ 346509.80171403294662, 5587100.481527333147824 ], [ 346500.0, 5587100.0 ], [ 346500.0, 5586900.0 ], [ 346499.518472667201422, 5586890.198285967111588 ], [ 346498.078528040321544, 5586880.490967798046768 ], [ 346495.69403357320698, 5586870.971532274968922 ], [ 346492.387953251134604, 5586861.731656763702631 ], [ 346488.192126434820239, 5586852.86032631713897 ], [ 346483.146961230260786, 5586844.442976698279381 ], [ 346477.301045336294919, 5586836.560671583749354 ], [ 346470.710678118630312, 5586829.289321881718934 ], [ 346463.439328416367061, 5586822.698954664170742 ], [ 346455.55702330195345, 5586816.853038770146668 ], [ 346447.139673682628199, 5586811.807873564772308 ], [ 346438.2683432365302, 5586807.612046749331057 ], [ 346429.028467725438531, 5586804.305966426618397 ], [ 346419.509032201603986, 5586801.921471959911287 ], [ 346409.80171403294662, 5586800.481527333147824 ], [ 346400.0, 5586800.0 ], [ 346399.518472667201422, 5586790.198285967111588 ], [ 346398.078528040321544, 5586780.490967798046768 ], [ 346395.69403357320698, 5586770.971532274968922 ], [ 346392.387953251134604, 5586761.731656763702631 ], [ 346388.192126434820239, 5586752.86032631713897 ], [ 346383.146961230260786, 5586744.442976698279381 ], [ 346377.301045336294919, 5586736.560671583749354 ], [ 346370.710678118630312, 5586729.289321881718934 ], [ 346363.439328416367061, 5586722.698954664170742 ], [ 346355.55702330195345, 5586716.853038770146668 ], [ 346347.139673682628199, 5586711.807873564772308 ], [ 346338.2683432365302, 5586707.612046749331057 ], [ 346329.028467725438531, 5586704.305966426618397 ], [ 346319.509032201603986, 5586701.921471959911287 ], [ 346309.80171403294662, 5586700.481527333147824 ], [ 346300.0, 5586700.0 ], [ 346299.518472667201422, 5586690.198285967111588 ], [ 346298.078528040321544, 5586680.490967798046768 ], [ 346295.69403357320698, 5586670.971532274968922 ], [ 346292.387953251134604, 5586661.731656763702631 ], [ 346288.192126434820239, 5586652.86032631713897 ], [ 346283.146961230260786, 5586644.442976698279381 ], [ 346277.301045336294919, 5586636.560671583749354 ], [ 346270.710678118630312, 5586629.289321881718934 ], [ 346263.439328416367061, 5586622.698954664170742 ], [ 346255.55702330195345, 5586616.853038770146668 ], [ 346247.139673682628199, 5586611.807873564772308 ], [ 346238.2683432365302, 5586607.612046749331057 ], [ 346229.028467725438531, 5586604.305966426618397 ], [ 346219.509032201603986, 5586601.921471959911287 ], [ 346209.80171403294662, 5586600.481527333147824 ], [ 346200.0, 5586600.0 ], [ 346200.0, 5586300.0 ], [ 346199.518472667201422, 5586290.198285967111588 ], [ 346198.078528040321544, 5586280.490967798046768 ], [ 346195.69403357320698, 5586270.971532274968922 ], [ 346192.387953251134604, 5586261.731656763702631 ], [ 346188.192126434820239, 5586252.86032631713897 ], [ 346183.146961230260786, 5586244.442976698279381 ], [ 346177.301045336294919, 5586236.560671583749354 ], [ 346170.710678118630312, 5586229.289321881718934 ], [ 346163.439328416367061, 5586222.698954664170742 ], [ 346155.55702330195345, 5586216.853038770146668 ], [ 346147.139673682628199, 5586211.807873564772308 ], [ 346138.2683432365302, 5586207.612046749331057 ], [ 346129.028467725438531, 5586204.305966426618397 ], [ 346119.509032201603986, 5586201.921471959911287 ], [ 346109.80171403294662, 5586200.481527333147824 ], [ 346100.0, 5586200.0 ], [ 346109.80171403294662, 5586199.518472666852176 ], [ 346119.509032201603986, 5586198.078528040088713 ], [ 346129.028467725438531, 5586195.694033573381603 ], [ 346138.2683432365302, 5586192.387953250668943 ], [ 346147.139673682628199, 5586188.192126435227692 ], [ 346155.55702330195345, 5586183.146961229853332 ], [ 346163.439328416367061, 5586177.301045335829258 ], [ 346170.710678118630312, 5586170.710678118281066 ], [ 346177.301045336294919, 5586163.439328416250646 ], [ 346183.146961230260786, 5586155.557023301720619 ], [ 346188.192126434820239, 5586147.13967368286103 ], [ 346192.387953251134604, 5586138.268343236297369 ], [ 346195.69403357320698, 5586129.028467725031078 ], [ 346198.078528040321544, 5586119.509032201953232 ], [ 346199.518472667201422, 5586109.801714032888412 ], [ 346200.0, 5586100.0 ], [ 346200.0, 5585700.0 ], [ 346199.518472667201422, 5585690.198285967111588 ], [ 346198.078528040321544, 5585680.490967798046768 ], [ 346195.69403357320698, 5585670.971532274968922 ], [ 346192.387953251134604, 5585661.731656763702631 ], [ 346188.192126434820239, 5585652.86032631713897 ], [ 346183.146961230260786, 5585644.442976698279381 ], [ 346177.301045336294919, 5585636.560671583749354 ], [ 346170.710678118630312, 5585629.289321881718934 ], [ 346163.439328416367061, 5585622.698954664170742 ], [ 346155.55702330195345, 5585616.853038770146668 ], [ 346147.139673682628199, 5585611.807873564772308 ], [ 346138.2683432365302, 5585607.612046749331057 ], [ 346129.028467725438531, 5585604.305966426618397 ], [ 346119.509032201603986, 5585601.921471959911287 ], [ 346109.80171403294662, 5585600.481527333147824 ], [ 346100.0, 5585600.0 ], [ 346100.0, 5585300.0 ], [ 346109.80171403294662, 5585299.518472666852176 ], [ 346119.509032201603986, 5585298.078528040088713 ], [ 346129.028467725438531, 5585295.694033573381603 ], [ 346138.2683432365302, 5585292.387953250668943 ], [ 346147.139673682628199, 5585288.192126435227692 ], [ 346155.55702330195345, 5585283.146961229853332 ], [ 346163.439328416367061, 5585277.301045335829258 ], [ 346170.710678118630312, 5585270.710678118281066 ], [ 346177.301045336294919, 5585263.439328416250646 ], [ 346183.146961230260786, 5585255.557023301720619 ], [ 346188.192126434820239, 5585247.13967368286103 ], [ 346192.387953251134604, 5585238.268343236297369 ], [ 346195.69403357320698, 5585229.028467725031078 ], [ 346198.078528040321544, 5585219.509032201953232 ], [ 346199.518472667201422, 5585209.801714032888412 ], [ 346200.0, 5585200.0 ], [ 346200.0, 5585000.0 ], [ 346209.80171403294662, 5584999.518472666852176 ], [ 346219.509032201603986, 5584998.078528040088713 ], [ 346229.028467725438531, 5584995.694033573381603 ], [ 346238.2683432365302, 5584992.387953250668943 ], [ 346247.139673682628199, 5584988.192126435227692 ], [ 346255.55702330195345, 5584983.146961229853332 ], [ 346263.439328416367061, 5584977.301045335829258 ], [ 346270.710678118630312, 5584970.710678118281066 ], [ 346277.301045336294919, 5584963.439328416250646 ], [ 346283.146961230260786, 5584955.557023301720619 ], [ 346288.192126434820239, 5584947.13967368286103 ], [ 346292.387953251134604, 5584938.268343236297369 ], [ 346295.69403357320698, 5584929.028467725031078 ], [ 346298.078528040321544, 5584919.509032201953232 ], [ 346299.518472667201422, 5584909.801714032888412 ], [ 346300.0, 5584900.0 ], [ 346300.0, 5584800.0 ], [ 346400.0, 5584800.0 ], [ 346409.80171403294662, 5584799.518472666852176 ], [ 346419.509032201603986, 5584798.078528040088713 ], [ 346429.028467725438531, 5584795.694033573381603 ], [ 346438.2683432365302, 5584792.387953250668943 ], [ 346447.139673682628199, 5584788.192126435227692 ], [ 346455.55702330195345, 5584783.146961229853332 ], [ 346463.439328416367061, 5584777.301045335829258 ], [ 346470.710678118630312, 5584770.710678118281066 ], [ 346477.301045336294919, 5584763.439328416250646 ], [ 346483.146961230260786, 5584755.557023301720619 ], [ 346488.192126434820239, 5584747.13967368286103 ], [ 346492.387953251134604, 5584738.268343236297369 ], [ 346495.69403357320698, 5584729.028467725031078 ], [ 346498.078528040321544, 5584719.509032201953232 ], [ 346499.518472667201422, 5584709.801714032888412 ], [ 346500.0, 5584700.0 ], [ 346509.80171403294662, 5584699.518472666852176 ], [ 346519.509032201603986, 5584698.078528040088713 ], [ 346529.028467725438531, 5584695.694033573381603 ], [ 346538.2683432365302, 5584692.387953250668943 ], [ 346547.139673682628199, 5584688.192126435227692 ], [ 346555.55702330195345, 5584683.146961229853332 ], [ 346563.439328416367061, 5584677.301045335829258 ], [ 346570.710678118630312, 5584670.710678118281066 ], [ 346577.301045336294919, 5584663.439328416250646 ], [ 346583.146961230260786, 5584655.557023301720619 ], [ 346588.192126434820239, 5584647.13967368286103 ], [ 346592.387953251134604, 5584638.268343236297369 ], [ 346595.69403357320698, 5584629.028467725031078 ], [ 346598.078528040321544, 5584619.509032201953232 ], [ 346599.518472667201422, 5584609.801714032888412 ], [ 346600.0, 5584600.0 ], [ 346600.0, 5584300.0 ], [ 346599.518472667201422, 5584290.198285967111588 ], [ 346598.078528040321544, 5584280.490967798046768 ], [ 346595.69403357320698, 5584270.971532274968922 ], [ 346592.387953251134604, 5584261.731656763702631 ], [ 346588.192126434820239, 5584252.86032631713897 ], [ 346583.146961230260786, 5584244.442976698279381 ], [ 346577.301045336294919, 5584236.560671583749354 ], [ 346570.710678118630312, 5584229.289321881718934 ], [ 346563.439328416367061, 5584222.698954664170742 ], [ 346555.55702330195345, 5584216.853038770146668 ], [ 346547.139673682628199, 5584211.807873564772308 ], [ 346538.2683432365302, 5584207.612046749331057 ], [ 346529.028467725438531, 5584204.305966426618397 ], [ 346519.509032201603986, 5584201.921471959911287 ], [ 346509.80171403294662, 5584200.481527333147824 ], [ 346500.0, 5584200.0 ], [ 346499.518472667201422, 5584190.198285967111588 ], [ 346498.078528040321544, 5584180.490967798046768 ], [ 346495.69403357320698, 5584170.971532274968922 ], [ 346492.387953251134604, 5584161.731656763702631 ], [ 346488.192126434820239, 5584152.86032631713897 ], [ 346483.146961230260786, 5584144.442976698279381 ], [ 346477.301045336294919, 5584136.560671583749354 ], [ 346470.710678118630312, 5584129.289321881718934 ], [ 346463.439328416367061, 5584122.698954664170742 ], [ 346455.55702330195345, 5584116.853038770146668 ], [ 346447.139673682628199, 5584111.807873564772308 ], [ 346438.2683432365302, 5584107.612046749331057 ], [ 346429.028467725438531, 5584104.305966426618397 ], [ 346419.509032201603986, 5584101.921471959911287 ], [ 346409.80171403294662, 5584100.481527333147824 ], [ 346400.0, 5584100.0 ], [ 346399.518472667201422, 5584090.198285967111588 ], [ 346398.078528040321544, 5584080.490967798046768 ], [ 346395.69403357320698, 5584070.971532274968922 ], [ 346392.387953251134604, 5584061.731656763702631 ], [ 346388.192126434820239, 5584052.86032631713897 ], [ 346383.146961230260786, 5584044.442976698279381 ], [ 346377.301045336294919, 5584036.560671583749354 ], [ 346370.710678118630312, 5584029.289321881718934 ], [ 346363.439328416367061, 5584022.698954664170742 ], [ 346355.55702330195345, 5584016.853038770146668 ], [ 346347.139673682628199, 5584011.807873564772308 ], [ 346338.2683432365302, 5584007.612046749331057 ], [ 346329.028467725438531, 5584004.305966426618397 ], [ 346319.509032201603986, 5584001.921471959911287 ], [ 346309.80171403294662, 5584000.481527333147824 ], [ 346300.0, 5584000.0 ], [ 346200.0, 5584000.0 ], [ 346199.518472667201422, 5583990.198285967111588 ], [ 346198.078528040321544, 5583980.490967798046768 ], [ 346195.69403357320698, 5583970.971532274968922 ], [ 346192.387953251134604, 5583961.731656763702631 ], [ 346188.192126434820239, 5583952.86032631713897 ], [ 346183.146961230260786, 5583944.442976698279381 ], [ 346177.301045336294919, 5583936.560671583749354 ], [ 346170.710678118630312, 5583929.289321881718934 ], [ 346163.439328416367061, 5583922.698954664170742 ], [ 346155.55702330195345, 5583916.853038770146668 ], [ 346147.139673682628199, 5583911.807873564772308 ], [ 346138.2683432365302, 5583907.612046749331057 ], [ 346129.028467725438531, 5583904.305966426618397 ], [ 346119.509032201603986, 5583901.921471959911287 ], [ 346109.80171403294662, 5583900.481527333147824 ], [ 346100.0, 5583900.0 ], [ 346000.0, 5583900.0 ], [ 346000.0, 5583600.0 ], [ 345999.518472667201422, 5583590.198285967111588 ], [ 345998.078528040321544, 5583580.490967798046768 ], [ 345995.69403357320698, 5583570.971532274968922 ], [ 345992.387953251134604, 5583561.731656763702631 ], [ 345988.192126434820239, 5583552.86032631713897 ], [ 345983.146961230260786, 5583544.442976698279381 ], [ 345977.301045336294919, 5583536.560671583749354 ], [ 345970.710678118630312, 5583529.289321881718934 ], [ 345963.439328416367061, 5583522.698954664170742 ], [ 345955.55702330195345, 5583516.853038770146668 ], [ 345947.139673682628199, 5583511.807873564772308 ], [ 345938.2683432365302, 5583507.612046749331057 ], [ 345929.028467725438531, 5583504.305966426618397 ], [ 345919.509032201603986, 5583501.921471959911287 ], [ 345909.80171403294662, 5583500.481527333147824 ], [ 345900.0, 5583500.0 ], [ 345899.518472667201422, 5583490.198285967111588 ], [ 345898.078528040321544, 5583480.490967798046768 ], [ 345895.69403357320698, 5583470.971532274968922 ], [ 345892.387953251134604, 5583461.731656763702631 ], [ 345888.192126434820239, 5583452.86032631713897 ], [ 345886.477712817431893, 5583450.0 ], [ 345888.192126434820239, 5583447.13967368286103 ], [ 345892.387953251134604, 5583438.268343236297369 ], [ 345895.69403357320698, 5583429.028467725031078 ], [ 345898.078528040321544, 5583419.509032201953232 ], [ 345899.518472667201422, 5583409.801714032888412 ], [ 345900.0, 5583400.0 ], [ 345909.80171403294662, 5583399.518472666852176 ], [ 345919.509032201603986, 5583398.078528040088713 ], [ 345929.028467725438531, 5583395.694033573381603 ], [ 345938.2683432365302, 5583392.387953250668943 ], [ 345947.139673682628199, 5583388.192126435227692 ], [ 345955.55702330195345, 5583383.146961229853332 ], [ 345963.439328416367061, 5583377.301045335829258 ], [ 345970.710678118630312, 5583370.710678118281066 ], [ 345977.301045336294919, 5583363.439328416250646 ], [ 345983.146961230260786, 5583355.557023301720619 ], [ 345988.192126434820239, 5583347.13967368286103 ], [ 345992.387953251134604, 5583338.268343236297369 ], [ 345995.69403357320698, 5583329.028467725031078 ], [ 345998.078528040321544, 5583319.509032201953232 ], [ 345999.518472667201422, 5583309.801714032888412 ], [ 346000.0, 5583300.0 ], [ 346009.80171403294662, 5583299.518472666852176 ], [ 346019.509032201603986, 5583298.078528040088713 ], [ 346029.028467725438531, 5583295.694033573381603 ], [ 346038.2683432365302, 5583292.387953250668943 ], [ 346047.139673682628199, 5583288.192126435227692 ], [ 346055.55702330195345, 5583283.146961229853332 ], [ 346063.439328416367061, 5583277.301045335829258 ], [ 346070.710678118630312, 5583270.710678118281066 ], [ 346077.301045336294919, 5583263.439328416250646 ], [ 346083.146961230260786, 5583255.557023301720619 ], [ 346088.192126434820239, 5583247.13967368286103 ], [ 346092.387953251134604, 5583238.268343236297369 ], [ 346095.69403357320698, 5583229.028467725031078 ], [ 346098.078528040321544, 5583219.509032201953232 ], [ 346099.518472667201422, 5583209.801714032888412 ], [ 346100.0, 5583200.0 ], [ 346100.0, 5583100.0 ], [ 346109.80171403294662, 5583099.518472666852176 ], [ 346119.509032201603986, 5583098.078528040088713 ], [ 346129.028467725438531, 5583095.694033573381603 ], [ 346138.2683432365302, 5583092.387953250668943 ], [ 346147.139673682628199, 5583088.192126435227692 ], [ 346155.55702330195345, 5583083.146961229853332 ], [ 346163.439328416367061, 5583077.301045335829258 ], [ 346170.710678118630312, 5583070.710678118281066 ], [ 346177.301045336294919, 5583063.439328416250646 ], [ 346183.146961230260786, 5583055.557023301720619 ], [ 346188.192126434820239, 5583047.13967368286103 ], [ 346192.387953251134604, 5583038.268343236297369 ], [ 346195.69403357320698, 5583029.028467725031078 ], [ 346198.078528040321544, 5583019.509032201953232 ], [ 346199.518472667201422, 5583009.801714032888412 ], [ 346200.0, 5583000.0 ], [ 346200.0, 5582800.0 ], [ 346199.518472667201422, 5582790.198285967111588 ], [ 346198.078528040321544, 5582780.490967798046768 ], [ 346195.69403357320698, 5582770.971532274968922 ], [ 346192.387953251134604, 5582761.731656763702631 ], [ 346188.192126434820239, 5582752.86032631713897 ], [ 346183.146961230260786, 5582744.442976698279381 ], [ 346177.301045336294919, 5582736.560671583749354 ], [ 346170.710678118630312, 5582729.289321881718934 ], [ 346163.439328416367061, 5582722.698954664170742 ], [ 346155.55702330195345, 5582716.853038770146668 ], [ 346147.139673682628199, 5582711.807873564772308 ], [ 346138.2683432365302, 5582707.612046749331057 ], [ 346129.028467725438531, 5582704.305966426618397 ], [ 346119.509032201603986, 5582701.921471959911287 ], [ 346109.80171403294662, 5582700.481527333147824 ], [ 346100.0, 5582700.0 ], [ 346100.0, 5582600.0 ], [ 346099.518472667201422, 5582590.198285967111588 ], [ 346098.078528040321544, 5582580.490967798046768 ], [ 346095.69403357320698, 5582570.971532274968922 ], [ 346092.387953251134604, 5582561.731656763702631 ], [ 346088.192126434820239, 5582552.86032631713897 ], [ 346083.146961230260786, 5582544.442976698279381 ], [ 346077.301045336294919, 5582536.560671583749354 ], [ 346070.710678118630312, 5582529.289321881718934 ], [ 346063.439328416367061, 5582522.698954664170742 ], [ 346055.55702330195345, 5582516.853038770146668 ], [ 346047.139673682628199, 5582511.807873564772308 ], [ 346038.2683432365302, 5582507.612046749331057 ], [ 346029.028467725438531, 5582504.305966426618397 ], [ 346019.509032201603986, 5582501.921471959911287 ], [ 346009.80171403294662, 5582500.481527333147824 ], [ 346000.0, 5582500.0 ], [ 346000.0, 5582400.0 ], [ 346200.0, 5582400.0 ], [ 346200.481527332798578, 5582409.801714032888412 ], [ 346201.921471959678456, 5582419.509032201953232 ], [ 346204.30596642679302, 5582429.028467725031078 ], [ 346207.612046748865396, 5582438.268343236297369 ], [ 346211.807873565179761, 5582447.13967368286103 ], [ 346216.853038769739214, 5582455.557023301720619 ], [ 346222.698954663705081, 5582463.439328416250646 ], [ 346229.289321881369688, 5582470.710678118281066 ], [ 346236.560671583632939, 5582477.301045335829258 ], [ 346244.44297669804655, 5582483.146961229853332 ], [ 346252.860326317371801, 5582488.192126435227692 ], [ 346261.7316567634698, 5582492.387953250668943 ], [ 346270.971532274561469, 5582495.694033573381603 ], [ 346280.490967798396014, 5582498.078528040088713 ], [ 346290.19828596705338, 5582499.518472666852176 ], [ 346300.0, 5582500.0 ], [ 346500.0, 5582500.0 ], [ 346509.80171403294662, 5582499.518472666852176 ], [ 346519.509032201603986, 5582498.078528040088713 ], [ 346529.028467725438531, 5582495.694033573381603 ], [ 346538.2683432365302, 5582492.387953250668943 ], [ 346547.139673682628199, 5582488.192126435227692 ], [ 346555.55702330195345, 5582483.146961229853332 ], [ 346563.439328416367061, 5582477.301045335829258 ], [ 346570.710678118630312, 5582470.710678118281066 ], [ 346577.301045336294919, 5582463.439328416250646 ], [ 346583.146961230260786, 5582455.557023301720619 ], [ 346588.192126434820239, 5582447.13967368286103 ], [ 346592.387953251134604, 5582438.268343236297369 ], [ 346595.69403357320698, 5582429.028467725031078 ], [ 346598.078528040321544, 5582419.509032201953232 ], [ 346599.518472667201422, 5582409.801714032888412 ], [ 346600.0, 5582400.0 ], [ 346600.0, 5582300.0 ], [ 346609.80171403294662, 5582299.518472666852176 ], [ 346619.509032201603986, 5582298.078528040088713 ], [ 346629.028467725438531, 5582295.694033573381603 ], [ 346638.2683432365302, 5582292.387953250668943 ], [ 346647.139673682628199, 5582288.192126435227692 ], [ 346655.55702330195345, 5582283.146961229853332 ], [ 346663.439328416367061, 5582277.301045335829258 ], [ 346670.710678118630312, 5582270.710678118281066 ], [ 346677.301045336294919, 5582263.439328416250646 ], [ 346683.146961230260786, 5582255.557023301720619 ], [ 346688.192126434820239, 5582247.13967368286103 ], [ 346692.387953251134604, 5582238.268343236297369 ], [ 346695.69403357320698, 5582229.028467725031078 ], [ 346698.078528040321544, 5582219.509032201953232 ], [ 346699.518472667201422, 5582209.801714032888412 ], [ 346700.0, 5582200.0 ], [ 346700.0, 5582100.0 ], [ 346699.518472667201422, 5582090.198285967111588 ], [ 346698.078528040321544, 5582080.490967798046768 ], [ 346695.69403357320698, 5582070.971532274968922 ], [ 346692.387953251134604, 5582061.731656763702631 ], [ 346688.192126434820239, 5582052.86032631713897 ], [ 346683.146961230260786, 5582044.442976698279381 ], [ 346677.301045336294919, 5582036.560671583749354 ], [ 346670.710678118630312, 5582029.289321881718934 ], [ 346663.439328416367061, 5582022.698954664170742 ], [ 346655.55702330195345, 5582016.853038770146668 ], [ 346647.139673682628199, 5582011.807873564772308 ], [ 346638.2683432365302, 5582007.612046749331057 ], [ 346629.028467725438531, 5582004.305966426618397 ], [ 346619.509032201603986, 5582001.921471959911287 ], [ 346609.80171403294662, 5582000.481527333147824 ], [ 346600.0, 5582000.0 ], [ 346300.0, 5582000.0 ], [ 346290.19828596705338, 5582000.481527333147824 ], [ 346280.490967798396014, 5582001.921471959911287 ], [ 346270.971532274561469, 5582004.305966426618397 ], [ 346261.7316567634698, 5582007.612046749331057 ], [ 346252.860326317371801, 5582011.807873564772308 ], [ 346250.0, 5582013.522287182509899 ], [ 346247.139673682628199, 5582011.807873564772308 ], [ 346238.2683432365302, 5582007.612046749331057 ], [ 346229.028467725438531, 5582004.305966426618397 ], [ 346219.509032201603986, 5582001.921471959911287 ], [ 346209.80171403294662, 5582000.481527333147824 ], [ 346200.0, 5582000.0 ], [ 346000.0, 5582000.0 ], [ 345990.19828596705338, 5582000.481527333147824 ], [ 345980.490967798396014, 5582001.921471959911287 ], [ 345970.971532274561469, 5582004.305966426618397 ], [ 345961.7316567634698, 5582007.612046749331057 ], [ 345952.860326317371801, 5582011.807873564772308 ], [ 345944.44297669804655, 5582016.853038770146668 ], [ 345936.560671583632939, 5582022.698954664170742 ], [ 345929.289321881369688, 5582029.289321881718934 ], [ 345922.698954663705081, 5582036.560671583749354 ], [ 345916.853038769739214, 5582044.442976698279381 ], [ 345911.807873565179761, 5582052.86032631713897 ], [ 345907.612046748865396, 5582061.731656763702631 ], [ 345904.30596642679302, 5582070.971532274968922 ], [ 345901.921471959678456, 5582080.490967798046768 ], [ 345900.481527332798578, 5582090.198285967111588 ], [ 345900.0, 5582100.0 ], [ 345800.0, 5582100.0 ], [ 345790.19828596705338, 5582100.481527333147824 ], [ 345780.490967798396014, 5582101.921471959911287 ], [ 345770.971532274561469, 5582104.305966426618397 ], [ 345761.7316567634698, 5582107.612046749331057 ], [ 345752.860326317371801, 5582111.807873564772308 ], [ 345744.44297669804655, 5582116.853038770146668 ], [ 345736.560671583632939, 5582122.698954664170742 ], [ 345729.289321881369688, 5582129.289321881718934 ], [ 345722.698954663705081, 5582136.560671583749354 ], [ 345716.853038769739214, 5582144.442976698279381 ], [ 345711.807873565179761, 5582152.86032631713897 ], [ 345707.612046748865396, 5582161.731656763702631 ], [ 345704.30596642679302, 5582170.971532274968922 ], [ 345701.921471959678456, 5582180.490967798046768 ], [ 345700.481527332798578, 5582190.198285967111588 ], [ 345700.0, 5582200.0 ], [ 345700.0, 5582300.0 ], [ 345690.19828596705338, 5582300.481527333147824 ], [ 345680.490967798396014, 5582301.921471959911287 ], [ 345670.971532274561469, 5582304.305966426618397 ], [ 345661.7316567634698, 5582307.612046749331057 ], [ 345652.860326317371801, 5582311.807873564772308 ], [ 345644.44297669804655, 5582316.853038770146668 ], [ 345636.560671583632939, 5582322.698954664170742 ], [ 345629.289321881369688, 5582329.289321881718934 ], [ 345622.698954663705081, 5582336.560671583749354 ], [ 345616.853038769739214, 5582344.442976698279381 ], [ 345611.807873565179761, 5582352.86032631713897 ], [ 345607.612046748865396, 5582361.731656763702631 ], [ 345604.30596642679302, 5582370.971532274968922 ], [ 345601.921471959678456, 5582380.490967798046768 ], [ 345600.481527332798578, 5582390.198285967111588 ], [ 345600.0, 5582400.0 ], [ 345600.0, 5582600.0 ], [ 345600.481527332798578, 5582609.801714032888412 ], [ 345601.921471959678456, 5582619.509032201953232 ], [ 345604.30596642679302, 5582629.028467725031078 ], [ 345607.612046748865396, 5582638.268343236297369 ], [ 345611.807873565179761, 5582647.13967368286103 ], [ 345616.853038769739214, 5582655.557023301720619 ], [ 345622.698954663705081, 5582663.439328416250646 ], [ 345629.289321881369688, 5582670.710678118281066 ], [ 345636.560671583632939, 5582677.301045335829258 ], [ 345644.44297669804655, 5582683.146961229853332 ], [ 345652.860326317371801, 5582688.192126435227692 ], [ 345661.7316567634698, 5582692.387953250668943 ], [ 345670.971532274561469, 5582695.694033573381603 ], [ 345680.490967798396014, 5582698.078528040088713 ], [ 345690.19828596705338, 5582699.518472666852176 ], [ 345700.0, 5582700.0 ], [ 345700.481527332798578, 5582709.801714032888412 ], [ 345701.921471959678456, 5582719.509032201953232 ], [ 345704.30596642679302, 5582729.028467725031078 ], [ 345707.612046748865396, 5582738.268343236297369 ], [ 345711.807873565179761, 5582747.13967368286103 ], [ 345716.853038769739214, 5582755.557023301720619 ], [ 345722.698954663705081, 5582763.439328416250646 ], [ 345729.289321881369688, 5582770.710678118281066 ], [ 345736.560671583632939, 5582777.301045335829258 ], [ 345744.44297669804655, 5582783.146961229853332 ], [ 345752.860326317371801, 5582788.192126435227692 ], [ 345761.7316567634698, 5582792.387953250668943 ], [ 345770.971532274561469, 5582795.694033573381603 ], [ 345780.490967798396014, 5582798.078528040088713 ], [ 345790.19828596705338, 5582799.518472666852176 ], [ 345800.0, 5582800.0 ], [ 345800.0, 5583000.0 ], [ 345790.19828596705338, 5583000.481527333147824 ], [ 345780.490967798396014, 5583001.921471959911287 ], [ 345770.971532274561469, 5583004.305966426618397 ], [ 345761.7316567634698, 5583007.612046749331057 ], [ 345752.860326317371801, 5583011.807873564772308 ], [ 345744.44297669804655, 5583016.853038770146668 ], [ 345736.560671583632939, 5583022.698954664170742 ], [ 345729.289321881369688, 5583029.289321881718934 ], [ 345722.698954663705081, 5583036.560671583749354 ], [ 345716.853038769739214, 5583044.442976698279381 ], [ 345711.807873565179761, 5583052.86032631713897 ], [ 345707.612046748865396, 5583061.731656763702631 ], [ 345704.30596642679302, 5583070.971532274968922 ], [ 345701.921471959678456, 5583080.490967798046768 ], [ 345700.481527332798578, 5583090.198285967111588 ], [ 345700.0, 5583100.0 ], [ 345690.19828596705338, 5583100.481527333147824 ], [ 345680.490967798396014, 5583101.921471959911287 ], [ 345670.971532274561469, 5583104.305966426618397 ], [ 345661.7316567634698, 5583107.612046749331057 ], [ 345652.860326317371801, 5583111.807873564772308 ], [ 345644.44297669804655, 5583116.853038770146668 ], [ 345636.560671583632939, 5583122.698954664170742 ], [ 345629.289321881369688, 5583129.289321881718934 ], [ 345622.698954663705081, 5583136.560671583749354 ], [ 345616.853038769739214, 5583144.442976698279381 ], [ 345611.807873565179761, 5583152.86032631713897 ], [ 345607.612046748865396, 5583161.731656763702631 ], [ 345604.30596642679302, 5583170.971532274968922 ], [ 345601.921471959678456, 5583180.490967798046768 ], [ 345600.481527332798578, 5583190.198285967111588 ], [ 345600.0, 5583200.0 ], [ 345590.19828596705338, 5583200.481527333147824 ], [ 345580.490967798396014, 5583201.921471959911287 ], [ 345570.971532274561469, 5583204.305966426618397 ], [ 345561.7316567634698, 5583207.612046749331057 ], [ 345552.860326317371801, 5583211.807873564772308 ], [ 345544.44297669804655, 5583216.853038770146668 ], [ 345536.560671583632939, 5583222.698954664170742 ], [ 345529.289321881369688, 5583229.289321881718934 ], [ 345522.698954663705081, 5583236.560671583749354 ], [ 345516.853038769739214, 5583244.442976698279381 ], [ 345511.807873565179761, 5583252.86032631713897 ], [ 345507.612046748865396, 5583261.731656763702631 ], [ 345504.30596642679302, 5583270.971532274968922 ], [ 345501.921471959678456, 5583280.490967798046768 ], [ 345500.481527332798578, 5583290.198285967111588 ], [ 345500.0, 5583300.0 ], [ 345500.0, 5583500.0 ], [ 345200.0, 5583500.0 ], [ 345190.19828596705338, 5583500.481527333147824 ], [ 345180.490967798396014, 5583501.921471959911287 ], [ 345170.971532274561469, 5583504.305966426618397 ], [ 345161.7316567634698, 5583507.612046749331057 ], [ 345152.860326317371801, 5583511.807873564772308 ], [ 345144.44297669804655, 5583516.853038770146668 ], [ 345136.560671583632939, 5583522.698954664170742 ], [ 345129.289321881369688, 5583529.289321881718934 ], [ 345122.698954663705081, 5583536.560671583749354 ], [ 345116.853038769739214, 5583544.442976698279381 ], [ 345111.807873565179761, 5583552.86032631713897 ], [ 345107.612046748865396, 5583561.731656763702631 ], [ 345104.30596642679302, 5583570.971532274968922 ], [ 345101.921471959678456, 5583580.490967798046768 ], [ 345100.481527332798578, 5583590.198285967111588 ], [ 345100.0, 5583600.0 ], [ 345100.0, 5583800.0 ], [ 345100.481527332798578, 5583809.801714032888412 ], [ 345101.921471959678456, 5583819.509032201953232 ], [ 345104.30596642679302, 5583829.028467725031078 ], [ 345107.612046748865396, 5583838.268343236297369 ], [ 345111.807873565179761, 5583847.13967368286103 ], [ 345116.853038769739214, 5583855.557023301720619 ], [ 345122.698954663705081, 5583863.439328416250646 ], [ 345129.289321881369688, 5583870.710678118281066 ], [ 345136.560671583632939, 5583877.301045335829258 ], [ 345144.44297669804655, 5583883.146961229853332 ], [ 345152.860326317371801, 5583888.192126435227692 ], [ 345161.7316567634698, 5583892.387953250668943 ], [ 345170.971532274561469, 5583895.694033573381603 ], [ 345180.490967798396014, 5583898.078528040088713 ], [ 345190.19828596705338, 5583899.518472666852176 ], [ 345200.0, 5583900.0 ], [ 345300.0, 5583900.0 ], [ 345309.80171403294662, 5583899.518472666852176 ], [ 345319.509032201603986, 5583898.078528040088713 ], [ 345329.028467725438531, 5583895.694033573381603 ], [ 345338.2683432365302, 5583892.387953250668943 ], [ 345347.139673682628199, 5583888.192126435227692 ], [ 345350.0, 5583886.477712817490101 ] ], [ [ 356100.0, 5597500.0 ], [ 356099.518472667201422, 5597490.198285967111588 ], [ 356098.078528040321544, 5597480.490967798046768 ], [ 356095.69403357320698, 5597470.971532274968922 ], [ 356092.387953251134604, 5597461.731656763702631 ], [ 356088.192126434820239, 5597452.86032631713897 ], [ 356086.477712817431893, 5597450.0 ], [ 356088.192126434820239, 5597447.13967368286103 ], [ 356092.387953251134604, 5597438.268343236297369 ], [ 356095.69403357320698, 5597429.028467725031078 ], [ 356098.078528040321544, 5597419.509032201953232 ], [ 356099.518472667201422, 5597409.801714032888412 ], [ 356100.0, 5597400.0 ], [ 356100.0, 5597500.0 ] ], [ [ 356100.0, 5597400.0 ], [ 356100.0, 5597300.0 ], [ 356100.481527332798578, 5597309.801714032888412 ], [ 356101.921471959678456, 5597319.509032201953232 ], [ 356104.30596642679302, 5597329.028467725031078 ], [ 356107.612046748865396, 5597338.268343236297369 ], [ 356111.807873565179761, 5597347.13967368286103 ], [ 356113.522287182568107, 5597350.0 ], [ 356111.807873565179761, 5597352.86032631713897 ], [ 356107.612046748865396, 5597361.731656763702631 ], [ 356104.30596642679302, 5597370.971532274968922 ], [ 356101.921471959678456, 5597380.490967798046768 ], [ 356100.481527332798578, 5597390.198285967111588 ], [ 356100.0, 5597400.0 ] ], [ [ 356100.0, 5597300.0 ], [ 356099.518472667201422, 5597290.198285967111588 ], [ 356098.078528040321544, 5597280.490967798046768 ], [ 356095.69403357320698, 5597270.971532274968922 ], [ 356092.387953251134604, 5597261.731656763702631 ], [ 356088.192126434820239, 5597252.86032631713897 ], [ 356086.477712817431893, 5597250.0 ], [ 356088.192126434820239, 5597247.13967368286103 ], [ 356092.387953251134604, 5597238.268343236297369 ], [ 356095.69403357320698, 5597229.028467725031078 ], [ 356098.078528040321544, 5597219.509032201953232 ], [ 356099.518472667201422, 5597209.801714032888412 ], [ 356100.0, 5597200.0 ], [ 356100.0, 5597300.0 ] ], [ [ 349000.0, 5590100.0 ], [ 349000.0, 5590000.0 ], [ 349009.80171403294662, 5589999.518472666852176 ], [ 349019.509032201603986, 5589998.078528040088713 ], [ 349029.028467725438531, 5589995.694033573381603 ], [ 349038.2683432365302, 5589992.387953250668943 ], [ 349047.139673682628199, 5589988.192126435227692 ], [ 349050.0, 5589986.477712817490101 ], [ 349052.860326317371801, 5589988.192126435227692 ], [ 349061.7316567634698, 5589992.387953250668943 ], [ 349070.971532274561469, 5589995.694033573381603 ], [ 349080.490967798396014, 5589998.078528040088713 ], [ 349090.19828596705338, 5589999.518472666852176 ], [ 349100.0, 5590000.0 ], [ 349090.19828596705338, 5590000.481527333147824 ], [ 349080.490967798396014, 5590001.921471959911287 ], [ 349070.971532274561469, 5590004.305966426618397 ], [ 349061.7316567634698, 5590007.612046749331057 ], [ 349052.860326317371801, 5590011.807873564772308 ], [ 349044.44297669804655, 5590016.853038770146668 ], [ 349036.560671583632939, 5590022.698954664170742 ], [ 349029.289321881369688, 5590029.289321881718934 ], [ 349022.698954663705081, 5590036.560671583749354 ], [ 349016.853038769739214, 5590044.442976698279381 ], [ 349011.807873565179761, 5590052.86032631713897 ], [ 349007.612046748865396, 5590061.731656763702631 ], [ 349004.30596642679302, 5590070.971532274968922 ], [ 349001.921471959678456, 5590080.490967798046768 ], [ 349000.481527332798578, 5590090.198285967111588 ], [ 349000.0, 5590100.0 ] ], [ [ 359086.477712817431893, 5597550.0 ], [ 359088.192126434820239, 5597547.13967368286103 ], [ 359092.387953251134604, 5597538.268343236297369 ], [ 359095.69403357320698, 5597529.028467725031078 ], [ 359098.078528040321544, 5597519.509032201953232 ], [ 359099.518472667201422, 5597509.801714032888412 ], [ 359100.0, 5597500.0 ], [ 359100.0, 5597600.0 ], [ 359099.518472667201422, 5597590.198285967111588 ], [ 359098.078528040321544, 5597580.490967798046768 ], [ 359095.69403357320698, 5597570.971532274968922 ], [ 359092.387953251134604, 5597561.731656763702631 ], [ 359088.192126434820239, 5597552.86032631713897 ], [ 359086.477712817431893, 5597550.0 ] ], [ [ 358000.0, 5597500.0 ], [ 358000.0, 5597400.0 ], [ 358000.481527332798578, 5597409.801714032888412 ], [ 358001.921471959678456, 5597419.509032201953232 ], [ 358004.30596642679302, 5597429.028467725031078 ], [ 358007.612046748865396, 5597438.268343236297369 ], [ 358011.807873565179761, 5597447.13967368286103 ], [ 358013.522287182568107, 5597450.0 ], [ 358011.807873565179761, 5597452.86032631713897 ], [ 358007.612046748865396, 5597461.731656763702631 ], [ 358004.30596642679302, 5597470.971532274968922 ], [ 358001.921471959678456, 5597480.490967798046768 ], [ 358000.481527332798578, 5597490.198285967111588 ], [ 358000.0, 5597500.0 ] ], [ [ 350100.0, 5590800.0 ], [ 350100.0, 5590700.0 ], [ 350100.481527332798578, 5590709.801714032888412 ], [ 350101.921471959678456, 5590719.509032201953232 ], [ 350104.30596642679302, 5590729.028467725031078 ], [ 350107.612046748865396, 5590738.268343236297369 ], [ 350111.807873565179761, 5590747.13967368286103 ], [ 350116.853038769739214, 5590755.557023301720619 ], [ 350122.698954663705081, 5590763.439328416250646 ], [ 350129.289321881369688, 5590770.710678118281066 ], [ 350136.560671583632939, 5590777.301045335829258 ], [ 350144.44297669804655, 5590783.146961229853332 ], [ 350152.860326317371801, 5590788.192126435227692 ], [ 350161.7316567634698, 5590792.387953250668943 ], [ 350170.971532274561469, 5590795.694033573381603 ], [ 350180.490967798396014, 5590798.078528040088713 ], [ 350190.19828596705338, 5590799.518472666852176 ], [ 350200.0, 5590800.0 ], [ 350200.0, 5590900.0 ], [ 350199.518472667201422, 5590890.198285967111588 ], [ 350198.078528040321544, 5590880.490967798046768 ], [ 350195.69403357320698, 5590870.971532274968922 ], [ 350192.387953251134604, 5590861.731656763702631 ], [ 350188.192126434820239, 5590852.86032631713897 ], [ 350183.146961230260786, 5590844.442976698279381 ], [ 350177.301045336294919, 5590836.560671583749354 ], [ 350170.710678118630312, 5590829.289321881718934 ], [ 350163.439328416367061, 5590822.698954664170742 ], [ 350155.55702330195345, 5590816.853038770146668 ], [ 350147.139673682628199, 5590811.807873564772308 ], [ 350138.2683432365302, 5590807.612046749331057 ], [ 350129.028467725438531, 5590804.305966426618397 ], [ 350119.509032201603986, 5590801.921471959911287 ], [ 350109.80171403294662, 5590800.481527333147824 ], [ 350100.0, 5590800.0 ] ] ], [ [ [ 353100.0, 5589200.0 ], [ 353200.0, 5589200.0 ], [ 353209.80171403294662, 5589199.518472666852176 ], [ 353219.509032201603986, 5589198.078528040088713 ], [ 353229.028467725438531, 5589195.694033573381603 ], [ 353238.2683432365302, 5589192.387953250668943 ], [ 353247.139673682628199, 5589188.192126435227692 ], [ 353255.55702330195345, 5589183.146961229853332 ], [ 353263.439328416367061, 5589177.301045335829258 ], [ 353270.710678118630312, 5589170.710678118281066 ], [ 353277.301045336294919, 5589163.439328416250646 ], [ 353283.146961230260786, 5589155.557023301720619 ], [ 353288.192126434820239, 5589147.13967368286103 ], [ 353292.387953251134604, 5589138.268343236297369 ], [ 353295.69403357320698, 5589129.028467725031078 ], [ 353298.078528040321544, 5589119.509032201953232 ], [ 353299.518472667201422, 5589109.801714032888412 ], [ 353300.0, 5589100.0 ], [ 353300.0, 5588900.0 ], [ 353299.518472667201422, 5588890.198285967111588 ], [ 353298.078528040321544, 5588880.490967798046768 ], [ 353295.69403357320698, 5588870.971532274968922 ], [ 353292.387953251134604, 5588861.731656763702631 ], [ 353288.192126434820239, 5588852.86032631713897 ], [ 353283.146961230260786, 5588844.442976698279381 ], [ 353277.301045336294919, 5588836.560671583749354 ], [ 353270.710678118630312, 5588829.289321881718934 ], [ 353263.439328416367061, 5588822.698954664170742 ], [ 353255.55702330195345, 5588816.853038770146668 ], [ 353247.139673682628199, 5588811.807873564772308 ], [ 353238.2683432365302, 5588807.612046749331057 ], [ 353229.028467725438531, 5588804.305966426618397 ], [ 353219.509032201603986, 5588801.921471959911287 ], [ 353209.80171403294662, 5588800.481527333147824 ], [ 353200.0, 5588800.0 ], [ 353100.0, 5588800.0 ], [ 353090.19828596705338, 5588800.481527333147824 ], [ 353080.490967798396014, 5588801.921471959911287 ], [ 353070.971532274561469, 5588804.305966426618397 ], [ 353061.7316567634698, 5588807.612046749331057 ], [ 353052.860326317371801, 5588811.807873564772308 ], [ 353044.44297669804655, 5588816.853038770146668 ], [ 353036.560671583632939, 5588822.698954664170742 ], [ 353029.289321881369688, 5588829.289321881718934 ], [ 353022.698954663705081, 5588836.560671583749354 ], [ 353016.853038769739214, 5588844.442976698279381 ], [ 353011.807873565179761, 5588852.86032631713897 ], [ 353007.612046748865396, 5588861.731656763702631 ], [ 353004.30596642679302, 5588870.971532274968922 ], [ 353001.921471959678456, 5588880.490967798046768 ], [ 353000.481527332798578, 5588890.198285967111588 ], [ 353000.0, 5588900.0 ], [ 353000.0, 5589100.0 ], [ 353000.481527332798578, 5589109.801714032888412 ], [ 353001.921471959678456, 5589119.509032201953232 ], [ 353004.30596642679302, 5589129.028467725031078 ], [ 353007.612046748865396, 5589138.268343236297369 ], [ 353011.807873565179761, 5589147.13967368286103 ], [ 353016.853038769739214, 5589155.557023301720619 ], [ 353022.698954663705081, 5589163.439328416250646 ], [ 353029.289321881369688, 5589170.710678118281066 ], [ 353036.560671583632939, 5589177.301045335829258 ], [ 353044.44297669804655, 5589183.146961229853332 ], [ 353052.860326317371801, 5589188.192126435227692 ], [ 353061.7316567634698, 5589192.387953250668943 ], [ 353070.971532274561469, 5589195.694033573381603 ], [ 353080.490967798396014, 5589198.078528040088713 ], [ 353090.19828596705338, 5589199.518472666852176 ], [ 353100.0, 5589200.0 ] ] ], [ [ [ 353400.0, 5591700.0 ], [ 353390.19828596705338, 5591700.481527333147824 ], [ 353380.490967798396014, 5591701.921471959911287 ], [ 353370.971532274561469, 5591704.305966426618397 ], [ 353361.7316567634698, 5591707.612046749331057 ], [ 353352.860326317371801, 5591711.807873564772308 ], [ 353344.44297669804655, 5591716.853038770146668 ], [ 353336.560671583632939, 5591722.698954664170742 ], [ 353329.289321881369688, 5591729.289321881718934 ], [ 353322.698954663705081, 5591736.560671583749354 ], [ 353316.853038769739214, 5591744.442976698279381 ], [ 353311.807873565179761, 5591752.86032631713897 ], [ 353307.612046748865396, 5591761.731656763702631 ], [ 353304.30596642679302, 5591770.971532274968922 ], [ 353301.921471959678456, 5591780.490967798046768 ], [ 353300.481527332798578, 5591790.198285967111588 ], [ 353300.0, 5591800.0 ], [ 353300.0, 5591900.0 ], [ 353300.481527332798578, 5591909.801714032888412 ], [ 353301.921471959678456, 5591919.509032201953232 ], [ 353304.30596642679302, 5591929.028467725031078 ], [ 353307.612046748865396, 5591938.268343236297369 ], [ 353311.807873565179761, 5591947.13967368286103 ], [ 353316.853038769739214, 5591955.557023301720619 ], [ 353322.698954663705081, 5591963.439328416250646 ], [ 353329.289321881369688, 5591970.710678118281066 ], [ 353336.560671583632939, 5591977.301045335829258 ], [ 353344.44297669804655, 5591983.146961229853332 ], [ 353352.860326317371801, 5591988.192126435227692 ], [ 353361.7316567634698, 5591992.387953250668943 ], [ 353370.971532274561469, 5591995.694033573381603 ], [ 353380.490967798396014, 5591998.078528040088713 ], [ 353390.19828596705338, 5591999.518472666852176 ], [ 353400.0, 5592000.0 ], [ 353500.0, 5592000.0 ], [ 353509.80171403294662, 5591999.518472666852176 ], [ 353519.509032201603986, 5591998.078528040088713 ], [ 353529.028467725438531, 5591995.694033573381603 ], [ 353538.2683432365302, 5591992.387953250668943 ], [ 353547.139673682628199, 5591988.192126435227692 ], [ 353555.55702330195345, 5591983.146961229853332 ], [ 353563.439328416367061, 5591977.301045335829258 ], [ 353570.710678118630312, 5591970.710678118281066 ], [ 353577.301045336294919, 5591963.439328416250646 ], [ 353583.146961230260786, 5591955.557023301720619 ], [ 353588.192126434820239, 5591947.13967368286103 ], [ 353592.387953251134604, 5591938.268343236297369 ], [ 353595.69403357320698, 5591929.028467725031078 ], [ 353598.078528040321544, 5591919.509032201953232 ], [ 353599.518472667201422, 5591909.801714032888412 ], [ 353600.0, 5591900.0 ], [ 353600.0, 5591800.0 ], [ 353599.518472667201422, 5591790.198285967111588 ], [ 353598.078528040321544, 5591780.490967798046768 ], [ 353595.69403357320698, 5591770.971532274968922 ], [ 353592.387953251134604, 5591761.731656763702631 ], [ 353588.192126434820239, 5591752.86032631713897 ], [ 353583.146961230260786, 5591744.442976698279381 ], [ 353577.301045336294919, 5591736.560671583749354 ], [ 353570.710678118630312, 5591729.289321881718934 ], [ 353563.439328416367061, 5591722.698954664170742 ], [ 353555.55702330195345, 5591716.853038770146668 ], [ 353547.139673682628199, 5591711.807873564772308 ], [ 353538.2683432365302, 5591707.612046749331057 ], [ 353529.028467725438531, 5591704.305966426618397 ], [ 353519.509032201603986, 5591701.921471959911287 ], [ 353509.80171403294662, 5591700.481527333147824 ], [ 353500.0, 5591700.0 ], [ 353400.0, 5591700.0 ] ] ] ] } }
]
}
